type,value,source
domain,aib-secure.online,public
domain,authaib.online,public
domain,365boi-secure.online,public
domain,standardbank.za-account.com,public
domain,boi.secure-365.online,public
domain,permanenttsb.ie-verify.online,public
domain,informationru.com,public
domain,permanenttsb.ie-secure.com,public
domain,permanenttsb.ie-apps.online,public
domain,boi.secured-365.online,public
domain,boi.secure365.ie-apps.services,public
domain,boi.ie-365secure.online,public
domain,boi.ie-verify.com,public
domain,amz.quest,public
domain,boi.ie-ie.online,public
domain,bbva.es-mi.cc,public
domain,365-secureboi.com,public
domain,boi.group-ie-live.com,public
domain,boi.ie-365verify.online,public
domain,boi.ie-secure365.com,public
domain,boi.ie-verify365.com,public
domain,1netflix-service.com,public
domain,boi-verify.online,public
domain,365-secure.online,public
domain,secure.365-ie.online,public
domain,es-app.online,public
domain,bbva.es-app.online,public
domain,bbva.mi-app.cc,public
domain,bbva.es-cc.info,public
domain,secureboi365-service.online,public
domain,my-online-support.com,public
domain,www.my-online-support.com,public
domain,log.my-online-support.com,public
domain,365secure-boi.info,public
domain,boi.365boiaccoutactivity.com,public
domain,bbva.es-cuenta.com,public
domain,securelink-verification.com,public
domain,etinteca73fc.cc,public
domain,securelink-transfer.com,public
domain,depositrefundcra.com,public
domain,bbva.app-es.cc,public
domain,aib.ie-online.services,public
domain,365boi-secure.info,public
domain,365boisecure.info,public
domain,rec4ptcha-sco19.online,public
domain,bbva.es-app.info,public
domain,azn3824.com,public
domain,365secureboi.info,public
domain,secureopen24-online.info,public
domain,boi-app.info,public
domain,cresavge7294.online,public
domain,telus-overcharge.ca,public
domain,telus-redirect.com,public
domain,boi-online365.info,public
domain,secure-aib.info,public
domain,365-online.in,public
domain,daserver3195.online,public
domain,bbva.esapp.cc,public
domain,n3tfl33ex.com,public
domain,caserkd7622.online,public
domain,deveslo5205.online,public
domain,365-secure.info,public
domain,365secure-online.info,public
domain,funndscollectionss.ca,public
domain,amazingre.fund,public
domain,bbva.es-mi.info,public
domain,boisecure.info,public
domain,554scotialine891.ca,public
domain,secureverifyscotia2231.ca,public
domain,cesver2822.online,public
domain,devosla0459.online,public
domain,client-r8f43.com,public
domain,amazaoncustomersec.com,public
domain,fundcollection2.fund,public
domain,processedrefund.com,public
domain,aib.ie-verify.services,public
domain,secureaib-online.info,public
domain,bbva.es-mi.co,public
domain,supportwebclients.com,public
domain,454paymentrefund21.fund,public
domain,fund22collections33.fund,public
domain,scotiaonline.duckdns.org,public
domain,permanenttsb.ie-open24co,public
domain,permanenttsb.ie-open24.co,public
domain,aibsecure-online.info,public
domain,open24-secureonline.info,public
domain,billrefund.live,public
domain,69vmbv.vps9.in,public
domain,secureweb.wiki,public
domain,accept.ink,public
domain,interact.hopto.org,public
domain,365online-boisecure.info,public
domain,permanenttsb.ie-open24.com,public
domain,interpaycan.ru,public
domain,canadagov.ddns.net,public
domain,365-boionline.info,public
domain,deposite.digital,public
domain,secure365-online.info,public
domain,open24-online.info,public
domain,id-sperret.com,public
domain,interac.services,public
domain,netflixtv.ca,public
domain,sperret-id.com,public
domain,deposite.live,public
domain,boimobile-365.info,public
domain,open24secure-online.info,public
domain,permanenttsb.ie-open24.info,public
domain,ptsb.ie-open24.info,public
domain,helpsaleservices.gq,public
domain,amazon.helponline.services,public
domain,helpsaleservices.ml,public
domain,permanenttsb-online.info,public
domain,bankid.cc,public
domain,aib.ie-suspended.online,public
domain,sperretsikkerhetid.com,public
domain,deposite.info,public
domain,websecure.live,public
domain,securedweb.live,public
domain,no.bank-id.cc,public
domain,carrierbilling.info,public
domain,transfproc.com,public
domain,nab.com-au.info,public
domain,cansafcust.com,public
domain,ptsb.ie-open24.in,public
domain,acceptyourfunds.com,public
domain,boftyy.com,public
domain,thankzx.sbs,public
domain,labsterr.com,public
domain,online-refbillclient.com,public
domain,online-infosclient.com,public
domain,aib.ie-access.info,public
domain,aib.ie-login.online,public
domain,bankid.pw,public
domain,aib.ie-secure.info,public
domain,idsikker.com,public
domain,bruckyy.com,public
domain,bosserss.com,public
domain,nab.com-au.pw,public
domain,ceserva7319.online,public
domain,secure-permanenttsb.info,public
domain,deolisva4280.online,public
domain,permanenttsb-secure.com,public
domain,amazon.onlineinfo.help,public
domain,bank-id.in,public
domain,celeser6104.online,public
domain,ptsb-ie.online,public
domain,winearnings.com,public
domain,secure-onlinepermanenttsb.info,public
domain,bank-id.no-no.in,public
domain,idsikkerhet.com,public
domain,aib.ie-secure.in,public
domain,interarc.ca,public
domain,75.127.11.41,public
domain,taxsercuritycanada.com,public
domain,fundscollect.ca,public
domain,www.taxsercuritycanada.com,public
domain,td-trustauthentif2fa.com,public
domain,td-trustauthentif.com,public
domain,online-serviceinfosclient.com,public
domain,service-onlineinfosclient.com,public
domain,secure-cdn-interac.com,public
domain,deposite-net.live,public
domain,ref-onlineclientinfos.com,public
domain,online-infosbillclient.com,public
domain,interac-emt.com,public
domain,cyberteam-scotiabank.com,public
domain,interactonline.net,public
domain,nab.au-com.online,public
domain,interact.company,public
domain,global-mobile-data.online,public
domain,ref-infosbill.com,public
domain,mobile-supports.com,public
domain,mobile-global-data.online,public
domain,permanenttsb-ie.info,public
domain,mobiledata-global.online,public
domain,captchavalidation.online,public
domain,www.cdn1-netflix.com,public
domain,185.191.32.154,public
domain,permanenttsbonline-secure.info,public
domain,netflixhd.ca,public
domain,sec3ured-1recov3rnow.com,public
domain,idsikre.com,public
domain,aib.ie-secured.info,public
domain,sec1urd3-deprtmnt12.com,public
domain,depositdecember-icomereturn.cf,public
domain,depositdecember-incomereturn.cf,public
domain,nab-au.online,public
domain,sec1urd3-deprtmnt12online.com,public
domain,craonline-headline-accept-return,public
domain,captchacra-online-next.ga,public
domain,cra-online-accept-return.cf,public
domain,sikreidentitet.com,public
domain,employementgovreturn.com,public
domain,securecdn1-netflix.com,public
domain,login.securecdn1-netflix.com,public
domain,catransfer119.live,public
domain,amazonca.classactionpayment.com,public
domain,bancosantander.es-seguro.info,public
domain,rogers-communication-overcharge.,public
domain,rogers-communication-ovearcharge,public
domain,december-return-bc.ml,public
domain,invoice79-122021cra.ml,public
domain,bancosantander.es-es.pw,public
domain,www.invoice79-122021cra.ml,public
domain,cajamar.es-es.pw,public
domain,reclaim-annual-reward.com,public
domain,claim-annual-reward.com,public
domain,scotiabank.capital,public
domain,www.interac-emt.com,public
domain,cancel-otp-request.ml,public
domain,bankid.no-nett-info.com,public
domain,tinyurl.com/2p83hch8,public
domain,uberpromocode75off.ml,public
domain,employementreturn.info,public
domain,employementgov.online,public
domain,bankid.no-no.cc,public
domain,onlinecaptchavalidation.ml,public
domain,refbill-telusoneview.ml,public
domain,scotlaonllne3019.ca,public
domain,freedomrefundprogram.info,public
domain,refbill-rogerswirelessoneview.ml,public
domain,securecdn-amazon.com,public
domain,bbva.es-app.net,public
domain,ca-amazon-recovrry.com,public
domain,permanenttsb-ie-secure.info,public
domain,cajamar.es-es.link,public
domain,freedomprogram.xyz,public
domain,santander.es-es.link,public
domain,refbill-bellwirelesscanada.ml,public
domain,permanenttsb-ie-alert.com,public
domain,bankid.no-nett.info,public
domain,n26.fr-compte-info.com,public
domain,securemobile-clientinfos.com,public
domain,securemobile-client.com,public
domain,privat24.ua-ua.info,public
domain,bell-overcharge.ca,public
domain,bell-overcharges.ca,public
domain,e-refbill-available.ml,public
domain,www.satander.li,public
domain,efqperotu1.ca,public
domain,refundjanuary978626.tk,public
domain,flashrewards-request.ml,public
domain,permanenttsb.ie-online.info,public
domain,bankid.no-sperret.info,public
domain,canada-deposit-infosplus.com,public
domain,canada-deposit-infos.com,public
domain,myaccount-amazonsecure.com,public
domain,365-confirm.com,public
domain,permanenttsb-ie-open24.info,public
domain,tknskidhjlp.com,public
domain,claim-annual-rewards.ca,public
domain,claim-annual-reward.ca,public
domain,netflixenligne.com,public
domain,bankid.no-no.link,public
domain,bankid.no-sperret.net,public
domain,financial-assistance-infos.com,public
domain,financial-assistance-direct.com,public
domain,freedomrefundprogram.top,public
domain,mobility-carrier-infosplus.com,public
domain,mobility-carrier-infos.com,public
domain,cesrave2389.online,public
domain,deleave3794.online,public
domain,servicesupport.ca,public
domain,annual-rewards-claim.ca,public
domain,annual-reward-claim.ca,public
domain,help-center.ca,public
domain,aib-ie-confirmation.com,public
domain,overpaymentprogramfreedom.xyz,public
domain,claim-membership-rewards.ca,public
domain,claim-membership-reward.ca,public
domain,applybmo.lockdownbenefit.info,public
domain,applyrbc.lockdownbenefit.info,public
domain,applyscotia.lockdownbenefit.info,public
domain,applyatb.lockdownbenefit.info,public
domain,timhortonsfreegiveaway.ca,public
domain,applysimpli.lockdownbenefit.info,public
domain,applycibc.lockdownbenefit.info,public
domain,applytd.lockdownbenefit.info,public
domain,action-eibenefitscra-mobile.ml,public
domain,clevaden4801.online,public
domain,wirelessbillreturn.online,public
domain,net.bankid-sperret.com,public
domain,permanenttsb-ie.co,public
domain,employementgovca.info,public
domain,employementgovca.xyz,public
domain,billpaycanada.online,public
domain,bell-interac.serveirc.com,public
domain,cescage2957.online,public
domain,billpayreturn.online,public
domain,amazonbilling.support,public
domain,bell-pay.servebeer.com,public
domain,amazoncaptcha.com,public
domain,payment-reimburse.servepics.com,public
domain,formuletax.com,public
domain,mobilityreturn.online,public
domain,cadmobilityreturn.online,public
domain,interac.rip,public
domain,inter-reimburse.3utilities.com,public
domain,interac-captcha.com,public
domain,cadreturn.online,public
domain,mobilitycadreturn.online,public
domain,permanenttsb-secured.info,public
domain,ebill-fidosolutionswirelesspromo,public
domain,carrier-mobile-departement.com,public
domain,carrier-mobile-direct.com,public
domain,onlineaibhelp-service.com,public
domain,wirelessreturn.online,public
domain,wirelessreturncad.online,public
domain,permanenttsb-ie-secure.com,public
domain,account-settings.info,public
domain,sperret.nett-bankid.com,public
domain,permanenttsb-secured.co,public
domain,hydroone.xyz,public
domain,open24helponline.com,public
domain,online-permanenttsb.info,public
domain,ptsb-ie-secure.com,public
domain,luminor.lt-prisijungti.com,public
domain,onlineservicehelp-updated.com,public
domain,reimbursementcad.online,public
domain,mobilityreimbursementcad.online,public
domain,wirelesscad.online,public
domain,wirelessreimbursementcad.online,public
domain,ebill-petrocanadapurchaseovercha,public
domain,ministryofhealthref.ca,public
domain,eiclaimusers.tk,public
domain,permanenttsb-info.cc,public
domain,bankid.sperret-nett.com,public
domain,open24-review.com,public
domain,my-bell.serveirc.com,public
domain,onlinemobileaib-update.com,public
domain,open24security-online.com,public
domain,eibenefitscra-mobile.ml,public
domain,suport-help.info,public
domain,supporthelp.info,public
domain,mobilereturncaptcha.ga,public
domain,permanenttsb-secured.cc,public
domain,ministrytransf.ca,public
domain,employementreturngov.site,public
domain,employementreturngov.online,public
domain,ptsb.ie-secure-open24.info,public
domain,onlinereactivation-service.com,public
domain,ptsb.ie-secure-open24.com,public
domain,factumensremb.ca,public
domain,fundstranfer.com,public
domain,9182.uidinterac.ca,public
domain,e-rogersmobileview.ga,public
domain,royal2022update.com,public
domain,bellbillrefund.info,public
domain,onlineviewbellalianttelecom-retu,public
domain,carriertransferfunds.ca,public
domain,mobilebellview.ml,public
domain,carrier-mobile-fundsinfos.com,public
domain,carrier-mobile-funds.com,public
domain,directlytransferdeposit.com,public
domain,transferdepositclients.com,public
domain,intrac-bell.xyz,public
domain,permanenttsb-secureonline.info,public
domain,open24onlinereview.com,public
domain,alert-scotiamobileview.ml,public
domain,et-interac-ca-sh-gh6op25bfr.ml,public
domain,etonlinebellmobilitycanadaview.m,public
domain,wirelessonlinebellmobilitycanada,public
domain,processingreturnworkbench.tk,public
domain,www.robotcheckprocessing.tk,public
domain,robotcheckprocessing.tk,public
domain,annual-membership-rewards.ca,public
domain,membership-annual-rewards.ca,public
domain,open24service-update.com,public
domain,onlineboiservice-mobile.com,public
domain,mobility-refund.ca,public
domain,accountrecovering.ca,public
domain,mobility-refunds.com,public
domain,ptsb.ie-secure24-open.info,public
domain,ptsb.ie-secure-open24.online,public
domain,ptsb.ie-open24-secure.com,public
domain,permanenttsb-secureonline.com,public
domain,ptsb-secure.info,public
domain,permanenttsbonline-secure.com,public
domain,interacemobile.bounceme.net,public
domain,amazonsecure-transfer.com,public
domain,amazonsecure-transfers.com,public
domain,ca-amazon.net,public
domain,catransferz.com,public
domain,employementclient.online,public
domain,ptsb.ie-sec-open24.com,public
domain,mobileviewamazon.ml,public
domain,postnord.norsk-no.com,public
domain,permanenttsb-secured.co.in,public
domain,netflixcheckinginfoprocessingrequest.ml,public
domain,caatransfers.com,public
domain,mobile-carrier-customer.com,public
domain,mobile-carrier-deposit.com,public
domain,ptsb.ie-open24-online.com,public
domain,postnord.no-no.pw,public
domain,login.neftlixsupport.live,public
domain,neftlixsupport.live,public
domain,rogerscredit.online,public
domain,permanenttsb-info.co.in,public
domain,rogerscredit.org,public
domain,netflixsupport.club,public
domain,amazon-ref.tk,public
domain,interacinquirys.com,public
domain,interacinfo.com,public
domain,n3tf-ix.serveblog.net,public
domain,permanenttsb.ie-open24-access.com,public
domain,memberslogin-amazon.com,public
domain,ptsb.open24-ire.com,public
domain,ptsb.ie-open24-co.com,public
domain,login.amazon-support.xyz,public
domain,amazon-support.xyz,public
domain,boi.ie-secure-co.com,public
domain,rogers.credit,public
domain,permanenttsb.ie-open24-activity.com,public
domain,permanenttsb-secure.co.in,public
domain,ptsb.ie-secure-open.com,public
domain,permanenttsbsecure-online.com,public
domain,online.halimobile.com,public
domain,walmart.etransfer-ca.online,public
domain,lnteracmobile.com,public
domain,et-interac-ca-sh-hydro6op25bf-com.ml,public
domain,lnteracfido.com,public
domain,lloyds.secure-online-ce.com,public
domain,annual-clubmember-rewards.ca,public
domain,annual-clubmember-reward.ca,public
domain,permanenttsb-info.co,public
domain,1mobilityclaim.com,public
domain,1mobilityca.com,public
domain,permanenttsb.ie-open24-info.com,public
domain,rogerscredit.ca,public
domain,ciaims-interac.com,public
domain,claims-interac.com,public
domain,claim-interac.com,public
domain,clubmember-annual-rewards.ca,public
domain,clubmember-annual-reward.ca,public
domain,membersarea-netflix.com,public
domain,www.membersarea-netflix.com,public
domain,postnord.no-no.top,public
domain,interac-pay.com,public
domain,login.interac-pay.com,public
domain,online.mobile-hali.com,public
domain,ptsb.ie-open-secure.com,public
domain,lloyds.activity-info.com,public
domain,interactext.com,public
domain,interacvia.com,public
domain,permanenttsb-open24.co,public
domain,app.gustod.com,public
domain,supportagencyclients.com,public
domain,agencesecuritycarrier.com,public
domain,nbg.i-bank.click,public
domain,permanenttsb-open24-info.co,public
domain,standardbank-login1.com,public
domain,amazon.onlineinfo.services,public
domain,lnterac7s.com,public
domain,minaly.myvnc.com,public
domain,register-newdev.com,public
domain,clientupdaterbcauth.com,public
domain,open24.ie-restore-access.com,public
domain,permanenttsb.ie-restore-access.com,public
domain,standardbanklogin1.com,public
domain,help-easyweb.com,public
domain,blelly.bond,public
domain,cra-deposit.com,public
domain,transferinfos.com,public
domain,interacincoming.com,public
domain,ptsb-open24.co,public
domain,post.nordweb.cc,public
domain,ptsb-restore.co,public
domain,cradeposit.com,public
domain,helpdesk-amazonltd.com,public
domain,login.helpdesk-amazonltd.com,public
domain,ca.helpdesk-amazonltd.com,public
domain,ca-et-3948.live,public
domain,ca-et-39488.live,public
domain,employmentrevenuereturn.online,public
domain,tpsreturn.com,public
domain,employmentrevenueclient.online,public
domain,deposittps.com,public
domain,et-ca9384.live,public
domain,et-ca93844.live,public
domain,interaclink.com,public
domain,interacsite.com,public
domain,profileupdate-amazon.com,public
domain,online.clearscoretsb.com,public
domain,online.santanclearscore.com,public
domain,365-boionline.com,public
domain,online.clearscorenation.com,public
domain,online.llyodsclearscore.com,public
domain,et-ca3401.live,public
domain,et-ca34011.live,public
domain,amazon.helpservice.support,public
domain,santander.es-es.top,public
domain,online.halimobisupport.com,public
domain,ca-et34399.live,public
domain,ca-et-3439.live,public
domain,claimtps.com,public
domain,tvqreturn.com,public
domain,ptsb-access-co.com,public
domain,permanenttsbonline.info,public
domain,ptsb-restore.com,public
domain,et-ca4235.live,public
domain,et-ca42355.live,public
domain,returntvq.com,public
domain,clientupdate.ga,public
domain,agency-client.com,public
domain,alert-netflixuk.co.uk,public
domain,agency-clientinfos.com,public
domain,tvqca.com,public
domain,tvqclaim.com,public
domain,claimtvq.com,public
domain,mytvq.com,public
domain,ca-et3698.live,public
domain,ca-et36988.live,public
domain,netflixresolve-alert.com,public
domain,amazonsupport.xyz,public
domain,login.amazonsupport.xyz,public
domain,amazon.aws-ca.services,public
domain,tf-ca-2390.live,public
domain,tf-ca-23900.live,public
domain,amazon.onlineservice.support,public
domain,tpcareturn.com,public
domain,rogersmobileview.ml,public
domain,tpcaaccepted.com,public
domain,flixdetreview.com,public
domain,detreview.com,public
domain,permanentsb-open24.net,public
domain,ca-et11099.live,public
domain,ca-et1109.live,public
domain,ptsb-restore-info.cc,public
domain,open24online.info,public
domain,online.mobihalireview.com,public
domain,rogersmobileview.cf,public
domain,et-ca-5563.live,public
domain,et-ca-55633.live,public
domain,mobileviewrogers.ml,public
domain,mobileviewrogers.cf,public
domain,boi.ie-365.info,public
domain,et-ca-3319.live,public
domain,et-ca-33199.live,public
domain,rogerswirelessmobileview-com.ml,public
domain,bol.ie-365.info,public
domain,boi.ie-ie.top,public
domain,ca-et-72799.live,public
domain,ca-et-7279.live,public
domain,onlineaibreview-service.com,public
domain,online24security-service.com,public
domain,auth-canada.com,public
domain,open24-secure.com,public
domain,lnterac1s.com,public
domain,lloyds.request-co-setup.com,public
domain,ca-et-55211.live,public
domain,ca-et-5521.live,public
domain,lnterac3s.com,public
domain,permanenttsb-restore.co,public
domain,bol.ie-365.review,public
domain,permanenttsb-access.com,public
domain,secure-open-resolve.com,public
domain,et-ca-8945.live,public
domain,et-ca-89455.live,public
domain,lloyds.secure-open-resolve.com,public
domain,halifax.mobileonline-team.com,public
domain,permanenttsb-support.co,public
domain,online24review-service.com,public
domain,employment-login.com,public
domain,employment-startlogin.com,public
domain,ca-et-6548.live,public
domain,ca-et-65488.live,public
domain,open24.mobialert-ie.com,public
domain,permanenttsb-supported.co,public
domain,open24online-helpservice.com,public
domain,secure-open24.info,public
domain,boi.irl-ie.com,public
domain,open24.mobisupport-ie.com,public
domain,postnord-no.com,public
domain,permanenttsb-supportive.co,public
domain,ca-et-2131.live,public
domain,ca-et-21311.live,public
domain,resolve-alert.com,public
domain,bbva.app-es.top,public
domain,interace-transferpayment.online,public
domain,interace-transfer.online,public
domain,employment-ca-login.com,public
domain,employment-ca-service.com,public
domain,depositpayment.online,public
domain,et-ca-25433.live,public
domain,et-ca-2543.live,public
domain,paymentdepoist.online,public
domain,open24.supportmobionline.com,public
domain,open24secureonline-service.com,public
domain,aibsecureonline-service.com,public
domain,open24service-secure.com,public
domain,permanenttsb-open.com,public
domain,ptsb.irl-ie.com,public
domain,tf-ca-90655.live,public
domain,tf-ca-9065.live,public
domain,e-transferpayment.online,public
domain,paymentdeposit.online,public
domain,claimdeposit.online,public
domain,et-ca-65488.live,public
domain,et-ca-6548.live,public
domain,open24.supportonlinemobi.com,public
domain,open24onlinehelp-support.com,public
domain,onlineboisupport-services.com,public
domain,onlineservice-support.com,public
domain,et-ca-38344.live,public
domain,et-ca-3834.live,public
domain,e-transferdeposit.online,public
domain,acceptdeposit.online,public
domain,etransferdepot.com,public
domain,ca-et-65455.live,public
domain,ca-et-6545.live,public
domain,open24security-onlineservice.com,public
domain,onlineaibsecurity-review.com,public
domain,permanenttsb.ie-restore.info,public
domain,et-ca-1109.live,public
domain,et-ca-11099.live,public
domain,helpforcitizensinbc.com,public
domain,citizensinbchelp.com,public
domain,open24.mobisupportonline.com,public
domain,interaclive.com,public
domain,interacnet.com,public
domain,scotianetwork.com,public
domain,open24-secureonline.com,public
domain,permanenttsb-ie-open24.co,public
domain,open24service-reviews.com,public
domain,aibsecurity-service.com,public
domain,permanentsb-open24.com,public
domain,open24.mobireviewonline.com,public
domain,telusdepot.com,public
domain,onlineaibmobi-service.com,public
domain,open-resolve-secure.com,public
domain,lioyds.open-resolve-secure.com,public
domain,lnterac2s.com,public
domain,open24security-onlineupdate.com,public
domain,deposite-transfer.online,public
domain,deposittransfer.online,public
domain,logingourvcovd.com,public
domain,benefitgouvrcovd.com,public
domain,telmobiledepot.com,public
domain,bnz.co-nz.top,public
domain,in-telmobility.com,public
domain,e-transferconfirm.online,public
domain,depositconfirm.online,public
domain,permanenttsb-open24-restore.cc,public
domain,aibonlinesecuremobi-service.com,public
domain,open24serviceupdate-online.com,public
domain,permanenttsb-support.info,public
domain,open24.mobi-onlinesupport.com,public
domain,open24updatedservice-online.com,public
domain,permanenttsb-reinstall.co,public
domain,permanenttsbsecure.info,public
domain,open24-restore.com,public
domain,employmentclient.click,public
domain,employmentrevenuereturn.xyz,public
domain,bnz.co-nz.com,public
domain,ca-amazon.xyz,public
domain,login.ca-amazon.xyz,public
domain,permanenttsb.ie-support.com,public
domain,open24.mobi-onlinesupportie.com,public
domain,permanenttsb-supported.info,public
domain,open24securityonline-service.com,public
domain,e-transferrepay.online,public
domain,billrepay.online,public
domain,accessecurite.site,public
domain,permanenttsb-restore.in,public
domain,permanenttsb.ie-secure-open.com,public
domain,ee-promo.com,public
domain,open24.mobileonlinesupport-ie.com,public
domain,lnterac4s.com,public
domain,open24paymentservice-review.com,public
domain,ca-et-39911.live,public
domain,ca-et-3991.live,public
domain,telreturncarrier.bond,public
domain,open24onlinesecurity.com,public
domain,onlinesecure-boiservice.com,public
domain,open24restore.com,public
domain,permanenttsb.open-24-secure.com,public
domain,permanenttsb-info.in,public
domain,open24.mobileonlinesupportie.com,public
domain,ca-et-9936.live,public
domain,ca-et-99366.live,public
domain,open24onlinesecurity-service.com,public
domain,amazoncanada.xyz,public
domain,amazoncdn.xyz,public
domain,open24serviceonline.com,public
domain,hu5xjdtmq43pbrcx7.xyz,public
domain,amazonsupportca.xyz,public
domain,1arx8kahnbc12vg.xyz,public
domain,interac-pay.net,public
domain,interac-pay.xyz,public
domain,interacwirelessbill.online,public
domain,wirelessbill.online,public
domain,et-ca-86422.live,public
domain,et-ca-8642.live,public
domain,bnz.co-nz.info,public
domain,amazon-verified.xyz,public
domain,amazonsecured.xyz,public
domain,amazonsecuredca.xyz,public
domain,verifyamazon.xyz,public
domain,securedamazon.xyz,public
domain,verified-amazon.xyz,public
domain,amazonverified.xyz,public
domain,open24.mobilesupportie.com,public
domain,amzncanadawebservices.com,public
domain,amzcanadawebservices.com,public
domain,primeca-amazon.com,public
domain,caprime-amazon.com,public
domain,permanenttsb.secure-open-24.com,public
domain,permanenttsb-resecure.info,public
domain,ca-et-54477.live,public
domain,ca-et-5447.live,public
domain,interactpay.ddns.net,public
domain,reclaimcreditreconpense.com,public
domain,typqcanreturn.com,public
domain,typqcanhelp.com,public
domain,assuranceinfoscreditreconpense.com,public
domain,ee-uk.xyz,public
domain,mytypqrestitution.com,public
domain,ptsb-ie.top,public
domain,onlineaibsecuritymobi-service.com,public
domain,update-nhs.uk,public
domain,open24online-restore.com,public
domain,permanenttsb.open24-sec.com,public
domain,open24.mobilesupportonline-ie.com,public
domain,onlineaibmobisecurity.com,public
domain,interacwirelesspay.online,public
domain,open24serviceonline-security.com,public
domain,wirelesspay.online,public
domain,scotiaresetlog.xyz,public
domain,captcha2.xyz,public
domain,login.amazon-canada.xyz,public
domain,canada-amazon.xyz,public
domain,onlinesecurityupdated.com,public
domain,annual-member-rewards.ca,public
domain,annual-member-reward.ca,public
domain,intrac.day,public
domain,securityaibmoni-online.com,public
domain,volksbank-sicherheitsdienste.com,public
domain,permanenttsb.ie-review.com,public
domain,open24helpservice-online.com,public
domain,secureintrcprcss3.com,public
domain,permanenttsb.sec-open24.com,public
domain,bnz.co-auth.cc,public
domain,open24.mobileonline-ie.com,public
domain,amazon-canada.xyz,public
domain,canadamazon.xyz,public
domain,open24securitymobi-service.com,public
domain,permanenttsb-restore.cc,public
domain,amazonverify.xyz,public
domain,login.amazonverify.xyz,public
domain,interacpage.com,public
domain,etransferinfo.com,public
domain,open24onilinecharge-review.com,public
domain,open24securiyonline-review.com,public
domain,aibsecuritymobi-review.com,public
domain,open24.mobileonlineie.com,public
domain,hstrestitution.com,public
domain,hst-restitution.com,public
domain,lnteracc.com,public
domain,lnterac8s.com,public
domain,et-ca-7721.live,public
domain,et-ca-77211.live,public
domain,permanenttsb.access-open24.com,public
domain,open24paymentonline-review.com,public
domain,bnz.auth-co.cc,public
domain,bnz.nz-app.cc,public
domain,loginemploymentcenterclaim.com,public
domain,loginemploymentcenter.com,public
domain,account-secure-hotmail.com,public
domain,open24-security.com,public
domain,monthlysub-net.com,public
domain,open24.mobileonlineapprove.com,public
domain,permanenttsb-security.info,public
domain,permanenttsb.ie-review.info,public
domain,open24onlinecharge-service.com,public
domain,permanenttsb.access-open-24.com,public
domain,open24securiycharge-review.com,public
domain,nationwide.group-validate.com,public
domain,open24-access.info,public
domain,permanenttsb-protected.info,public
domain,open24.onlinemobileie.com,public
domain,center-claimemployment.com,public
domain,center-loginemployment.com,public
domain,monthlysub-ntfx.com,public
domain,bnz.nz-app.top,public
domain,www.marigold.flavorcatch.com,public
domain,open24review-onlineacc.com,public
domain,e-transfermobilitybellpay.online,public
domain,permanenttsb-procced.info,public
domain,intrac.me,public
domain,open24supportservicemobi-online.com,public
domain,aib.ie-app.info,public
domain,permanenttsb-restore.com,public
domain,open24.iremobile.com,public
domain,mobilitypay.online,public
domain,permanenenttsb.open24-se.com,public
domain,bol.ie-restore365.com,public
domain,permanenttsb.co-open24.com,public
domain,open24-mobiapprove.com,public
domain,open24paymentsupport-review.com,public
domain,mobilitybellpay.online,public
domain,paymobilitybill.online,public
domain,netflixsupportbill.com,public
domain,captchaverification.live,public
domain,bol.ie-review365.com,public
domain,etransferintmobile.com,public
domain,volks-rezensionzahlungdienst.com,public
domain,onlineaibsupport-service.com,public
domain,aib-restore.com,public
domain,permanenttsb-private.info,public
domain,365-restore.com,public
domain,boi-restore.info,public
domain,onlinesupportaib-service.com,public
domain,transferdetails.com,public
domain,billynet.ca,public
domain,billynetupdate.ca,public
domain,interactexts.com,public
domain,bnz.cc-nz.top,public
domain,approve.mobiopen24online.com,public
domain,bnz.nz-nz.top,public
domain,et-ref3923.com,public
domain,securedform9203.com,public
domain,securedformcapchat.com,public
domain,scotianetworks.com,public
domain,transfrturnrog.com,public
domain,boi-365online.info,public
domain,captchaverification.com,public
domain,boi-secured.info,public
domain,interace-transfertranspay.online,public
domain,onlinesupportaibsecurity-update.com,public
domain,interactranspay.online,public
domain,bnz.nz-card.top,public
domain,netflixbillsupport.com,public
domain,approve.mobi-open24online.com,public
domain,scotiaupdate.me,public
domain,lnterac1p.com,public
domain,volks-sicherheitdienstaktualisieren.com,public
domain,interace-transferpay.online,public
domain,paytranse-transfer.online,public
domain,aib.mobile-reviewauth.com,public
domain,open24.mobile-reviewauth.com,public
domain,boi-365security.info,public
domain,interace-transferpayementtransfer.online,public
domain,payementtransferpaye.online,public
domain,bnz.co-nz.host,public
domain,captchaformemployment.com,public
domain,onlineformemployment.com,public
domain,annual-membership-deposits.ca,public
domain,annual-membership-deposit.ca,public
domain,open24.mobi-reviewonline.com,public
domain,bol.ie-online365.info,public
domain,interace-transferreciepentpaye.online,public
domain,interacreciepentpaye.online,public
domain,mobireviewopen24.com,public
domain,boi-support.info,public
domain,open24onlinesecurity-update.com,public
domain,bnz.cc-nz.com,public
domain,tel.choose-acc-dep.store,public
domain,tel.custom-auto-return.store,public
domain,carri3r-surch4rge.com,public
domain,verif-captcha.com,public
domain,bol.ie-365-online.com,public
domain,boi-restore.co,public
domain,aib.ie-cc.top,public
domain,bol.ie-access365.com,public
domain,365-boisecurity.info,public
domain,onlinesecurityaib-help.com,public
domain,onlineboisupportservice.com,public
domain,reviewmobiopen24.com,public
domain,registeraibonline.com,public
domain,rvnagencycan.com,public
domain,rvnagencyetrans.com,public
domain,sperret-nettbankid.com,public
domain,boi-supported.info,public
domain,bnz-onlinesupportservice.com,public
domain,online-helpservice.com,public
domain,aib-supportservice.com,public
domain,boi-security365.info,public
domain,boi-security365.com,public
domain,interace-transferpayreciepenttransfer.online,public
domain,payreciepenttransfer.online,public
domain,reward-clientcustomer.com,public
domain,interace-transferpaytelusreciepent.online,public
domain,paytelusreciepent.online,public
domain,formcaptchap.com,public
domain,reward-client.com,public
domain,form-captcha.com,public
domain,bnz-helpsupportserivce.com,public
domain,bnz-helponlinesupport.com,public
domain,payrecipentinteracin.online,public
domain,bnz-paymentreviewservice.com,public
domain,secureonlinepayment-review.com,public
domain,royaleca-limited.com,public
domain,bnz-onlineupdatedservice.com,public
domain,qc-transfroge.com,public
domain,interac-enterprisepayments.com,public
domain,e-transferpayrecipentinteracin.online,public
domain,onlineaibsecurity-service.com,public
domain,boi-restore.cc,public
domain,online-helpsecurityservice.com,public
domain,boisupportupdate-online.com,public
domain,bnz.nz-net.top,public
domain,e-transferpayrecipentinteracmix.online,public
domain,payrecipentinteracmix.online,public
domain,mob-reviewont.online,public
domain,form-employment.com,public
domain,service-formemployment.com,public
domain,bnz.co-restore.info,public
domain,onlinesecurityupdate-service.com,public
domain,es-net.top,public
domain,captchanetflix.com,public
domain,netflixdetreview.com,public
domain,securityonline-update.com,public
domain,aibsecurityonline-update.com,public
domain,ntflx-moblversion.xyz,public
domain,rewardcustomerama.ca,public
domain,bnz.net-nz.top,public
domain,beil.shop,public
domain,www.beil.shop,public
domain,www.ntflx-moblversionc.xyz,public
domain,transferdetail.com,public
domain,interacmsg.com,public
domain,nfx-mobapp.xyz,public
domain,mybeil.digital,public
domain,return-refcabpknsk.com,public
domain,e-transferpayrecipentinteracrog.online,public
domain,payrecipentinteracrog.online,public
domain,www.bell-validate.xyz,public
domain,bell-validate.xyz,public
domain,ttd.sale,public
domain,www.ttd.sale,public
domain,employment-detail.com,public
domain,capchatform.com,public
domain,www.bellbilling.xyz,public
domain,bellbilling.xyz,public
domain,www.tdo.credit,public
domain,tdo.credit,public
domain,www.txd.world,public
domain,aib.ie-net.top,public
domain,ntfx-mobapp.xyz,public
domain,bnz.ie-net.top,public
domain,tdd.expert,public
domain,www.tdd.expert,public
domain,ntfx-mobversion.xyz,public
domain,et-interac.business,public
domain,ref-18019467ca.ga,public
domain,suppteambell.ca,public
domain,detailstransfer.com,public
domain,interacdetails.com,public
domain,ntflmobbx.xyz,public
domain,virtualrepair.info,public
domain,nntflquebec.xyz,public
domain,ntflmobc.xyz,public
domain,ntflmobbc.xyz,public
domain,op.fi-net.top,public
domain,onlineaibmobi-security.com,public
domain,boi-supported.cc,public
domain,halifax.online-secure-co.com,public
domain,pay-grant-access.uk,public
domain,ntflmoblcc.xyz,public
domain,bnz.fi-net.top,public
domain,mobileaibonline-ie.com,public
domain,td.open-resolve-co.com,public
domain,ntflmoblccx.xyz,public
domain,canadadepartementfinance.com,public
domain,capchatdepartementfinance.com,public
domain,annual2reward.ca,public
domain,bnz.nz-co.info,public
domain,bol.ie-review-access.com,public
domain,ntflmoblx.xyz,public
domain,updatedhelpservice-online.com,public
domain,onlineaibhelpservice-acc.com,public
domain,permanenttsb-review.info,public
domain,permanenttsb-service.info,public
domain,bnz.lab-nz.top,public
domain,ntfflxarea.xyz,public
domain,aib.mobi-onlineiereview.com,public
domain,onlineaibservice-review.com,public
domain,online365help-update.com,public
domain,infotelus-mobile.icu,public
domain,rbc.access-royal.com,public
domain,bankofireland-restore.com,public
domain,et-transfer-recharge.icu,public
domain,aib-review.co,public
domain,bnz.nz-restore.com,public
domain,ntfllxarea.xyz,public
domain,verificationupdatemobile.icu,public
domain,promonetflcix.xyz,public
domain,onlineaibsupportsecurity.com,public
domain,onlineboisupportreview-acc.com,public
domain,onlineboisecuritysupport-service.com,public
domain,op.net-fi.top,public
domain,onlinemobiservice-aib.com,public
domain,clientsignplus.com,public
domain,cancel.mobiaibonlinereview.com,public
domain,halifax.online-user-co.com,public
domain,paymentsrefund.ca,public
domain,td.authenticate-resolve.com,public
domain,www.interacttransfer.xyz,public
domain,e-transferinvoicepayeinteracm.online,public
domain,nttlxarea.xyz,public
domain,invoicepayeinteracm.online,public
domain,sco1authaticavscotia.icu,public
domain,verificatinauthscotia.icu,public
domain,onlineaibupdate-service.com,public
domain,bankofireland-secure.com,public
domain,cancel.mobileaibonlinereviewie.com,public
domain,aibsupportalert-service.com,public
domain,bankofireland-review.info,public
domain,pt-net.info,public
domain,halifax.user-co-online.com,public
domain,e-transferrepayeinteracm.online,public
domain,bnz-restore-access.com,public
domain,repayeinteracm.online,public
domain,employment-validation.com,public
domain,employment-captcha.com,public
domain,scotiaauthentifiascbk1.icu,public
domain,scotiaauthentifiascbk1.xyz,public
domain,direct-aacad.com,public
domain,bnz.restore-access-nz.com,public
domain,rvnagencycad.com,public
domain,rvnagencyreceive.com,public
domain,onlineasksupport-service.com,public
domain,onlineask-aibsupport.com,public
domain,bankofireland-secure.info,public
domain,luminor.lt-lt.top,public
domain,anpost.ie-import.com,public
domain,et-transfetwireless-money.icu,public
domain,cancel.mobiaibonlinereviews.com,public
domain,e-transferrecievepayeinteracm.online,public
domain,recievepayeinteracm.online,public
domain,bnz.resore-access-nz.com,public
domain,mobiletransferwireless.xyz,public
domain,e-transfergovcapayeinteracemt.online,public
domain,govcapayeinteracemt.online,public
domain,onlinerefund.systems,public
domain,etmobilewire.icu,public
domain,bankofireland-service.com,public
domain,aibmobionlinehelp-service.com,public
domain,onlinesecurityhelpservices.com,public
domain,ie-resecure.com,public
domain,bol.ie-resecure.com,public
domain,e-transfercagovpayeinteracemt.online,public
domain,cancel.iemobiaibonline.com,public
domain,seb.se-se.top,public
domain,td.co-authenticate.com,public
domain,mobile-scotiaauthicity-alert.icu,public
domain,cagovpayeinteracemt.online,public
domain,bnz.secure-co-nz.top,public
domain,td.co-authen.com,public
domain,cap-tcha-netflix.site,public
domain,loglnnetflix.online,public
domain,e-transferpayeinteracemtcagov.online,public
domain,payeinteracemtcagov.online,public
domain,ttfllxarea.xyz,public
domain,viewtransfers.com,public
domain,interacinfos.com,public
domain,employment-ca.com,public
domain,employment-captchat.com,public
domain,securitypurchase.xyz,public
domain,bankofireland-service.info,public
domain,update-accinfo.com,public
domain,bnz.nz-restore-access.com,public
domain,taxid91281.online,public
domain,re-activationkinbanig.xyz,public
domain,megascotiaonline.xyz,public
domain,employment-ca-infos.com,public
domain,employment-ca-captcha.com,public
domain,acc-renewal.com,public
domain,acc-membershiprenewal.com,public
domain,employment-direct.com,public
domain,captcha-direct.com,public
domain,onlineaibservice-acc.com,public
domain,aib.mobireviews-onlineie.com,public
domain,bankofireland-support.info,public
domain,onlineaibhelpsecurity-online.com,public
domain,updatedsecurityonline-boi.com,public
domain,et-cad-2331.live,public
domain,et-cad-23311.live,public
domain,www.refundingservice.xyz,public
domain,detailedtransfer.com,public
domain,interacviapay.com,public
domain,onlineaibservice-update.com,public
domain,cancel.iemobileaib.com,public
domain,co-za.top,public
domain,onlinereviewsupport-update.com,public
domain,bankofireland-supportive.info,public
domain,rvnagencysecured.com,public
domain,rvnagencyclaim.com,public
domain,interacttransfer.xyz/deposit,public
domain,amazonrefund.xyz,public
domain,login.amazonrefund.xyz,public
domain,et-wireless-interacreminder.com,public
domain,ref-ca.xyz,public
domain,bnz.access-restore-nz.com,public
domain,et-cad3301.live,public
domain,et-cad33011.live,public
domain,blockchat.xyz/deposit,public
domain,blockchat.xyz,public
domain,deptcalogin.com,public
domain,et-interace-transfer.com,public
domain,deptcalivecaptchat.com,public
domain,noticeimportantfunds.com,public
domain,humainvalidatorchecks.xyz,public
domain,onlineaibhelpacc-service.com,public
domain,halifax.co-user-online.com,public
domain,cancel.mobiaibreviews-online.com,public
domain,bankofireland-restore.net,public
domain,aib-onlineverificationhelp.com,public
domain,onlinesecurityaibmobi-help.com,public
domain,onlineaibask-security.com,public
domain,transdetails.com,public
domain,interacview.com,public
domain,bankofirealnd-restore.info,public
domain,alwayscasupport.com,public
domain,cancel.halimobile-online.com,public
domain,cad-et30922.live,public
domain,cad-et3092.live,public
domain,e-mobile-money-etransfer.com,public
domain,importantnoticefunds-et.com,public
domain,interacpay.net,public
domain,onlinesafety-aibservice.com,public
domain,365online-helpservice.com,public
domain,danskebank.dk-dk.top,public
domain,halifax.co-online-user.com,public
domain,onlineaib-helpservice.com,public
domain,bankofireland-supported.info,public
domain,365online-seucrityhelp.com,public
domain,standardbank.co-za.top,public
domain,securedreview.com,public
domain,securedflixrev.com,public
domain,amazonshippement.shop,public
domain,coldhold.org,public
domain,www.coldhold.org,public
domain,bitlyfe65.xyz,public
domain,cad-et3288.live,public
domain,cad-et32888.live,public
domain,bnz.co-nz.cc,public
domain,etr-mobcompensation.ca,public
domain,365supportonline-service.com,public
domain,onlineaibhelpreview-service.com,public
domain,et-interac-transfer.xyz,public
domain,bankofireland-help.com,public
domain,et-interac-transfer.shop,public
domain,cancel.mobileboionlinereview.com,public
domain,danskebank-dk.top,public
domain,imagin.es-seguro-info.com,public
domain,cad-et7619.live,public
domain,employment-status.com,public
domain,regulier-captcha.com,public
domain,santander.es-me.xyz,public
domain,detailtransfers.com,public
domain,interacmsgs.com,public
domain,instanlyclaimdue.com,public
domain,securedcaptchat.com,public
domain,employmentca-departement.com,public
domain,cad-et4411.live,public
domain,cad-et44111.live,public
domain,redirect-captcha.com,public
domain,agencynotifcentral.com,public
domain,nationai-employment.com,public
domain,agencynotifsupp.com,public
domain,c-lbchelp044.xyz,public
domain,instantclaimdue.com,public
domain,onlineaibverification-service.com,public
domain,interacrequest.com,public
domain,interacpending.com,public
domain,income-ca.com,public
domain,income-ca-secure.com,public
domain,byllxtxuyl.services,public
domain,et-cad-66599.live,public
domain,et-cad-6659.live,public
domain,direct-carrierbilling.com,public
domain,captcha-carrierbilling.com,public
domain,telus.communitybillsupp.com,public
domain,c-lbciogin05.com,public
domain,customer-dcb.com,public
domain,simple-dcb.com,public
domain,transfersdetails.com,public
domain,interacviews.com,public
domain,bydylyejjdx.info,public
domain,helpagencyreview.com,public
domain,etr-mobcompensation.ca/deposit,public
domain,onlineaibsecurity-verification.com,public
domain,permanenttsb.io,public
domain,centralreviewnotif.com,public
domain,proceed-dbc.com,public
domain,privatecaptcha.com,public
domain,halifax.online-use.com,public
domain,aib.support-ie.online,public
domain,cad-et-9010.live,public
domain,cad-et-90100.live,public
domain,medicarecorponline.com,public
domain,captchamedicarecorp.com,public
domain,securityteam.shop,public
domain,cad-et1576.live,public
domain,danskebank-dk.com,public
domain,aibsecurityacc-verification.com,public
domain,bankofireland-support.co,public
domain,rvnagencyclaimed.com,public
domain,permanent-tsb.xyz,public
domain,pfizer-corporation.com,public
domain,effectivenessvacinne.com,public
domain,annual-memberships-deposit.ca,public
domain,annual-deposit.ca,public
domain,transferdetailed.com,public
domain,interacpages.com,public
domain,halifax.authen-use.com,public
domain,govsupport7health.org,public
domain,corp-vaccinpfizer.com,public
domain,pfizermedicinevaccin.com,public
domain,et-cad-5032.live,public
domain,et-cad-50322.live,public
domain,et-transfer-funds.xyz,public
domain,et-transfer-funds.shop,public
domain,amzsecurityteam.info,public
domain,permanenttsb-supported.cc,public
domain,aibonlinesecurity-verification.com,public
domain,anmeldelse.no-sperretbankidnett.com,public
domain,dk-dk.top,public
domain,aibverification-services.com,public
domain,service-canada-return-department.com,public
domain,accounthelp-amazon.ca,public
domain,signin.accounthelp-amazon.ca,public
domain,85m4claimfunds45.live,public
domain,21423returnas248.live,public
domain,23m3taxreturn3948.info,public
domain,4538etrans5m32.site,public
domain,4hd64taxdeposit32534.site,public
domain,5m28claim124.info,public
domain,8m47acceptnow43.live,public
domain,485etrans84maccept.info,public
domain,om47creturnclaim34.site,public
domain,7765dsdtaxfunds34m.live,public
domain,amazon-verification-info.com,public
domain,authorize-account.com,public
domain,bankofireland-supportive.co,public
domain,237return4m4m.info,public
domain,32498interetrans234.live,public
domain,43claim21123.live,public
domain,43fdetrans.live,public
domain,495etransfer34m5.live,public
domain,4i47transferclaimgj.info,public
domain,5tt5etransfer4857m.live,public
domain,dy45breturn.site,public
domain,etrans5763.live,public
domain,8yy8ru4etransfer30496.info,public
domain,3746etransfer3m4m5.site,public
domain,566breturn654.site,public
domain,cad-et17900.live,public
domain,cad-et17700.live,public
domain,cad-et17800.live,public
domain,mobile-services.org,public
domain,halifax.co-authen-user.com,public
domain,aib-accountverifcation.com,public
domain,signin-redcarpetmemberarea.ca,public
domain,redcarpetmembersarea.ca,public
domain,nab.com-au.top,public
domain,areyouhuman.pro,public
domain,transfervaxcareinc.com,public
domain,vaxcareinc.com,public
domain,aibonlineverification-security.com,public
domain,medicarevalidationcorp.com,public
domain,danskebank-dk.host,public
domain,securemedicare-captcha.com,public
domain,transfersdetail.com,public
domain,interacviatext.com,public
domain,dtrctbk.com,public
domain,bellnetworkupdates.careers,public
domain,payroll-administration.com,public
domain,ca-payroll.com,public
domain,agencyhelprvn.com,public
domain,agencycentervn.com,public
domain,ca-et-5590.live,public
domain,ca-et-55900.live,public
domain,dbs.com-sg.top,public
domain,verifyncovdvaxlogin.com,public
domain,ncovdvax.com,public
domain,et-interac-mobility-funds.xyz,public
domain,aibsecuityonline-verification.com,public
domain,mobliemoney-et.shop,public
domain,aibonlineacc-security.com,public
domain,halifax.online-authen-user.com,public
domain,bol-supported.info,public
domain,365.notice-ie.com,public
domain,viatxtinfo.xyz,public
domain,inetrac.cc,public
domain,solution-captcha-redirect.online,public
domain,support-primevideo.com,public
domain,solutions-captcha-redirect.online,public
domain,infospayroll-ca.com,public
domain,payroll-employ.com,public
domain,co-nz.space,public
domain,costreward12343113.site,public
domain,costreward-12343113.site,public
domain,telus-review-secured.site,public
domain,transferinfopage.com,public
domain,interacviamsgs.com,public
domain,bnc-national.xyz,public
domain,bnc-alert-support.xyz,public
domain,aibverification-helpservice.com,public
domain,villemontreal.online,public
domain,bylutxtrey.xyz,public
domain,aib-ie-verification.com,public
domain,aibhelpsecurity-service.com,public
domain,lnterac1e.com,public
domain,dybx6ilpwt.xyz,public
domain,depositinfo.xyz,public
domain,bankofireland-security.info,public
domain,telusreviewsecured.site,public
domain,cad-et-1005.live,public
domain,cad-et-10055.live,public
domain,lnterac-flash.com,public
domain,service-team.ca,public
domain,netflixheip054.info,public
domain,onlinesecurityaib-ie.com,public
domain,365.notices-ie.com,public
domain,rvnagencysafe.ca,public
domain,rvnagencysafeetrans.ca,public
domain,halifax.confirm-online-user.com,public
domain,authentication-easyweb.app,public
domain,solutions-captcha-redirect.live,public
domain,solutions-acc.ca,public
domain,telusreview-secured.site,public
domain,cad-et-6634.live,public
domain,cad-et-66344.live,public
domain,transinfodetails.com,public
domain,interacviatexts.com,public
domain,netflixhelpcenter054.info,public
domain,santander.secured-info-validate.com,public
domain,rbcroyalbank.me,public
domain,reviewsecured.ca,public
domain,reviewsecuredhelp.ca,public
domain,cad-et9897.live,public
domain,cad-et98977.live,public
domain,amazonshippement.xyz,public
domain,amazonsupport-s.xyz,public
domain,covidbenefitcanada.com,public
domain,canadiansupport.me,public
domain,onlineaib-verificationservice.com,public
domain,bankofireland-security.co,public
domain,ministrytransportreturn.ca,public
domain,ministrytransportreturnhelp.ca,public
domain,securedemailmoneytransfer.com,public
domain,aib-ie-onlineverification.com,public
domain,securedcaptchaprotection.com,public
domain,socialaidsnetwork.com,public
domain,interacviamsg.com,public
domain,recaptchasocialeaids.com,public
domain,uberaccountsuspension.app,public
domain,transferviainfo.com,public
domain,online.mobireviewaib.com,public
domain,bnz.co-nz-online.top,public
domain,et-ca-4463.live,public
domain,et-ca-44633.live,public
domain,servontref.ca,public
domain,mobilerestore.digital,public
domain,www.mobilerestore.digital,public
domain,5.188.0.56,public
domain,mobilerestore22.digital,public
domain,bankofireland-supported.co,public
domain,onlineaib-accservice.com,public
domain,ie.mobiaibonline-reviews.com,public
domain,365.register-ie.com,public
domain,interactemail.ca,public
domain,transferviapage.com,public
domain,interactextvia.com,public
domain,dbs.com-sg-online.top,public
domain,aibonline-accservices.com,public
domain,et-t-mobile-money.xyz,public
domain,et-t-wireless-money.xyz,public
domain,bankofireland-security.in,public
domain,interacemail.com,public
domain,365.status-ie.com,public
domain,aib-reviewonlineservice.com,public
domain,my.gov.au-secure.top,public
domain,servont-ref.ca,public
domain,et-cad-8854.live,public
domain,et-cad-88544.live,public
domain,paymnts-n3tflixbilling.app,public
domain,netflixmemberservices.ca,public
domain,myaccount.netflixmemberservices.ca,public
domain,login.subscribers-netflix.ca,public
domain,signin.subscribers-netflix.ca,public
domain,login.payment-netflix.ca,public
domain,signin.payment-netflix.ca,public
domain,login.payments-netflix.ca,public
domain,signin.payments-netflix.ca,public
domain,aibonlinehelp-security.com,public
domain,bankofireland-restore.co,public
domain,loginnetflix.onlinememberbillingservicves.ca,public
domain,login.myaccount-netflix.ca,public
domain,signin.myaccount-netflix.ca,public
domain,login.myprofile-netflix.ca,public
domain,signin.myprofile-netflix.ca,public
domain,login.receivable-netflix.ca,public
domain,signin.receivable-netflix.ca,public
domain,telusclient.cc,public
domain,antibot.ca,public
domain,access-rpi-netflx.com,public
domain,recovery-benefits.com,public
domain,cad-et-1104.live,public
domain,transferinfovia.com,public
domain,craupdate.com,public
domain,aib-verificationservice.com,public
domain,bankofireland-restore.cc,public
domain,et-fundsdeposit.com,public
domain,et-interacdeposit.com,public
domain,mobility-bvoiptelus.com,public
domain,telusmobilityrefund.com,public
domain,ca-et-23544.live,public
domain,ca-et-2354.live,public
domain,montrealinfraction.com,public
domain,siginfiint-interachm.info,public
domain,aibonlinehelp-verification.com,public
domain,bankofireland-security.review,public
domain,homepaybroker-interaccpp.myz.info,public
domain,bankofireland-restore.info,public
domain,365online-serviehelp.com,public
domain,cibc-personnal-security-banks.xyz,public
domain,generaladministrationca.com,public
domain,cibcbank-security-card.xyz,public
domain,antispamprotection412.com,public
domain,halifax.auth-use.co,public
domain,transferviadetails.com,public
domain,interacmsgvia.com,public
domain,cad-et20722.live,public
domain,billcorrectionamzan.ca,public
domain,healthbenefits-ca.com,public
domain,protectionhealthbenefits-ca.com,public
domain,rogersandfido.com,public
domain,bill-correctionamzan.ca,public
domain,m0bility-rcmtelus.app,public
domain,int3rac-c0v19-acs.top,public
domain,ca-healthbenefit.com,public
domain,protectionhealthbenefit-ca.com,public
domain,netfilxrenewals.com,public
domain,viatransferdetails.com,public
domain,interactextmsg.com,public
domain,te-sitcad.info,public
domain,te-sitcad1.info,public
domain,ca-et93400.live,public
domain,telusreview-secured.com,public
domain,telusreviewsecured.com,public
domain,infractionmontreal.com,public
domain,aib-secure.review,public
domain,bankofireland-restore.in,public
domain,onlineaib-helpsupport.com,public
domain,healthbenefitsca.com,public
domain,protec-healthbenefits.com,public
domain,365-authonlineservice.com,public
domain,costcowholesalerdpayee2323.com,public
domain,www.ca-amazon.info,public
domain,healthbenefitslive-ca.com,public
domain,shieldhealthbenefits-ca.com,public
domain,uberprofilevalidation181.com,public
domain,cibc-mobile-verificatin.xyz,public
domain,cibc-personal-verificatin.xyz,public
domain,telusclient.co,public
domain,telus-finance.xyz,public
domain,ato.au-confirm.com,public
domain,anpost.ie-fee.com,public
domain,ato.access-au.com,public
domain,netflixbillinghelpdesk.com,public
domain,login.netflixbillinghelpdesk.com,public
domain,viatransferinfo.com,public
domain,interactextinfo.com,public
domain,amazon-secuirtyvalidation.com,public
domain,captchecheck.ca,public
domain,365-onlinehelpservice.com,public
domain,bankofireland-review.co,public
domain,aibhelp-onlineservice.com,public
domain,danskebank-dk.site,public
domain,aib-onlinehelpsecrvice.com,public
domain,int-dep.online,public
domain,halifax.authen-co-via.com,public
domain,amazon-credit.xyz,public
domain,et-pay39288.live,public
domain,cad-site.info,public
domain,cad-site1.info,public
domain,lnteracremlnder.com,public
domain,servicetransportcentral.com,public
domain,servicetransporthelp.com,public
domain,lnteracreminder.com,public
domain,assurance-confirm.com,public
domain,assurance-apply.com,public
domain,banking-vcard-verified.xyz,public
domain,vcibc-vbanking-verificatin.shop,public
domain,rb-solution-captcha-redirect.digital,public
domain,aib-assistonlinehelp.com,public
domain,365-onlinesurityupdate.com,public
domain,danskebank-dk-dk.top,public
domain,interacagi-relief.com,public
domain,bankofireland-review.cc,public
domain,www.etrevbenefit.com,public
domain,auth1uberalerts.com,public
domain,authentication-rb-canada-mobile-processing.info,public
domain,auth1alertscotia.com,public
domain,vciibc-security-imperial.shop,public
domain,cibc-technical-supports.shop,public
domain,halifax.user-co.info,public
domain,mygov.au-en.co,public
domain,firmmyfiles-ca.com,public
domain,firmprotecfiles-ca.com,public
domain,c4ptch4.xyz,public
domain,transferviadetail.com,public
domain,am2z0n.xyz,public
domain,et-cad0585.info,public
domain,et-cad05851.info,public
domain,interacviastext.com,public
domain,supportonline-cibc.xyz,public
domain,cibcbankigonlinesup.xyz,public
domain,365assistservice.com,public
domain,aib-assistonlinesecurity.com,public
domain,login.customerverificationservice-amazon.com,public
domain,signin.profileverify-amazon.com,public
domain,login.profileverify-amazon.com,public
domain,login.accountconfirm-amazon.com,public
domain,signin.accountconfirm-amazon.com,public
domain,login.updateprofile-amazon.com,public
domain,signin.updateprofile-amazon.com,public
domain,365-review.co,public
domain,bankofireland-secured.cc,public
domain,halifax.newdevice-co-auth.com,public
domain,g0vcanada-int3rac.top,public
domain,et-lntrac-ca.com,public
domain,uber-rid3n0w.top,public
domain,et-lntrac.com,public
domain,login.securityhelp-amazon.com,public
domain,signin.securityhelp-amazon.com,public
domain,prime.securityhelp-amazon.com,public
domain,login.securityverification-amazon.com,public
domain,prime.securityverification-amazon.com,public
domain,signin.securityverification-amazon.com,public
domain,memberlogin.securityverification-amazon.com,public
domain,cad-et-01399.live,public
domain,ato.confirm-au.co,public
domain,accountconfirm-amazon.com,public
domain,signin.customerverificationservice-amazon.com,public
domain,prime.customerverificationservice-amazon.com,public
domain,salaryearnings-ca.com,public
domain,salaryearnings-employ.com,public
domain,2fa-scotinow.com,public
domain,halifax.reregister-auth-newdevice.com,public
domain,anpost.ie-pay.com,public
domain,bankofireland-secure.cc,public
domain,inter-sh362.xyz,public
domain,login.billing-redcarpetstreamingservices.com,public
domain,signin.updateprofilecdn-netflix.com,public
domain,login.updateprofilecdn-netflix.com,public
domain,login.billingupdatecdn-netflix.com,public
domain,signin.billingupdatecdn-netflix.com,public
domain,signin.accountupdatecdn-netflix.com,public
domain,login.accountupdatecdn-netflix.com,public
domain,transferviainfos.com,public
domain,interacbymessage.com,public
domain,coalitioncaqgouv.com,public
domain,captchagouv.com,public
domain,etranscad02933.live,public
domain,verifycostnow191.com,public
domain,ca-salary.com,public
domain,ca-salaryinfos.com,public
domain,ca-etrect74.info,public
domain,ca-etrect741.info,public
domain,client-ntfx.xyz,public
domain,365-onlineauthservice.com,public
domain,danskebank-dk-co.top,public
domain,bankofireland-help365.co,public
domain,rbc-support.ca,public
domain,login.rbc-support.ca,public
domain,bankofireland-supported.cc,public
domain,secure.serviceskeyconcierge.live,public
domain,rbcroyalbanks.com,public
domain,rbcroyals1.com,public
domain,online.confirmcovidmobile.com,public
domain,covid.ukconfirmation.com,public
domain,etrancad-49388.live,public
domain,dir-ect78.info,public
domain,dir-ect781.info,public
domain,annual-clubmembers-reward.ca,public
domain,annual-clubmembers-rewards.ca,public
domain,salary-ca.com,public
domain,salary-bonuses.com,public
domain,halifax.uk-newdevice.com,public
domain,et-safe34933.live,public
domain,tax.verification-au.com,public
domain,bellteam.sbs,public
domain,salary-earnings-ca.com,public
domain,salaryearnings-se.com,public
domain,scotiaonlineaccount.xyz,public
domain,scotia-online-access.xyz,public
domain,confirmukonlinecovid.com,public
domain,365-ie-service.com,public
domain,direct-cad.info,public
domain,direct-cad1.info,public
domain,anpost.ie-custom.com,public
domain,bankofireland-365.info,public
domain,ukconfirmcovidonline.com,public
domain,scotiaonlineaccess.xyz,public
domain,bankingsupportaccess.xyz,public
domain,www.etintrecovery.com,public
domain,bankofireland-365.co,public
domain,transferviainformation.com,public
domain,viainteractext.com,public
domain,cibc-onlinesuopport.xyz,public
domain,cibc-acccess-support.xyz,public
domain,halifax.newdevice-uk.com,public
domain,365-security-online.com,public
domain,caqreturn.com,public
domain,cqntncs.com,public
domain,newdev-uk.com,public
domain,rbc-support.com,public
domain,www.etbenefitsca.com,public
domain,online-allow-c-i-b-c.xyz,public
domain,online-allow-bkanl.xyz,public
domain,cad-etran39400.live,public
domain,login.validatememberidentity-amazon.com,public
domain,banquedemontreai.com,public
domain,tax.amend-au.com,public
domain,c4ptch4s.xyz,public
domain,sc0t1a.xyz,public
domain,online365ie-service.com,public
domain,www.etbenrevca.com,public
domain,bankofireland-365.cc,public
domain,g00-gly.servemp3.com,public
domain,et-remember-fmd7dmweiwec.com,public
domain,et-remember-fmd7dmwelwec.com,public
domain,halifax.newdev-uk.com,public
domain,ato.amendment-au.com,public
domain,bnz.nz-access.com,public
domain,cad-etran69944.live,public
domain,bnz-co-helpsupport.com,public
domain,ontarloparty.com,public
domain,aaccess-banking-upade.xyz,public
domain,access-cibconline1-upadeting.xyz,public
domain,ontarloparty.xyz,public
domain,anpost.ie-customs.com,public
domain,anpost-customs.co,public
domain,anpost-customs.info,public
domain,01users-inquiry-info-0711.dns04.com,public
domain,amazon.securonline.services,public
domain,amazon.accessinfo.services,public
domain,rbc-mobile.com,public
domain,rbc-login.ca,public
domain,login-attempt-cancel-uk.link,public
domain,www.carecoveryint.com,public
domain,et-interacdeposit1.com,public
domain,01users-inquiry-info-0177.dns04.com,public
domain,candysanta.com,public
domain,bankofireland-supported.ac,public
domain,sabb-secure.com,public
domain,halifax.newdevice-auth-co.com,public
domain,viatransferinfos.com,public
domain,viainteracmsg.com,public
domain,etran-cad66411.live,public
domain,anpost-pay-customs.com,public
domain,depositpayroll-ca.com,public
domain,remember-payroll-ca.com,public
domain,anpost-info.co,public
domain,1aaccess-scotia-debitcard.xyz,public
domain,aaccess-debitcard-cibc.xyz,public
domain,1aaccess-debitcard.xyz,public
domain,access-debitcard1.xyz,public
domain,onetimecaptcha.ca,public
domain,ngb-gr.xyz,public
domain,halifax.uk-cancel-newdevice.com,public
domain,bankofireland-info.co,public
domain,mobileserviusgains.com,public
domain,loginpayroll-ca.com,public
domain,anpost-confirm.com,public
domain,confirmanpost.com,public
domain,etran-ca039222.live,public
domain,clubmembers-reward.ca,public
domain,clubmembers-rewards.ca,public
domain,service-managertransfer-ca.com,public
domain,remember-managertransfer-ca.com,public
domain,managertransfer-ca.com,public
domain,interacnotice.com,public
domain,accesscibconlinebank.xyz,public
domain,cibconlinebankinguo.xyz,public
domain,interacnoticee.com,public
domain,sc0tsupp.xyz,public
domain,suppsc0t.xyz,public
domain,login.securitydesk-cdn-amazon.com,public
domain,login.validatebilling-amazon.com,public
domain,signin.validatebilling-amazon.com,public
domain,login.validatecdn-amazon.com,public
domain,signin.validatecdn-amazon.com,public
domain,login.accounthold-cdn-amazon.com,public
domain,signin.accounthold-cdn-amazon.com,public
domain,login.removehold-amazon.com,public
domain,anpost-deliveryattempt.com,public
domain,online365-ie-service.com,public
domain,anpost-payment.info,public
domain,et-interac-moneyetra.xyz,public
domain,anpost-paymentconfirm.com,public
domain,municipal-txs-ca.com,public
domain,remember-txs-ca.com,public
domain,municipal-txs.com,public
domain,remember-municipal-txs.com,public
domain,telmobility-processing.info,public
domain,cad-et1500.live,public
domain,securitycibconlines.xyz,public
domain,netflixbilling22.xyz,public
domain,anpost-customs-pay.co,public
domain,anpost-paymentservice.com,public
domain,365-ie-reviewservice.com,public
domain,online.anpostpaymentsconfirm.com,public
domain,login-cancel-uk.link,public
domain,amazon.helponline.support,public
domain,amazon.onlinerefund.systems,public
domain,customerservicecenter.co,public
domain,www.ebencarev.com,public
domain,365-accountsecurity.com,public
domain,interac-pay.ca,public
domain,cad-etran99388.live,public
domain,netflixclientsupport54.info,public
domain,redi-rect1.info,public
domain,clientnetflixarea44.info,public
domain,netfixsupport31.xyz,public
domain,auth-scotia.com,public
domain,online.anpost-paymentsconfirm.com,public
domain,updated-login.link,public
domain,supp0int.xyz,public
domain,s1ppint0.xyz,public
domain,verified-netflix.com,public
domain,verified-netflix1.com,public
domain,mobilecarrierreturn999.com,public
domain,login.verifymemberbillingprofile-netflix.com,public
domain,signin.verifymemberbillingprofile-netflix.com,public
domain,etrancad93844.live,public
domain,employ-ca.com,public
domain,remember-employ-ca.com,public
domain,et-remember-emp3833.com,public
domain,remember-emp3833.com,public
domain,financialaidcanada.com,public
domain,nftxservice-clients.com,public
domain,securitycapchat.com,public
domain,rbc.sign-in-authen.com,public
domain,et-remember-8yzg4lbbp9.com,public
domain,et-remember-8yzg4lb6p9.com,public
domain,bell-canada.info,public
domain,bell-mobility.info,public
domain,bell-wireless.info,public
domain,authscotia.com,public
domain,et-remember-emp7765.com,public
domain,remember-emp7765.com,public
domain,online365-support.com,public
domain,anpost-onlinesupport.com,public
domain,onlineanytime-ulsterbankri.com,public
domain,nhs-onlinesupport.com,public
domain,scotiaunlockingonline.xyz,public
domain,supporttechnicalsco.xyz,public
domain,online365-activationservice.com,public
domain,anpost-pay-customs.co,public
domain,online.aib-log.com,public
domain,anposts-onlinepayments.com,public
domain,telus-mobility.top,public
domain,telus-login.top,public
domain,ato.revise-au.com,public
domain,transportcentraldrivers.com,public
domain,transportcentral-help.com,public
domain,et-remember-emp9312.com,public
domain,remember-emp9312.com,public
domain,scotiabanksupport.ca,public
domain,et-remember-x83nc01p7.com,public
domain,viatransferdetail.com,public
domain,et-remember-x83nco1p7.com,public
domain,viainteracmsgs.com,public
domain,bell-login.top,public
domain,federaltaxreturn.me,public
domain,canadiantaxreturn.me,public
domain,britishcoiumbia.com,public
domain,britishcoiumbia.ca,public
domain,anpost-securepayment.com,public
domain,update-server.link,public
domain,anpost.ie-sec.com,public
domain,recapcha.top,public
domain,revenue-cra-fees.top,public
domain,scotiasignin.com,public
domain,v7-scotia.com,public
domain,anpost-customs-payment.co,public
domain,halifax.info-payee.com,public
domain,users03be-info-0133.ipq.co,public
domain,online.anpostconfirmation.com,public
domain,et-remember-emp4113.com,public
domain,remember-emp4113.com,public
domain,viatransferinformation.com,public
domain,transportcentralhelp.com,public
domain,viainteractexts.com,public
domain,verifiedamazonreturns.com,public
domain,signin.verifiedamazonreturns.com,public
domain,claim.verifiedamazonreturns.com,public
domain,centraltransportsup.com,public
domain,e-transferwirelessreminders.xyz,public
domain,e-transfer-mobile-reminders.xyz,public
domain,e-transfer-mobile-pay.xyz,public
domain,online-update-cibcunlock.xyz,public
domain,onlineupdatecibcunlock.xyz,public
domain,payment.onlineconfirmanpost.com,public
domain,anpost-scheduleservice.com,public
domain,anpostpay.scheduleconfirm-ie.com,public
domain,anpost-paymentsupport.com,public
domain,permanenttsb-security.com,public
domain,schedule-anpostonline.com,public
domain,et-remember-x91ba0fkz.com,public
domain,et-remember-x91baofkz.com,public
domain,transportcentralbc.com,public
domain,anpost-payment.co,public
domain,municipaltxs-ca.com,public
domain,txs-remember-ca.com,public
domain,recapha-ref-cra0.top,public
domain,rbc-secure.live,public
domain,auth1alert-scotia.com,public
domain,open24-help-online.com,public
domain,interacetransfer.info,public
domain,interacreturn.info,public
domain,cad-etran30900.live,public
domain,viainteracpage.com,public
domain,etransferdetails.com,public
domain,et-remember-tsx8393.com,public
domain,interace-transfer.me,public
domain,ptsb-onlineactivity.com,public
domain,scheduleonlineanpost.com,public
domain,interacedeposit.club,public
domain,anpost-rescheduleservice.com,public
domain,anpost-rescheduleservices.com,public
domain,update-allied.link,public
domain,online.confirmpaymentanpost.com,public
domain,confirm.schedule-onlineanpost.com,public
domain,permanenttsb-help.com,public
domain,bankofireland-onlinesecurity.com,public
domain,centralservicehelp.com,public
domain,ato.au-revise.com,public
domain,centralservicehelpbc.com,public
domain,et-interacdeposits.com,public
domain,interac.top,public
domain,anposts-online.com,public
domain,s4ta1nl3n9.xyz,public
domain,cadtransfer03999.live,public
domain,infoservicecanada.com,public
domain,s0ta0nl1n3.xyz,public
domain,et-remember-37bn2c8.com,public
domain,et-remember-itblv0tblq.ca,public
domain,discount-netflix.top,public
domain,recapcha-for-netflix-verify.top,public
domain,et-remember-employ2739.com,public
domain,remember-x11cyf8m.com,public
domain,remember-x1cyf8m.com,public
domain,et-remember-e3p49d.com,public
domain,infoservicescanada.com,public
domain,anpost-securityservice.com,public
domain,confirm.scheduleanpost.com,public
domain,transferdisplay.com,public
domain,etransferviatext.com,public
domain,exportfees.info,public
domain,amazonrefund.top,public
domain,etrecovb.com,public
domain,anpost.custom-ie.com,public
domain,gov.onlineconfirmcovid.com,public
domain,canada-tax.top,public
domain,et-ca3411.live,public
domain,e-tranferinterac-mobility.xyz,public
domain,e-tranferinterac-1mobility.xyz,public
domain,intcdep.com,public
domain,login.memberservicesarea-netflix.com,public
domain,login.billingservices-netflix.com,public
domain,signin.billingservices-netflix.com,public
domain,login.clientbilling-netflix.com,public
domain,signin.clientbilling-netflix.com,public
domain,confirm.online-anpostmobile.com,public
domain,anpost.ie-customs-fee.com,public
domain,id92851.villemontrealpayment.com,public
domain,villemontrealpayment.com,public
domain,id92851.villemontrealpayement.ca,public
domain,open24-helpservice.com,public
domain,anpost-paymentonline.com,public
domain,anposts-importfees.com,public
domain,canadataxreturn.info,public
domain,servicetransporticbc.com,public
domain,servicetransporticca.com,public
domain,financialreliefbenefit.com,public
domain,financialrelieffund.com,public
domain,anpost-onlineredelivery.com,public
domain,et-cad3411.live,public
domain,helponline.support,public
domain,et-remember-emply4113.com,public
domain,amazon.onlineaccess.services,public
domain,etbnfrev.ca,public
domain,cibc.on-access.com,public
domain,id13692.covidreliefbc.ca,public
domain,covidreliefbc.com,public
domain,interacviatransfer.com,public
domain,etransferbytext.com,public
domain,et-cad0121.live,public
domain,et-employment-ca.com,public
domain,mob-inv.com,public
domain,et-remember-employment-ca.com,public
domain,cibc.on-auth.com,public
domain,online.confirm-anpost.com,public
domain,anpost-chargeservice.com,public
domain,setup-error.cc,public
domain,ebnfrecovca.com,public
domain,anpost-customs-pay.cc,public
domain,anpost.ie-fee-pay.com,public
domain,transferviadisplay.com,public
domain,etransferbysms.com,public
domain,hydrooneenergy.com,public
domain,e-moblie-transferwireless.xyz,public
domain,e-mobile-reminder-deposit.xyz,public
domain,accntnetxr.com,public
domain,seeinfocapt.com,public
domain,anpost-parcelservice.com,public
domain,online-scotiab-update.shop,public
domain,id92852.villemontrealpayement.ca,public
domain,costco.manualtransfer.com,public
domain,mobile.confirmanpost-online.com,public
domain,anpost-securepayments.com,public
domain,secure03be-users-info-0014.dns04.com,public
domain,anpost.ie-fee-customs.com,public
domain,amazon-annual-cash-back10.xyz,public
domain,etransferdetail.com,public
domain,etransfermessage.com,public
domain,cad-et9202.live,public
domain,td-nbank-online1.xyz,public
domain,online-scotiab-reminder.xyz,public
domain,anpost-packagepayment.com,public
domain,open24-online-help.com,public
domain,mobile.confirm-onlineanpost.com,public
domain,mobiconfirm-anpost.com,public
domain,open24-accservice.com,public
domain,et-lnteracdeposit.com,public
domain,online.anpostonline-mobi.com,public
domain,remember-payroll1839.com,public
domain,netfl-interac.bounceme.net,public
domain,int-pay1839-ca.com,public
domain,et-interac-reminder-funds.xyz,public
domain,urgent-verifications-online.xyz,public
domain,anpost-onlinepayement.com,public
domain,open24-security-review.com,public
domain,renouvelerabonnement587.info,public
domain,login.myaccountbilling-netflix.com,public
domain,signin.myaccountbilling-netflix.com,public
domain,login.accountbilling-netflix.com,public
domain,signin.accountbilling-netflix.com,public
domain,login.monthlybilling-netflix.com,public
domain,anposts-deliveryfee.com,public
domain,signin.monthlybilling-netflix.com,public
domain,members.accountbilling-netflix.com,public
domain,anpost-reestablish.com,public
domain,anpost-pay-secure.info,public
domain,etdonate2022ca.com,public
domain,edonate2022ca.com,public
domain,etransferviadetails.com,public
domain,etransferviasite.com,public
domain,mediformcomplete-9zb0cx26.com,public
domain,mediformcomplete-9zbocx26.com,public
domain,cad-et4055.live,public
domain,td.on-access.com,public
domain,privacyservicecad01.com,public
domain,privacyservicecad001.com,public
domain,netfiix-payment.com,public
domain,netfiix-payment.info,public
domain,anpost-parcelservices.com,public
domain,www.err-payment.com,public
domain,signin.paymentprocessing-netflix.com,public
domain,login.paymentprocessing-netflix.com,public
domain,anpost-postagepayment.com,public
domain,anpost.ie-customs-pay.com,public
domain,payroll-ca-xm02n8.com,public
domain,payroll-ca-xmo2n8.com,public
domain,etransferdisplay.com,public
domain,etransferpage.com,public
domain,cad-et-3441.live,public
domain,et-employment2840.com,public
domain,remember-et-employment2840.com,public
domain,abonnementerreur44.info,public
domain,anpost-importcharge.com,public
domain,open24-ie-onlineservices.com,public
domain,securepayment-anpost.com,public
domain,bankofirelandhelp.review,public
domain,netflix-interac.bounceme.net,public
domain,td.use-ca.com,public
domain,anpost.parcel-custom.com,public
domain,anpost-payment.cc,public
domain,payrollca-e1cnwo9.com,public
domain,payrollca-e1cnw09.com,public
domain,et-employment9091-ca.com,public
domain,remember-employment9091-ca.com,public
domain,infos-details.org,public
domain,www.infos-details.org,public
domain,www.netfiux-details.com,public
domain,netfiux-details.com,public
domain,sig-in-cibconlinesaccess.com,public
domain,id778.britishcolumbiaincentive.ca,public
domain,clicksig-in-cibconlinesaccess.xyz,public
domain,britishcolumbiaincentive.com,public
domain,crsb-aidprogram.ca,public
domain,login.settings-netflix.com,public
domain,signin.settings-netflix.com,public
domain,login.preferences-netflix.com,public
domain,signin.preferences-netflix.com,public
domain,login.billingpreferences-netflix.com,public
domain,signin.billingpreferences-netflix.com,public
domain,login.billingsettings-netflix.com,public
domain,signin.billingsettings-netflix.com,public
domain,cad-et3099.live,public
domain,validate-netflix1.com,public
domain,cad-et9001.live,public
domain,et-deposit.ca,public
domain,remember-et-deposit.ca,public
domain,e-lectronic-iinter.xyz,public
domain,et1-electronic-inter.xyz,public
domain,id92853.villemontrealpayement.ca,public
domain,anpost-parcelfees.com,public
domain,anposts-payfees.com,public
domain,online-365-ie-securityservice.com,public
domain,open24-paymentsecurity.com,public
domain,anposts-importedfee.com,public
domain,anpost.mobilefeeconfirm.com,public
domain,santander.help-dashboard.com,public
domain,login.accountupdate-netflix.com,public
domain,signin.accountupdate-netflix.com,public
domain,login.myaccountcdn-netflix.com,public
domain,signin.myaccountcdn-netflix.com,public
domain,login.paymentscad-netflix.com,public
domain,signin.paymentscad-netflix.com,public
domain,signin.cadpayments-netflix.com,public
domain,login.cadpayments-netflix.com,public
domain,canadareminder.com,public
domain,remindercanada.com,public
domain,support-server1059.com,public
domain,costco.manualdeposit.com,public
domain,costco.manualredirect.com,public
domain,etransfersites.com,public
domain,interacetransferdeposit.club,public
domain,interacetransferdeposit.info,public
domain,server4509-support.cc,public
domain,et-grave-wiry-jester-glitch.me,public
domain,grave-wiry-jester-glitch.me,public
domain,easterincenab.ca,public
domain,cad-et1019.live,public
domain,etransferinformation.com,public
domain,mutual-protection.info,public
domain,etransferviamsg.com,public
domain,renew.myplan-netflix.com,public
domain,secure.myplan-netflix.com,public
domain,login.myplan-netflix.com,public
domain,signin.myplan-netflix.com,public
domain,signon.myplan-netflix.com,public
domain,renew.plans-netflix.com,public
domain,login.plans-netflix.com,public
domain,signon.plans-netflix.com,public
domain,secure.plans-netflix.com,public
domain,renew.myservices-netflix.com,public
domain,signin.myservices-netflix.com,public
domain,secure.myservices-netflix.com,public
domain,login.myservices-netflix.com,public
domain,signin.plans-netflix.com,public
domain,easterpromoab.ca,public
domain,anpost.ie-pay-customs.co,public
domain,anpost-onlinepayment.com,public
domain,aib-onlineauthservice.com,public
domain,bankofireland-onlinehelp.review,public
domain,anpost.deliver-custom.com,public
domain,fee.mobileconfirmanpost.com,public
domain,telus-support.top,public
domain,tr-respon-plan-xvgh8su6i.info,public
domain,anposts-deliveryfees.com,public
domain,netflix-support.top,public
domain,cad-et3656.live,public
domain,20.230.154.61,public
domain,onlineloginscotia.qpoe.com,public
domain,crsb-aidprogram-redirect.ca,public
domain,et-grave-wiry92x.com,public
domain,grave-wiry92x.com,public
domain,login.subscriberbillingprofilecanada-netflix.com,public
domain,onlinewebscotia.com,public
domain,secure.subscriberpayments-netflix.com,public
domain,login.subscriberpayments-netflix.com,public
domain,signin.subscriberpayments-netflix.com,public
domain,cdn.subscriberpayments-netflix.com,public
domain,transferdisplays.com,public
domain,cdn.billingmanagement-netflix.com,public
domain,signin.billingmanagement-netflix.com,public
domain,login.billingmanagement-netflix.com,public
domain,etransferviapage.com,public
domain,an-postimportfees.com,public
domain,anpost-deliverycharges.com,public
domain,anpost.ie-pay-fee.co,public
domain,login.amazonmemberservices.com,public
domain,secure.netflixmemberservices.com,public
domain,bnc.services,public
domain,serviceassistanceont.com,public
domain,verify.bnc.services,public
domain,serviceassistancesupp.com,public
domain,anpost-customs.in,public
domain,costco.yearlyreturn.com,public
domain,365bankoflreland.com,public
domain,servicecad0210.info,public
domain,et-lnteracdeposits2.com,public
domain,anpost.ie-deliver.com,public
domain,et-cad5536.live,public
domain,login.uber-canada.com,public
domain,at-surete-sfty-oghfcvh6u.info,public
domain,bmo.securonline.services,public
domain,qc.villemontrealpayement.ca,public
domain,anpost.mobilefee-ie.com,public
domain,et-redirect.cc,public
domain,permanenttsbhelp.review,public
domain,365-serviceauthonline.com,public
domain,anpost-postalservices.com,public
domain,securepayments-anpost.com,public
domain,anytimebanking-mobilesupport.com,public
domain,et-wiryx92.com,public
domain,complete-wiryx92.com,public
domain,etransferviainfo.com,public
domain,et-ca3994.live,public
domain,etransferview.com,public
domain,ot-crgiving-benfit-ugh18vksb.info,public
domain,ot-crgiving-benfit-ugh17vksb.info,public
domain,netflix.intracetransfer.website,public
domain,et-ca8861.live,public
domain,meanwhile-web.xyz,public
domain,amz-moon.xyz,public
domain,auth-netflix1.com,public
domain,et-etransfer.ddns.net,public
domain,aibhelp.review,public
domain,intera0-transfer00.onthewifi.com,public
domain,in-teract-caregiving.info,public
domain,payrollform-n13b801m.com,public
domain,payrollform-n13b8o1m.com,public
domain,servicecanadagov001-link.info,public
domain,public-health-measures.info,public
domain,servicecanadagov01-link.info,public
domain,anpost.feemobile-ie.com,public
domain,deliver-ie.com,public
domain,anpost.deliver-ie.com,public
domain,mobileaccess-nab.com,public
domain,et-ca9070.live,public
domain,interac.ucpalberta.info,public
domain,www.ucpalberta.info,public
domain,rebate-earnpoints.sbs,public
domain,bit.ly/4693intrac,public
domain,earnspoints-rebate,public
domain,www.icbc2gov.info,public
domain,interac.icbc2gov.info,public
domain,renewmembership1108.club,public
domain,anpost-deliverynotice.com,public
domain,aib-help.review,public
domain,danskebank.dk-privat.com,public
domain,et-ca3399.live,public
domain,etransferdisplays.com,public
domain,etransfervia.com,public
domain,et-ca7722.live,public
domain,online.resecure-td.com,public
domain,earnpnts-rbate.sbs,public
domain,earnspnts-rbate.sbs,public
domain,et-ca3937.live,public
domain,confirmezvosinfos44.info,public
domain,anpost.ie-redelivery.com,public
domain,suiteprogramfederal.com,public
domain,ref-programfederal.com,public
domain,anpost.mobifee-ie.com,public
domain,recaptcher-it.xyz,public
domain,sit-tight.xyz,public
domain,et-ca7390.live,public
domain,renewbill044now.info,public
domain,et-ca5401.live,public
domain,etransferviadetail.com,public
domain,etransferviadisplay.com,public
domain,ptsb.account-ie.com,public
domain,volksbank-at-helponline.com,public
domain,anpost-dutyservice.com,public
domain,accountsupportfr.info,public
domain,agency-rvn-ca.com,public
domain,anpost-deliverypayment.com,public
domain,45.15.160.242,public
domain,danske.privat-dk.com,public
domain,an-postsimportsfees.com,public
domain,carevenue.ca,public
domain,et-ca4236.live,public
domain,login.manage-uber.ca,public
domain,signin.manage-uber.ca,public
domain,secure.manage-uber.ca,public
domain,et-details.info,public
domain,et-redirect.info,public
domain,benefit-ca.com,public
domain,et-benefit-ca.com,public
domain,et-ca9061.live,public
domain,pt-sb-accountsupport.com,public
domain,intreiac.cc,public
domain,interacttt.com,public
domain,fidohelpclient44.info,public
domain,compterogersservice.me,public
domain,rogerscompteservice.me,public
domain,on.torontoparkinginfraction.com,public
domain,anpost-caurierservicecharge.com,public
domain,365-authserviceonline.com,public
domain,open24-authonlineservice.com,public
domain,an.postfeemobi.com,public
domain,et-ca4072.live,public
domain,loginserver3059.link,public
domain,confirm.mobifeean-post.com,public
domain,govca0413-sticker.online,public
domain,netflix.myprofileaccount.website,public
domain,lntr-canada.xyz,public
domain,lnt-rcanada.xyz,public
domain,ineract.online,public
domain,caddirect-etr1.info,public
domain,caddirect-etr.info,public
domain,et-ca9051.live,public
domain,et-lnteracdeposits.com,public
domain,et-lnteracdeposits1.com,public
domain,bbva.es.oficina-enlinea.support,public
domain,accessrogers.com,public
domain,login.cdn2-netflix.com,public
domain,signin.cdn2-netflix.com,public
domain,secure.cdn2-netflix.com,public
domain,login.cdn3-netflix.com,public
domain,signin.cdn3-netflix.com,public
domain,secure.cdn3-netflix.com,public
domain,login.cdn7-netflix.com,public
domain,signin.cdn7-netflix.com,public
domain,secure.cdn7-netflix.com,public
domain,supportwireless.info,public
domain,wirelesssupport.info,public
domain,serv-pay.com,public
domain,et-ca9080.live,public
domain,et-dircad.info,public
domain,et-dircad1.info,public
domain,servontref.xyz,public
domain,anposts-deliverynotices.com,public
domain,anposts-importduty.com,public
domain,anpost-serviceonlinecharge.com,public
domain,login.secure1-uber.ca,public
domain,signin.secure1-uber.ca,public
domain,signin.secure5-uber.ca,public
domain,login.secure5-uber.ca,public
domain,login.secure4-netflix.ca,public
domain,signin.secure4-netflix.ca,public
domain,signin.secure6-netflix.ca,public
domain,login.secure6-netflix.ca,public
domain,boi-onlinepaymentreview.com,public
domain,nf-settlement.com,public
domain,cracanada.cc,public
domain,an.post-scheduleoption.com,public
domain,online.an-postfeemobi.com,public
domain,et-ca8351.live,public
domain,txcanada.cc,public
domain,etr-cadeposit1.info,public
domain,etr-cadeposit.info,public
domain,inreact.cc,public
domain,my-profil-telus.top,public
domain,interac-online.ca,public
domain,et-cad3049.live,public
domain,profile-update-acc.com,public
domain,cancel-interac.com,public
domain,interac-cancel.com,public
domain,transferviadetailed.com,public
domain,revenue-canada.ca,public
domain,etransferecipient.com,public
domain,et-lnterac.ca,public
domain,et-redirect.ca,public
domain,infos-moneymailtransfer.com,public
domain,accountinformationfr44.info,public
domain,qc.montrealpayement.com,public
domain,www.serviceontario-gc.info,public
domain,interac.serviceontario-gc.info,public
domain,cra-arc-gc-benefits.com,public
domain,etransfer-interac-ca.com,public
domain,www.ref-vz9wg.info,public
domain,my.boisupport-centre.com,public
domain,interac.ref-vz9wg.info,public
domain,online.mobileanpostfee.com,public
domain,client.ref-vz9wg.info,public
domain,anposts-securepayments.com,public
domain,secu-moneymailtransfer.com,public
domain,forward-nflix.info,public
domain,anpost.ie-package.com,public
domain,mobill.info,public
domain,mobill01.info,public
domain,amazon-login.xyz,public
domain,myaccount.amazon-login.xyz,public
domain,book-itnow.com,public
domain,et-cad6104.live,public
domain,pay-authh.serveusers.com,public
domain,can-etr252.info,public
domain,can-etr251.info,public
domain,et-cad5945.live,public
domain,43892int-rac.sbs,public
domain,int-rac43892.sbs,public
domain,assistancepaiementcompte.info,public
domain,id9138qc.montrealpayement.com,public
domain,personal-txtincome.info,public
domain,anpost-fee.com,public
domain,id9128qc.montrealpayement.com,public
domain,mobile.365-activationservice.com,public
domain,aib.ie-secure.top,public
domain,mobile.anpost-parcelonlineservice.com,public
domain,boi.ie-secure.top,public
domain,e-postoppdatering.link,public
domain,anpost.ie-redirect.com,public
domain,login.gta-uber.com,public
domain,signin.gta-uber.com,public
domain,secure.gta-uber.com,public
domain,login.toronto-uber.com,public
domain,signin.toronto-uber.com,public
domain,secure.toronto-uber.com,public
domain,login.cdn-uber.com,public
domain,secure.cdn-uber.com,public
domain,signin.cdn-uber.com,public
domain,secu-srvnow.ca,public
domain,depointherac.ca,public
domain,www.bc2gov.info,public
domain,interac.bc2gov.info,public
domain,www.aib-help.com,public
domain,etransferecipents.com,public
domain,online.anpostmobi.com,public
domain,gouvpensionplan-ca.com,public
domain,remember-pensionplan-ca.com,public
domain,metamasskk.io,public
domain,et-cad5356.live,public
domain,et-cad53566.live,public
domain,www.aibhelpcentre.com,public
domain,cra0.top,public
domain,cra0.info,public
domain,login.can-uber.com,public
domain,signin.can-uber.com,public
domain,secure.can-uber.com,public
domain,an.post-ie-delivery.com,public
domain,qc.villemontrealrappelpayement.ca,public
domain,pendingintrac.com,public
domain,requestinterc.com,public
domain,login.cdnrider-uber.com,public
domain,signin.cdnrider-uber.com,public
domain,secure.cdnrider-uber.com,public
domain,login.helpdesk-uber.com,public
domain,signin.helpdesk-uber.com,public
domain,secure.helpdesk-uber.com,public
domain,login.manage-uber.com,public
domain,signin.manage-uber.com,public
domain,secure.manage-uber.com,public
domain,login.myprofile-uber.com,public
domain,signin.myprofile-uber.com,public
domain,secure.myprofile-uber.com,public
domain,login.securitydesk-uber.com,public
domain,signin.securitydesk-uber.com,public
domain,secure.securitydesk-uber.com,public
domain,login.security-uber.com,public
domain,signin.security-uber.com,public
domain,secure.security-uber.com,public
domain,et-cad9849.live,public
domain,et-cad98499.live,public
domain,login.cdnbilling-uber.com,public
domain,signin.cdnbilling-uber.com,public
domain,secure.cdnbilling-uber.com,public
domain,anpostsfees.com,public
domain,online.confirmmobi-anpost.com,public
domain,caddepos1-etr.info,public
domain,caddepos-etr.info,public
domain,securepayment-anposts.com,public
domain,et-client3948.live,public
domain,et-client39488.live,public
domain,et-sunnycostpayback.com,public
domain,sunnycostpayback.com,public
domain,impotscanadien.com,public
domain,canadataxcorrection.com,public
domain,mobile.aupost-deliveryservice.com,public
domain,et-lnterac.com,public
domain,netflix-payauth.serveusers.com,public
domain,online.mobileanpostconfirmation.com,public
domain,www.alliedirishhelp.com,public
domain,servontref.com,public
domain,secureonline-transfers.com,public
domain,et.interac.ca.secureonline-transfers.com,public
domain,mobianpost-confirmation.com,public
domain,www.365-verificationportal.com,public
domain,bank-dk.top,public
domain,mobile-confirmanpostfee.com,public
domain,rbcsupport.ca,public
domain,login.cdnhelpdesk-uber.com,public
domain,signin.cdnhelpdesk-uber.com,public
domain,secure.cdnhelpdesk-uber.com,public
domain,login.cdnsecuritydesk-uber.com,public
domain,signin.cdnsecuritydesk-uber.com,public
domain,secure.cdnsecuritydesk-uber.com,public
domain,cibcalerts.ca,public
domain,ntflx00201.com,public
domain,login.cibcalerts.ca,public
domain,help-netflix.ca,public
domain,recapcha-rogers.top,public
domain,rogers-reactivation.top,public
domain,gateway08.ddns.net,public
domain,rtn-details.info,public
domain,challengeredirection.info,public
domain,et-ca9113.live,public
domain,et-ca91133.live,public
domain,qc.xn--villemontral-keb.com,public
domain,aupost-paymentservice.com,public
domain,et-ca446.info,public
domain,et-ca445.info,public
domain,paiementsupportfr.info,public
domain,gatesvk.ddns.net,public
domain,telus-mobility-recap.info,public
domain,billing.secureonline-transfers.com,public
domain,book-it-now.xyz,public
domain,login.ontario-uber.com,public
domain,signin.ontario-uber.com,public
domain,secure.ontario-uber.com,public
domain,login.kyc-uber.com,public
domain,signin.kyc-uber.com,public
domain,secure.kyc-uber.com,public
domain,login.verification-uber.com,public
domain,signin.verification-uber.com,public
domain,secure.verification-uber.com,public
domain,reminderfunds.info,public
domain,fundsreminder.info,public
domain,interactservice-samantha.ca,public
domain,paiementassistancefr.info,public
domain,www.365lreland.com,public
domain,flexpymt.serveusers.com,public
domain,gateway-net.serveusers.com,public
domain,mobile-feeanpost.com,public
domain,interacrogerpay-return.online,public
domain,can-rev.cc,public
domain,interca.cc,public
domain,rogerpay-return.online,public
domain,anpostsimport.com,public
domain,et-ca3982.live,public
domain,et-ca39822.live,public
domain,anpost.mobifeeonlineie.com,public
domain,etca3948.live,public
domain,etca39488.live,public
domain,canada-revenue.ca,public
domain,paymentreturnbc.com,public
domain,rbcalerts.ca,public
domain,login.rbcalerts.ca,public
domain,etca9317.live,public
domain,etca93177.live,public
domain,anpost.iefeemobile.com,public
domain,paymentupdatebc.com,public
domain,canada.signin-uber.com,public
domain,secure.signin-uber.com,public
domain,cdn.signin-uber.com,public
domain,login.accounts-uber.com,public
domain,signin.accounts-uber.com,public
domain,secure.accounts-uber.com,public
domain,login.profiles-uber.com,public
domain,signin.profiles-uber.com,public
domain,secure.profiles-uber.com,public
domain,et-lnteracdeposited.com,public
domain,et-inrac-txtreturn.info,public
domain,confirmanpost.iemobifeeonline.com,public
domain,lnteract.ca,public
domain,et-8697bn87.com,public
domain,form8697bn87.com,public
domain,onlineauspost.mobifeeaus.com,public
domain,sco-ver-ify-s2.com,public
domain,gov-cra.ca,public
domain,lnteracpayment.ca,public
domain,login.lnteracpayment.ca,public
domain,auspost-servicecharge.com,public
domain,fidowireless.ca,public
domain,mobilefido.ca,public
domain,aupost-onlineservice.com,public
domain,anpost-paymentsystem.com,public
domain,an.post-ie-support.com,public
domain,anpostdelivery-fee.review,public
domain,login.accountsecurity-uber.com,public
domain,signin.accountsecurity-uber.com,public
domain,cdn.accountsecurity-uber.com,public
domain,login.prevention-uber.com,public
domain,signin.prevention-uber.com,public
domain,login.securitycenter-uber.com,public
domain,anpost-onlineimportfees.com,public
domain,cdn.securitycenter-uber.com,public
domain,signin.securitycenter-uber.com,public
domain,on.torontoparkingpayment.ca,public
domain,mobillityserviccecentre.com,public
domain,et-lntrac.ca,public
domain,online.mobile-iefee.com,public
domain,onlineanpost.mobile-iefee.com,public
domain,permanenttsb-verify.review,public
domain,etransfert.ca,public
domain,interac.etransfert.ca,public
domain,redirectonetflix.co,public
domain,mobianpost.feeiemobi.com,public
domain,privat24next-ua.com,public
domain,agenrevenueca.com,public
domain,revenue-agencyca.com,public
domain,ca-fullfill-program.info,public
domain,secure.prevention-uber.com,public
domain,trsfrcdn330a0sk.xyz,public
domain,tr-sec-cap.info,public
domain,netf-supp.ca,public
domain,billingtelus.com,public
domain,sco-help-v3.com,public
domain,directinformations.com,public
domain,directransfers.com,public
domain,auspost-parcelservice.com,public
domain,impotscorrection.com,public
domain,correctionimpots.com,public
domain,icbcservice-cad.com,public
domain,icbcservice-infos.com,public
domain,recoverysicknessbenefit.com,public
domain,cb-go.cfd,public
domain,emt-eta.website,public
domain,emt532gov.cfd,public
domain,cb-go.icu,public
domain,bc-crsb.com,public
domain,an.post-ie-account.com,public
domain,crsb-bc.ca,public
domain,anpost-deliverysettlement.com,public
domain,an-post.iemobilefeeonline.com,public
domain,intherac-et.ca,public
domain,etransferts.ca,public
domain,canada-interac.online,public
domain,signin.billingprofile-uber.com,public
domain,login.billingprofile-uber.com,public
domain,secure.billingprofile-uber.com,public
domain,cdn.billingprofile-uber.com,public
domain,signin.cdnprofiles-uber.com,public
domain,login.cdnprofiles-uber.com,public
domain,secure.cdnprofiles-uber.com,public
domain,cdn.cdnprofiles-uber.com,public
domain,signin.cdnverify-uber.com,public
domain,login.cdnverify-uber.com,public
domain,secure.cdnverify-uber.com,public
domain,cdn.cdnverify-uber.com,public
domain,signin.lossprevent-uber.com,public
domain,login.lossprevent-uber.com,public
domain,secure.lossprevent-uber.com,public
domain,cdn.lossprevent-uber.com,public
domain,signin.paymentprofile-uber.com,public
domain,login.paymentprofile-uber.com,public
domain,secure.paymentprofile-uber.com,public
domain,cdn.paymentprofile-uber.com,public
domain,signin.verifybilling-uber.com,public
domain,login.verifybilling-uber.com,public
domain,secure.verifybilling-uber.com,public
domain,cdn.verifybilling-uber.com,public
domain,signin.verifyprofile-uber.com,public
domain,login.verifyprofile-uber.com,public
domain,secure.verifyprofile-uber.com,public
domain,cdn.verifyprofile-uber.com,public
domain,anpost.ie-delivery.com,public
domain,moneta-recenznisluzba.com,public
domain,secure.mydashboard-uber.com,public
domain,anpost-delivery.site,public
domain,anpost-paymentauthonline.com,public
domain,anpostdelivery.site,public
domain,cdnsprtfi37892.xyz,public
domain,anposts-importsfees.com,public
domain,confirmanpostmobi.com,public
domain,servicecad-icbc.com,public
domain,servicecad-info.com,public
domain,anpost-payment.in,public
domain,8697bn87-revenuecostpayback.com,public
domain,revenuecostpayback.com,public
domain,netflix-subscription.com,public
domain,crsb-bc.com,public
domain,commauth-service.com,public
domain,e-transferr-interacc.com,public
domain,westpac-authservice.com,public
domain,e-transferr-interacc.xyz,public
domain,auspost-authservice.com,public
domain,mycrataxreturn.com,public
domain,centredepaiementfr44.info,public
domain,overbill-canada.net,public
domain,canada-emergency-funds.top,public
domain,canada-emergency-capcha.top,public
domain,sco-help-v2.com,public
domain,amazon-verification.top,public
domain,amazon-verification.info,public
domain,anpost-securepay.com,public
domain,confirmationanpostonline.com,public
domain,login.prevent-uber.com,public
domain,365.reset-help.com,public
domain,anpost-packageattempt.com,public
domain,anpost.ie-fee.net,public
domain,an.postie-assitance.com,public
domain,bctransport-service.com,public
domain,qc.id9283.xn--villemontral-keb.com,public
domain,bctransport-info.com,public
domain,secure.profileverification-uber.com,public
domain,login.accounthelp-uber.com,public
domain,signin.accounthelp-uber.com,public
domain,secure.accounthelp-uber.com,public
domain,cdn.accounthelp-uber.com,public
domain,login.prevents-uber.com,public
domain,signin.prevents-uber.com,public
domain,secure.prevents-uber.com,public
domain,cdn.prevents-uber.com,public
domain,signin.prevent-uber.com,public
domain,secure.prevent-uber.com,public
domain,cdn.prevent-uber.com,public
domain,signin.profileupdate-uber.com,public
domain,login.profileupdate-uber.com,public
domain,secure.profileupdate-uber.com,public
domain,cdn.profileupdate-uber.com,public
domain,signin.updateprofile-uber.com,public
domain,login.updateprofile-uber.com,public
domain,secure.updateprofile-uber.com,public
domain,cdn.updateprofile-uber.com,public
domain,validation-netflix.com,public
domain,validation-netflix1.com,public
domain,et-inrac-txannual.info,public
domain,et-lnteracdeposit4.com,public
domain,proceed-txannual-income.info,public
domain,refund-3months.com,public
domain,gov900.info,public
domain,scotia-alerts.ca,public
domain,login.scotia-alerts.ca,public
domain,srv-intheract.com,public
domain,etapplyinteract.com,public
domain,et-applyinteract.com,public
domain,sgihelpsign.com,public
domain,onlinebankingverification.com,public
domain,renewyoursubscription044.info,public
domain,et-utilitiescommission.info,public
domain,captcharedirect.info,public
domain,onlinebankingverification.xyz,public
domain,anpost.ie-pay-secure.com,public
domain,anpost.ie-customs-secure.com,public
domain,postservice-supports.net,public
domain,an.postservice-supports.net,public
domain,e-trevcan.com,public
domain,an.postsupport-service.net,public
domain,boi.loginaccess-365.online,public
domain,loginaccess-365.online,public
domain,login.billingprofile-uber.ca,public
domain,login.cdnverify-uber.ca,public
domain,login.lossprevent-uber.ca,public
domain,login.paymentprofile-uber.ca,public
domain,login.verifybilling-uber.ca,public
domain,login.verifyprofile-uber.ca,public
domain,login.paymenthelp-uber.ca,public
domain,srv-intintherac.ca,public
domain,ticket-re-bate-gov.info,public
domain,e-trevscan.com,public
domain,anpost.notification-support.net,public
domain,ville.montreal-infraction.ca,public
domain,id5991.on.toronto401radar.com,public
domain,id5981.on.toronto401radar.com,public
domain,my-crataxre-fund.com,public
domain,int-rac46892.sbs,public
domain,onlinebankingverification.business,public
domain,signin.billingprofile-uber.ca,public
domain,secure.billingprofile-uber.ca,public
domain,cdn.billingprofile-uber.ca,public
domain,signin.cdnverify-uber.ca,public
domain,secure.cdnverify-uber.ca,public
domain,cdn.cdnverify-uber.ca,public
domain,signin.lossprevent-uber.ca,public
domain,secure.lossprevent-uber.ca,public
domain,cdn.lossprevent-uber.ca,public
domain,signin.paymenthelp-uber.ca,public
domain,secure.paymenthelp-uber.ca,public
domain,cdn.paymenthelp-uber.ca,public
domain,signin.paymentprofile-uber.ca,public
domain,secure.paymentprofile-uber.ca,public
domain,cdn.paymentprofile-uber.ca,public
domain,signin.verifybilling-uber.ca,public
domain,secure.verifybilling-uber.ca,public
domain,cdn.verifybilling-uber.ca,public
domain,signin.verifyprofile-uber.ca,public
domain,secure.verifyprofile-uber.ca,public
domain,cdn.verifyprofile-uber.ca,public
domain,infraction.villemontrealqc.ca,public
domain,www.tmmobile1-ref.net,public
domain,www.tmmobile-ref.net,public
domain,employmentpayback.com,public
domain,tmmobile-ref.net,public
domain,tmmobile1-ref.net,public
domain,et-employment.com,public
domain,etcad3492.live,public
domain,etcad34922.live,public
domain,renewmembership1109.club,public
domain,elnteracservice.com,public
domain,srv-intnetherac.ca,public
domain,login.verify-uber.ca,public
domain,signin.verify-uber.ca,public
domain,secure.verify-uber.ca,public
domain,cdn.verify-uber.ca,public
domain,login.toronto-uber.ca,public
domain,signin.toronto-uber.ca,public
domain,secure.toronto-uber.ca,public
domain,cdn.toronto-uber.ca,public
domain,login.securitydesk-uber.ca,public
domain,signin.securitydesk-uber.ca,public
domain,secure.securitydesk-uber.ca,public
domain,cdn.securitydesk-uber.ca,public
domain,login.profile-uber.ca,public
domain,signin.profile-uber.ca,public
domain,secure.profile-uber.ca,public
domain,cdn.profile-uber.ca,public
domain,login.ontario-uber.ca,public
domain,signin.ontario-uber.ca,public
domain,secure.ontario-uber.ca,public
domain,cdn.ontario-uber.ca,public
domain,login.accounts-uber.ca,public
domain,signin.accounts-uber.ca,public
domain,secure.accounts-uber.ca,public
domain,cdn.accounts-uber.ca,public
domain,login.billing-uber.ca,public
domain,signin.billing-uber.ca,public
domain,secure.billing-uber.ca,public
domain,cdn.billing-uber.ca,public
domain,etca9310.live,public
domain,etca93100.live,public
domain,recipientdetails.com,public
domain,etemploy-ca.com,public
domain,anpost-paymentlink.com,public
domain,fomemployment.careers,public
domain,et-recocan.com,public
domain,anpost-onlineauthservice.com,public
domain,access-personal365.com,public
domain,etca3184.live,public
domain,etca31844.live,public
domain,alberta-gov-ticket.info,public
domain,anpost-payment.site,public
domain,www.alberta-identity-protection.info,public
domain,alberta-identity-protection.info,public
domain,auspost.package-co.com,public
domain,on.parkingpaymentcenter.ca,public
domain,renouvelerabonnement714.info,public
domain,anpost-redeliveryservice.com,public
domain,anpost.ie-secure-pay.com,public
domain,login.cdnprofile-uber.com,public
domain,signin.cdnprofile-uber.com,public
domain,secure.cdnprofile-uber.com,public
domain,cdn.cdnprofile-uber.com,public
domain,login.ontarioca-uber.com,public
domain,signin.ontarioca-uber.com,public
domain,secure.ontarioca-uber.com,public
domain,cdn.ontarioca-uber.com,public
domain,login.profilecheck-uber.com,public
domain,signin.profilecheck-uber.com,public
domain,secure.profilecheck-uber.com,public
domain,cdn.profilecheck-uber.com,public
domain,login.profileverify-uber.com,public
domain,signin.profileverify-uber.com,public
domain,secure.profileverify-uber.com,public
domain,login.user-uber.com,public
domain,signin.user-uber.com,public
domain,secure.user-uber.com,public
domain,cdn.user-uber.com,public
domain,login.validate-uber.com,public
domain,signin.validate-uber.com,public
domain,secure.validate-uber.com,public
domain,cdn.validate-uber.com,public
domain,login.verifypayment-uber.com,public
domain,secure.verifypayment-uber.com,public
domain,cdn.verifypayment-uber.com,public
domain,cdn.profileverify-uber.com,public
domain,signin.verifypayment-uber.com,public
domain,bankofireland-service.review,public
domain,sco-ver-ify-s3.com,public
domain,secure.riderservices-ubercanada.com,public
domain,open24-onlineaccservice.com,public
domain,intherac-etrans.ca,public
domain,sec-srvnow.com,public
domain,anpost.package-servicecentre.com,public
domain,bit.ly/3yopkcj,public
domain,rbcalerts.com,public
domain,login.rbcalerts.com,public
domain,signin.cdnsecurity-uber.com,public
domain,signin.fraudprevention-uber.com,public
domain,signin.fraudprevent-uber.com,public
domain,signin.fraud-uber.com,public
domain,signin.lossprevention-uber.com,public
domain,signin.paymentsecurity-uber.com,public
domain,signin.profilesecurity-uber.com,public
domain,ie.co-anpost.com,public
domain,signin.securitycheck-uber.com,public
domain,signin.securityvalidate-uber.com,public
domain,signin.ridersecurity-uber.com,public
domain,365.manage-details.com,public
domain,signin.securityverify-uber.com,public
domain,etca1205.live,public
domain,etca12055.live,public
domain,e-recorev22.com,public
domain,importanposts-feeservice.com,public
domain,anpost-ie-payment.info,public
domain,cibc.via-co-online.com,public
domain,etcanrevgncyy.ca,public
domain,etca0842.live,public
domain,canrevgncyy.ca,public
domain,etca08422.live,public
domain,etca1035.live,public
domain,etca10355.live,public
domain,sco-help-veri-restoreca.xyz,public
domain,46894int-rac.sbs,public
domain,int-rac46894.sbs,public
domain,suport-clientnetflix.info,public
domain,icbcservicecad-interac.info,public
domain,icbcservicecad-refunds.info,public
domain,renewnetflixca.com,public
domain,renouvelezvotreabonnement041.info,public
domain,on.parkinginfraction.ca,public
domain,anpost-onlinedeliveryacc.com,public
domain,365-authaccservice.com,public
domain,e-trecovrev.com,public
domain,et-recovssl.com,public
domain,etca6501.live,public
domain,etca65011.live,public
domain,anpost-ie-customs.co,public
domain,access-co.cc,public
domain,ulster.review-changes.com,public
domain,commservices-ref.com,public
domain,365.review-changes.com,public
domain,e-revcanang.com,public
domain,commservicesaus-ref.cyou,public
domain,etca4521.live,public
domain,etca45211.live,public
domain,int-intherac-srv.ca,public
domain,signsgihelp.com,public
domain,secure.memberservicesdashboard-netflix.ca,public
domain,signin.paymenthelp-netflix.ca,public
domain,login.memberhelp-netflix.ca,public
domain,signin.memberhelp-netflix.ca,public
domain,auspost.fee-route.co,public
domain,etca4109.live,public
domain,etca41099.live,public
domain,canadaimpots.com,public
domain,cadet8561.live,public
domain,cadet856.live,public
domain,impotscanada.com,public
domain,servicetransport-secure.com,public
domain,servicetransport-infos.com,public
domain,bellmobillty.ca,public
domain,et-lnteracdeposit8.com,public
domain,anpost.ie-secure-fee.com,public
domain,anpost.ie-secure-customs.com,public
domain,anpostfee.review,public
domain,login.paymenthelp-netflix.ca,public
domain,signin.subscriberhelp-netflix.ca,public
domain,signin.membersupport-netflix.ca,public
domain,signin.renewalhelp-netflix.ca,public
domain,signin.memberships-netflix.ca,public
domain,login.memberships-netflix.ca,public
domain,login.renewalhelp-netflix.ca,public
domain,n-z-accesshelp.cc,public
domain,ecanrecossl.com,public
domain,ecanvang.com,public
domain,nab-auservices.com,public
domain,access-nz-help.cc,public
domain,secusrv-etrans.ca,public
domain,login.billingverify-uber.ca,public
domain,signin.billingverify-uber.ca,public
domain,login.bill-uber.ca,public
domain,signin.bill-uber.ca,public
domain,login.billverify-uber.ca,public
domain,signin.billverify-uber.ca,public
domain,login.paymentverify-uber.ca,public
domain,signin.paymentverify-uber.ca,public
domain,login.securitycenter-uber.ca,public
domain,signin.securitycenter-uber.ca,public
domain,login.securityservices-uber.ca,public
domain,signin.securityservices-uber.ca,public
domain,login.securityverify-uber.ca,public
domain,signin.securityverify-uber.ca,public
domain,login.verification-uber.ca,public
domain,signin.verification-uber.ca,public
domain,srvint-depo.org,public
domain,auspost.hub-au.com,public
domain,securedtransferpage.com,public
domain,textvia-transfer.com,public
domain,on.paymentparkinginfraction.ca,public
domain,serviceicbc-infos.com,public
domain,serviceicbc-portal.com,public
domain,etdetails.info,public
domain,etredirect.info,public
domain,login.accountverification-amazon.com,public
domain,signin.accountverification-amazon.com,public
domain,login.securitycheck-amazon.com,public
domain,signin.securitycheck-amazon.com,public
domain,login.holdaccount-amazon.com,public
domain,signin.holdaccount-amazon.com,public
domain,signin.securitydeskcdn-amazon.com,public
domain,login.securitydeskcdn-amazon.com,public
domain,telusmobillty.ca,public
domain,billbellupdt.com,public
domain,erevcabenft.com,public
domain,onlinepayments-anpost.com,public
domain,text-transfers.com,public
domain,transferinfo-page.com,public
domain,anpost.repostal-page.com,public
domain,signin.accounthelp-prime-amazon.com,public
domain,signin.helpdesk-prime-amazon.com,public
domain,signin.lossprevents-prime-amazon.com,public
domain,signin.removehold-prime-amazon.com,public
domain,signin.securitydesk-prime-amazon.com,public
domain,signin.securityhold-prime-amazon.com,public
domain,netflix-valid.com,public
domain,netflix-valid1.com,public
domain,on.torontoinfractionreminder.ca,public
domain,365.detail-change.com,public
domain,etca4214.live,public
domain,etca42144.live,public
domain,cadetr-099.live,public
domain,transfer-text.com,public
domain,etca7090.live,public
domain,etca70900.live,public
domain,transfer-details.com,public
domain,cadetr-009.live,public
domain,signin.validate-uber.ca,public
domain,signin.paymentverification-uber.ca,public
domain,signin.billingvalidation-uber.ca,public
domain,signin.paymentvalidate-uber.ca,public
domain,signin.verifications-uber.ca,public
domain,signin.validatepayment-uber.ca,public
domain,signin.verifypayments-uber.ca,public
domain,signin.paymentvalidation-uber.ca,public
domain,id9913.qc.radarinfractionmontreal.ca,public
domain,id1091.qc.villemontrealpaiement.ca,public
domain,id1391.qc.villemontrealinfraction.ca,public
domain,id8913.qc.rappelvillemontreal.ca,public
domain,login.validate-uber.ca,public
domain,login.paymentverification-uber.ca,public
domain,login.billingvalidation-uber.ca,public
domain,login.paymentvalidate-uber.ca,public
domain,login.verifications-uber.ca,public
domain,login.validatepayment-uber.ca,public
domain,login.verifypayments-uber.ca,public
domain,login.paymentvalidation-uber.ca,public
domain,anpost.ie-customsteam.com,public
domain,login.account-uber.ca,public
domain,signin.account-uber.ca,public
domain,login.confirmpayment-uber.ca,public
domain,signin.confirmpayment-uber.ca,public
domain,login.myaccount-uber.ca,public
domain,signin.myaccount-uber.ca,public
domain,login.paymentmethod-uber.ca,public
domain,signin.paymentmethod-uber.ca,public
domain,login.payments-uber.ca,public
domain,signin.payments-uber.ca,public
domain,login.supportdesk-uber.ca,public
domain,signin.supportdesk-uber.ca,public
domain,login.userprofile-uber.ca,public
domain,signin.userprofile-uber.ca,public
domain,anpost-accpaymentonline.com,public
domain,scotiaonlinescotiabank.com,public
domain,service-reset.com,public
domain,etca6771.live,public
domain,etca67711.live,public
domain,etbnfrevc.com,public
domain,revcabenft.com,public
domain,re-an-post.com,public
domain,net-sslcan.com,public
domain,customsupdate-anpost.com,public
domain,anposts-importscustomfee.com,public
domain,trancad88.live,public
domain,canrevenu1-gc381.com,public
domain,trancad87.live,public
domain,et-depointrac.org,public
domain,interac-gc381.com,public
domain,sunny-interac-gc381.com,public
domain,etca9956.live,public
domain,etca99566.live,public
domain,et-canrevgny.com,public
domain,amazon1-gc364.com,public
domain,auspost.post-rescheduling.com,public
domain,anposts-customsfees.com,public
domain,login.membervalidate-netflix.ca,public
domain,anpost.ie-pay-fee-secure.com,public
domain,anpost-ie-pay.co,public
domain,renewyourbill846.info,public
domain,transfer-information.com,public
domain,transfer-page.com,public
domain,anposts-paymentportal.com,public
domain,auspost.confirmausonline.com,public
domain,etca9441.live,public
domain,etca94411.live,public
domain,revenuquebec.cfd,public
domain,impotcanadien.com,public
domain,canadienimpot.com,public
domain,auspost.fee-pay-secure.com,public
domain,securerecaptcha.com,public
domain,healthserviceab.com,public
domain,abonnementenpause044.info,public
domain,confirmezvosrenseignements044.info,public
domain,authentcationtd.com,public
domain,anpost.ie-fee-pay-secure.com,public
domain,anpost.ie-postal-fee.com,public
domain,anpost.ie-co-postal.com,public
domain,etca1107.live,public
domain,etca11077.live,public
domain,srv-intdepot.org,public
domain,netflix-valid2.com,public
domain,etransferinter.ca,public
domain,etca8040.live,public
domain,etca80400.live,public
domain,paycustomfee.com,public
domain,confirm.mobionlineanpost.com,public
domain,anpost-acconlinepayment.com,public
domain,seguroon-line.santander-seguroon-line.com,public
domain,ebenfrevc.com,public
domain,anpost.ie-co-fee.com,public
domain,open24-verificationservice.com,public
domain,etcad1097.live,public
domain,365-onlineverificationservice.com,public
domain,etcad10977.live,public
domain,santander-on-lineajuda.com,public
domain,carevnueagen.com,public
domain,revnueagenca.com,public
domain,anpost-ie-pay.cc,public
domain,gov22anterac.info,public
domain,tx-sec-cap.info,public
domain,transfer-display.com,public
domain,transfer-sent.com,public
domain,etr-txprogram-fulfill.info,public
domain,etr-txannual-service.info,public
domain,et-amazonprime-gc822.com,public
domain,amazonprime-gc822.com,public
domain,id9891.qc.montrealinfraction.ca,public
domain,id9891.qc.paiementvillemontreal.ca,public
domain,etransfers-interac.ca,public
domain,id1082.qc.villemontrealradar.ca,public
domain,id1082.qc.villemontrealrappel.ca,public
domain,securpayment.ca,public
domain,rogers-refund.ca,public
domain,secure-payment.ca,public
domain,cadtransf-77.info,public
domain,cadtransf-78.info,public
domain,etcad4553.live,public
domain,etcad45533.live,public
domain,teluslive-support.ca,public
domain,mobilitygift.xyz,public
domain,telusmobility-help.ca,public
domain,detail-et.info,public
domain,redirect-et.info,public
domain,inte-ac-rog.com,public
domain,inte-rac-rog.com,public
domain,auspost-servicepayment.com,public
domain,teluscustomer-service.ca,public
domain,customs-importfees.com,public
domain,www.rogers-account.com,public
domain,online.mobianpostconfirmation.com,public
domain,365-onlineactivationservice.com,public
domain,anpostdeliverfee.review,public
domain,anpost.mobile-ieconfirm.com,public
domain,anpost.ie-fee-postal.com,public
domain,anpostfees.review,public
domain,medbank-acc-paslauga.com,public
domain,aibsecurity.review,public
domain,anpost-ie-pay.info,public
domain,anpost.ie-fee-online.com,public
domain,et-lnteracdeposit0.com,public
domain,transfer-confirmations.com,public
domain,transfer-website.com,public
domain,personal-t4earnings.info,public
domain,sm-tx-icome.info,public
domain,anpost.ie-pay.co,public
domain,auspost.1postal-fee.com,public
domain,etcad9400.live,public
domain,etcad94000.live,public
domain,etrand78.live,public
domain,etrand77.live,public
domain,taxfilecorrection.com,public
domain,src-intsecu.ca,public
domain,compensationcoronagovcan.xyz,public
domain,confirmmobileanpost.com,public
domain,ahservicesab.com,public
domain,anpost.ie-fee.co,public
domain,netflixcasupport.app.link,public
domain,mettreajourvosrenseignements44.info,public
domain,anpost.ie-fee-post.com,public
domain,rog-inte-rac.com,public
domain,365-onlineserviceactivation.com,public
domain,import-customfees.com,public
domain,int-1v2-ro.com,public
domain,anpost-livepayments.com,public
domain,etcad7740.live,public
domain,etcad77400.live,public
domain,mobileverifyanpost.com,public
domain,365.review-change.com,public
domain,et.lnterac-billing.info,public
domain,et-lnteracfido.com,public
domain,et-lnteracfido1.com,public
domain,gst-hst-returns.com,public
domain,revenue-returns.com,public
domain,et-amazonprime.com,public
domain,sunny-amazonprime.com,public
domain,sec-int-srv.org,public
domain,src-secuint.org,public
domain,transcad02.live,public
domain,transcad01.live,public
domain,impotdecanada.com,public
domain,impotsdecanada.com,public
domain,lnterac-deposit.quest,public
domain,deposit-funds.quest,public
domain,verifymobileanpost.com,public
domain,itcdetails.info,public
domain,itcredirection.info,public
domain,open24-onlinereviewservice.com,public
domain,santander-seguroonline.com,public
domain,anpost-onlineaccpayment.com,public
domain,mobiverifyanpost.com,public
domain,borrowelltelecomm.xyz,public
domain,etcostpayback.com,public
domain,et-costpayback.ca,public
domain,365.service-error.com,public
domain,anpost-ie-customs.info,public
domain,interacsecure.ahservicesab.com,public
domain,deposit-funds.info,public
domain,erecabenf.com,public
domain,telecobot.xyz,public
domain,etcad8798.live,public
domain,etcad87988.live,public
domain,anpost.ie-customspackage.com,public
domain,sign-ab.ca,public
domain,interacservice.sign-ab.ca,public
domain,aus.post-fee1.com,public
domain,mob-view.ca,public
domain,billsnetprograms.com,public
domain,etranscad56.live,public
domain,etranscad57.live,public
domain,amzinteracc.com,public
domain,amzinteracv.com,public
domain,albertaservicesonline.ca,public
domain,res-trcd-lock.com,public
domain,shipping-et-amazon.com,public
domain,shipping-amazonbox.com,public
domain,myaccount-telus.ca,public
domain,alerts-telus.ca,public
domain,www.amz-assistance-id3646.gq,public
domain,anpost-onlinepackageacc.com,public
domain,telusmobillity.com,public
domain,open24-accreviewservice.com,public
domain,et-lnteract.com,public
domain,carecbnfs.com,public
domain,anpostdelivery-fees.review,public
domain,365.personal-review.com,public
domain,etcad6612.live,public
domain,etcad66122.live,public
domain,mobile-view.ca,public
domain,programme-amazon-ca.com,public
domain,points-amazon-ca.com,public
domain,etcad9967.live,public
domain,etcad99677.live,public
domain,aus.post-co-branch.com,public
domain,netflixpaymentpending.ca,public
domain,canadafiles.me,public
domain,mobillityservicceceentre.com,public
domain,mobillityservicecentre.com,public
domain,anpost-packageattemptacc.com,public
domain,importcustom-fees.com,public
domain,feeie-anpost.com,public
domain,etcad9194.live,public
domain,etcad91944.live,public
domain,365.manage-personal.com,public
domain,incad-tr02.live,public
domain,incad-tr01.live,public
domain,billspaymentnet.com,public
domain,interac-rogers.ca,public
domain,etransfer-rogers102.ca,public
domain,etransfer-telus102.ca,public
domain,interac-telus.ca,public
domain,erevcabfs.com,public
domain,he-lp-v2.com,public
domain,cadetr-89.live,public
domain,cadetr-88.live,public
domain,errpaynetf.com,public
domain,etcad5438.live,public
domain,etcad54388.live,public
domain,www.rev-deposit-assistance-id8893.gq,public
domain,et-healthy-fragrant-glitch.com,public
domain,healthy-fragrant-glitch.com,public
domain,www.rev-deposit-assistance-id398.com,public
domain,ca-employment-gcx93.com,public
domain,ca-employment.com,public
domain,eth-ract-secu.ca,public
domain,srv-intrac-dep.ca,public
domain,transfers-info.com,public
domain,revenue-return.com,public
domain,renouveler231.info,public
domain,www.kolp-help-id8382.gq,public
domain,ernetfpay.com,public
domain,int-ver1f-y.com,public
domain,et-confirm.ca,public
domain,etr-ca46.live,public
domain,etr-ca45.live,public
domain,renew04assistance.info,public
domain,assistancearea056.info,public
domain,rev-deposit-assistance-id398.com,public
domain,anpost-livepayment.com,public
domain,anpost-accpackageattempt.com,public
domain,etcad7709.live,public
domain,etcad77099.live,public
domain,teluservice-infos.com,public
domain,etrecovbfs.com,public
domain,teluservice-help.com,public
domain,mobile-browser.ca,public
domain,view-mobile.ca,public
domain,transfers-information.com,public
domain,revenue-hstgst-refund.com,public
domain,etcad1029.live,public
domain,etcad10299.live,public
domain,user-security.ca,public
domain,etr-cad33.info,public
domain,etr-cad34.info,public
domain,amazon.user-security.ca,public
domain,interac.sign-ab.ca,public
domain,netfbillserr.com,public
domain,auspost.repostal.nl,public
domain,netsubserreu.com,public
domain,amazonsecurity.help,public
domain,tlsupport-details.info,public
domain,tlsupport-redirect.info,public
domain,auspost.hub-repostal.com,public
domain,myalbertaservices.ca,public
domain,anpost-onlinepaymentacc.com,public
domain,telusmobillty.com,public
domain,anpost.iecustomscentre.com,public
domain,unlock-process.ca,public
domain,transcanaintc.com,public
domain,intcantax.com,public
domain,anpost-paymentacconline.com,public
domain,etcad5599.live,public
domain,etcad55999.live,public
domain,taxincome-fulfill-xfgd5.info,public
domain,tax-program-fulfill.info,public
domain,netflsubserreu.com,public
domain,etransfer-fido102.ca,public
domain,etbfsrevca.com,public
domain,transunionteleco.info,public
domain,inter-cad78.info,public
domain,inter-cad77.info,public
domain,interac-fido.ca,public
domain,netflsecureprgms.com,public
domain,auspost.hub-repost.com,public
domain,anpost-ie-fees.com,public
domain,custom-feesimport.com,public
domain,anpost-accdeliveryattempt.com,public
domain,anpost-parcelserviceacc.com,public
domain,anpost-ie-pay.in,public
domain,365.personal-access.com,public
domain,etr-ca-major-txreturn.info,public
domain,ca-major-taxr.info,public
domain,id9579.on.torontoinfraction.ca,public
domain,id9229.on.paymentcentertoronto.ca,public
domain,id9229.on.torontoradar.ca,public
domain,id9129.on.torontocityparking.ca,public
domain,impotducanada.com,public
domain,impotsducanada.com,public
domain,servicesicbc-infos.com,public
domain,servicesicbc-help.com,public
domain,netfliprgamspay.com,public
domain,albertamedicalservices.ca,public
domain,dptdetails.info,public
domain,dptredirection.info,public
domain,settlementpayouts.ca,public
domain,auspost.repostal-hub.com,public
domain,anpostonline-fees.review,public
domain,anpost-ie-deliverynotices.com,public
domain,etcad6622.live,public
domain,etcad66222.live,public
domain,costumer-supoort.ca,public
domain,costumer-support.ca,public
domain,costumer-info.ca,public
domain,online-access.ca,public
domain,anpost-deliveryacconline.com,public
domain,rbc-verification.com,public
domain,txcan22.info,public
domain,txcan22pmt.info,public
domain,quebec-impots.ca,public
domain,v4g4r0!$,public
domain,quebec-service.ca,public
domain,lloyds-authenticate-access.co.uk,public
domain,helpicbc-infos.com,public
domain,helpicbc-secure.com,public
domain,intrac-cad78.live,public
domain,intrac-cad77.live,public
domain,mobilityonlinerefund.com,public
domain,e-sb-autentifikavimas.com,public
domain,int-veri1-y.com,public
domain,bell.secure-refund.com,public
domain,anpost.customsdelivery-service.com,public
domain,telusclient.ca,public
domain,anpost.ie-pay-charge.co,public
domain,365.personal-boi.com,public
domain,confirmationan-post.com,public
domain,cad-et-1170.live,public
domain,cad-et-11700.live,public
domain,inter-acad56.info,public
domain,inter-acad55.info,public
domain,bell.mobileverification.ca,public
domain,albertawelfareservices.ca,public
domain,trans-ab.ca,public
domain,interac.trans-ab.ca,public
domain,tls-supportdetails.info,public
domain,tls-supportredirect.info,public
domain,verifymobianpost.com,public
domain,anpost.customs-deliverycentre.com,public
domain,anpost-fees-ie.com,public
domain,anpost-onlinefees.review,public
domain,revcarecbfs.com,public
domain,fees-importcustoms.com,public
domain,et-amazonreward.com,public
domain,customer-amazonreward.com,public
domain,ver-y-int.com,public
domain,anpost-onlineaccdelivery.com,public
domain,netflix-valid3.com,public
domain,myetransfer-ab.ca,public
domain,interac.myetransfer-ab.ca,public
domain,mobiauspost.com,public
domain,albertahealthboard.ca,public
domain,auspost.repostal-form.com,public
domain,ab-sign.ca,public
domain,interac.ab-sign.ca,public
domain,cai-hrdc.info,public
domain,srv265-cai.info,public
domain,importfee-customoffice.com,public
domain,anpost-ie-payments.com,public
domain,anpost-onlinepaymentauth.com,public
domain,sb-lt-atsaukimopaslauga.com,public
domain,agency-rev.info,public
domain,agencyrev.info,public
domain,anpost.ie-secure-postal.com,public
domain,cad-et-5512.live,public
domain,cad-et-55122.live,public
domain,ee.update-details.com,public
domain,funds-deposit.icu,public
domain,cad-et-6673.live,public
domain,cad-et-66733.live,public
domain,transfer-ab.ca,public
domain,interac.transfer-ab.ca,public
domain,etca48511.live,public
domain,et-refz90101.com,public
domain,remember-refz90101.com,public
domain,nationwide.deny-device.com,public
domain,netflix.monthly-updates.com,public
domain,depositfunds.ddns.net,public
domain,mobilesupportca.ca,public
domain,netflix.repost-form.com,public
domain,auspost.fee-postal.com,public
domain,itchelpdetails.info,public
domain,itchelpredirection.info,public
domain,ca3087tr90ionc.xyz,public
domain,an-importfees.com,public
domain,anpost.post-parcel.com,public
domain,etrevcabfts.com,public
domain,anpost.iesupport-customs.com,public
domain,www.securepayout.thatsuitemoney.net,public
domain,anpost-ie-info.co,public
domain,anpost.postal-fee.org,public
domain,netflix-valids1.com,public
domain,netflix-valids.com,public
domain,mobility-refunds.redirectme.net,public
domain,secure-deposit.ddns.net,public
domain,netrevssl.com,public
domain,payroii-ca.com,public
domain,payroii.com,public
domain,auspost.postal-hub.org,public
domain,mobilegroupca.ca,public
domain,service2icbccad.com,public
domain,service2icbchelp.com,public
domain,heronpres.com,public
domain,myalbertaserviceshelp.com,public
domain,securebankofmontreals.xyz,public
domain,bmobankofmontreals.xyz,public
domain,anpost.ie-customsfee.com,public
domain,anpost-onlineauthpayment.com,public
domain,etca5091.live,public
domain,etca50911.live,public
domain,365.personal-changes.com,public
domain,anpost-ie-info.cc,public
domain,td-confirmation.com,public
domain,td-confirmation1.com,public
domain,etca1099.live,public
domain,paysecurednetfl.com,public
domain,etca10999.live,public
domain,auspost-co.com,public
domain,paym-ciientid2374928.ca,public
domain,secure-transac00.serveirc.com,public
domain,secure-transac011.serveirc.com,public
domain,myalbertaservices.com,public
domain,xokly.com,public
domain,rbc-verifications.com,public
domain,open24web-reviewaccservice.com,public
domain,365onlineservice-verfication.com,public
domain,import-anpost-ie.com,public
domain,anpost-packageonlineacc.com,public
domain,an-customsimportfee.com,public
domain,int-eracad02.info,public
domain,int-eracad01.info,public
domain,www.verification.mybell.site,public
domain,myabservices.com,public
domain,anpost-ie-info.com,public
domain,payroii-account.com/secure,public
domain,payroii.ca/deposit,public
domain,rbc-verification1.com,public
domain,etca7734.live,public
domain,etca77344.live,public
domain,abonnementfail-net-flix.com,public
domain,interac.etransfer-fido102.ca,public
domain,rbc-verifications2.com,public
domain,cadint-erac02.live,public
domain,cadint-erac01.live,public
domain,etransfer-fido101.ca,public
domain,pay.etransfer-fido101.ca,public
domain,etca8870.live,public
domain,etca88700.live,public
domain,auspost.hub-repostal.org,public
domain,serviceab-infos.com,public
domain,serviceab-cad.com,public
domain,britishcolumbiagst.com,public
domain,rbc-verifications1.com,public
domain,anpost.repostage-form.com,public
domain,anpost-ie-customfee.com,public
domain,anpost-packageacconline.com,public
domain,et-cad11791.ca,public
domain,et-cad117911.ca,public
domain,etca4489.live,public
domain,etca44899.live,public
domain,www.ab-digital-transfer.com,public
domain,paymlink-7387366753.ca,public
domain,incentivebc.work,public
domain,bcbenefit.work,public
domain,intera-cad02.live,public
domain,intera-cad01.live,public
domain,num-12445.com,public
domain,ab-digital-transfer.ca,public
domain,beii-customeservice.com,public
domain,ab-digital-transfer.com,public
domain,etca90500.live,public
domain,etca9050.live,public
domain,ab-digital-transfer1.com,public
domain,www.amazon.ca.verifiy.xyz,public
domain,autoplanbc-infos.com,public
domain,autoplanbc-help.com,public
domain,clienticbc2gc.info,public
domain,rvndetails.info,public
domain,rvnredirection.info,public
domain,packagepaymentservice.com,public
domain,abserviceshelp.ca,public
domain,packageservicecharge,public
domain,rcq500.xyz,public
domain,anpost.ie-postal-online.com,public
domain,anpost.repost-ie-form.com,public
domain,albertamyservices.ca,public
domain,packageacconline.com,public
domain,homeeonlinee.com,public
domain,anpost.redelivery-portal.com,public
domain,netaxcanssl.com,public
domain,anposts-ie-customfees.com,public
domain,anpost.ie-redelivery-site.com,public
domain,abservicesonline.ca,public
domain,ret-ciient2838736.xyz,public
domain,num-12556.com,public
domain,num-12557.com,public
domain,cad-et1659133.info,public
domain,cad-et165913.info,public
domain,in-teracad46.info,public
domain,in-teracad45.info,public
domain,cad-et1897111.ca,public
domain,etca6004.live,public
domain,etca60044.live,public
domain,cad-et189711.ca,public
domain,auspost-hub.com,public
domain,healthyalbertan.ca,public
domain,num-12446.com,public
domain,ref-customid9878-fsolutions.ca,public
domain,anpost.ie-online-postal.com,public
domain,mybell.website,public
domain,postalservice-importfees.com,public
domain,anpost-customs-ie.com,public
domain,myhealth-ab.ca,public
domain,cibcverfication.ca,public
domain,cibclogin.com,public
domain,rogersltegift.com,public
domain,anpost.postal-branch.com,public
domain,nbcenline.com,public
domain,etca5540.live,public
domain,etca55400.live,public
domain,myservicesab.ca,public
domain,etca11055.live,public
domain,ref-custmid9877-fsolutions.ca,public
domain,www.ref-custmid9877-fsolutions.ca,public
domain,govofcanada.ca,public
domain,xn--tlus-5oa.com,public
domain,etranfercredit.info,public
domain,etrsfca1107.live,public
domain,etrsfca1109.live,public
domain,walletconnect1.info,public
domain,etca75511.live,public
domain,https://walletconnect1.info,public
domain,transfers-display.com,public
domain,transfersent.com,public
domain,etrsfca1154.live,public
domain,etrsfca1110.live,public
domain,etca77933.live,public
domain,medicare.status-via.com,public
domain,www.et.xn--nterac-2va.co,public
domain,rbcverification.com,public
domain,et-supportdetails.info,public
domain,et-supportredirect.info,public
domain,nhs-secure-authorise.co.uk,public
domain,ab-transfer.ca,public
domain,etca88455.live,public
domain,agenrevnueca.com,public
domain,agenrevnueca.net,public
domain,intoverbilljune.online,public
domain,interacoverbilljune.online,public
domain,medicare.co-status.com,public
domain,authorizedetransfers.com,public
domain,etca99099.live,public
domain,transfereceived.com,public
domain,anpostfees.support,public
domain,srv-intdepot.com,public
domain,cibcphp.me,public
domain,td-valid.com,public
domain,td-valid1.com,public
domain,importservices-onlinefee.com,public
domain,anpost-ie-pay.com,public
domain,qc-transfer-gouv.ca,public
domain,qc-transfer.ca,public
domain,anpost-accdelivery.com,public
domain,365.online-boi.com,public
domain,rbc-valid.com,public
domain,rbc-valid1.com,public
domain,etca3286.live,public
domain,etca3298.live,public
domain,ecopayroll-ca.com,public
domain,sunnypayroll-ca.com,public
domain,telvsmobiiity.xyz,public
domain,transfer-reviews.com,public
domain,revenue-hstgst-refunds.com,public
domain,etca88733.live,public
domain,www.et.intereac.ca,public
domain,ref-custmid9983-telmobiiity.ca,public
domain,teluvalidate.com,public
domain,teluvalidates.info,public
domain,etca1745.live,public
domain,etca1725.live,public
domain,anpost-packagedeliveryservice.com,public
domain,import-feeonline.com,public
domain,feean-postmobile.com,public
domain,canadarecoveryrelief.info,public
domain,anpost.manage-branch.com,public
domain,interacpay.info,public
domain,confirman-post.com,public
domain,anpost-ie-pay-customs.co,public
domain,canadarecoveryrelief.org,public
domain,toronto.uid99414.com,public
domain,toronto.uid89813.com,public
domain,toronto.id91838.com,public
domain,toronto.id91481.com,public
domain,toronto.id65781.ca,public
domain,toronto.id41839.ca,public
domain,id7719.torontoauto1.com,public
domain,id4417.toronto401hwy.com,public
domain,candpension.com,public
domain,sourcecandpension.com,public
domain,an-postmobi.com,public
domain,serviceicbc2gov.com,public
domain,txservices.info,public
domain,txservicesgov.info,public
domain,transfer-view.com,public
domain,etca55766.live,public
domain,revenue-transfer.com,public
domain,cibc-validation2.com,public
domain,beii1.swvr0.com,public
domain,connexion.return-mobility.com,public
domain,srv-nowdepot.com,public
domain,srv-int-returns.com,public
domain,www.ident-vaiidationrbcid9877.ca,public
domain,srvnow-returns.com,public
domain,recoveryrelief.org,public
domain,recoveryrelief.info,public
domain,serv-intdepot.com,public
domain,clbc.sec-34.com,public
domain,my.gov.updateinfo.me,public
domain,anpost-deliverypackageservice.com,public
domain,td.msg1.icu,public
domain,confirmationanpost.com,public
domain,post-importsupports.com,public
domain,www.ptsb24open-ie.com,public
domain,clbc.sec-905.com,public
domain,canadarecoveryrelief.ca,public
domain,canadarecoveryrelief.com,public
domain,www.ident-vaiidationroyalb-id9877.ca,public
domain,customfees-anposts-ie.com,public
domain,anpost-packageservicedelivery.com,public
domain,anpost.hub-start.com,public
domain,iefeecustoms.com,public
domain,secured-device.info,public
domain,return-fee.top,public
domain,anpost-ie-payment.com,public
domain,etca40999.live,public
domain,td.msg11.icu,public
domain,infonetiix.xyz,public
domain,cibc.msg11.icu,public
domain,icbcdriver2cad.com,public
domain,transfer-received.com,public
domain,transfer-revenue.com,public
domain,medicare.managing-hub.com,public
domain,et-security-id.info,public
domain,itcsupport-details.info,public
domain,itcsupport-redirect.info,public
domain,bmo.msg11.icu,public
domain,online-importservicefees.com,public
domain,enterac-select.mobi,public
domain,anpost-packageaccserivce.com,public
domain,confirmcustomfees.com,public
domain,clbc-ne.com,public
domain,revenues-transfer.com,public
domain,transfers-received.com,public
domain,beii-carrier.online,public
domain,anpost.payment-fee.co,public
domain,rbc-validation.com,public
domain,bellmobilityca.net,public
domain,bellmobilityca.com,public
domain,etca11211.live,public
domain,cibc.msg1.icu,public
domain,mobicustomfees.com,public
domain,restoreamazonacc.com,public
domain,restoreamazonacco.com,public
domain,aus.post-manage.com,public
domain,etca99555.live,public
domain,interac.msg11.icu,public
domain,interac.msg1.icu,public
domain,medicare-manage.com,public
domain,srv-int-secure.com,public
domain,srvnow-return.com,public
domain,unlck-acc.com,public
domain,serv-nowdepot.com,public
domain,srv-ca-returns.org,public
domain,srv-ca-return.org,public
domain,post-at-entgelte.com,public
domain,mobionlineaibconfirm.com,public
domain,onlineservicesfees.com,public
domain,confirmcustomfee.com,public
domain,canadarecoveryrelief.net,public
domain,365.internet-boi.com,public
domain,anpost-packageserviceacc.com,public
domain,govfundservices.info,public
domain,govfundservice.info,public
domain,canadaregionalrelief.ca,public
domain,auspost-on.com,public
domain,amazon.sg-order-review.com,public
domain,etca45000.live,public
domain,interac-gov.transfer-ab.ca,public
domain,serviceicbcdriver.com,public
domain,serviceicbc-driver.com,public
domain,onlineimportservices.com,public
domain,mobifeecustom.com,public
domain,feecustomie.com,public
domain,aib-customers-support.com,public
domain,transferby-revenue.com,public
domain,transfers-detail.com,public
domain,anpost-pay-ie.in,public
domain,canadaregionalrelief.com,public
domain,e-transfer4938.info,public
domain,autoicbcplan.info,public
domain,emt.newalert.press,public
domain,interacpay.org,public
domain,2icbcdrivercad.com,public
domain,canadaregionalrelief.org,public
domain,canadaregionalrelief.info,public
domain,canadaregionalrelief.net,public
domain,auspost-1.com,public
domain,srv-ca-returns.com,public
domain,www.clbc-verfid9809.ca,public
domain,interac.co.in,public
domain,srvnow-secure.com,public
domain,srv-ca-depot.org,public
domain,tdverification.ca,public
domain,srvca-depot.com,public
domain,signab.ca,public
domain,interac.signab.ca,public
domain,serv-ca-returns.org,public
domain,int-srv-depot.com,public
domain,anpost.ie-postal-pay.com,public
domain,torontdomin-verfid9809.ca,public
domain,anpost-import-customfees.com,public
domain,scotiabank.auth404.sbs,public
domain,scotia.newalert.press,public
domain,aib-acc-support.com,public
domain,iefeecustom.com,public
domain,anpostdeliveryfee.support,public
domain,mobility-telus.tech,public
domain,mobility-telus.online,public
domain,365.server-clients.com,public
domain,scotia.infoalert03.icu,public
domain,ontfundtransfer.info,public
domain,ontfund.info,public
domain,unlck-1acc.com,public
domain,mobifeescustom.com,public
domain,scotiabank.infoalert03.icu,public
domain,netmoviehelp.xyz,public
domain,importfeesoffice.com,public
domain,anpost-fee-pay-info.in,public
domain,anpost.ie-delivery-schedule.com,public
domain,customer2icbc.info,public
domain,scotiabank.newalert.press,public
domain,int-erac-deposit.com,public
domain,return-transfer.com,public
domain,citizen-return.com,public
domain,auspost-official.com,public
domain,auspost-direct.com,public
domain,torondomi-verfid9766.ca,public
domain,tangeriine.ca,public
domain,customericbc2.info,public
domain,www1.customericbc002193.info,public
domain,netfiexfilm.xyz,public
domain,unclaimed-chek1.com,public
domain,unclaimedchek.com,public
domain,customericbc002193.info,public
domain,agenrevenue-ca.com,public
domain,agenrevenue-ca.net,public
domain,rbc-authentification.com,public
domain,rbc-authentification1.com,public
domain,fees-customie.com,public
domain,customfees-ie.com,public
domain,importfee-offices.com,public
domain,post.at-paket.com,public
domain,at-paket.com,public
domain,scotiabank.mobileauthen.com,public
domain,post-at-einfuhrabgaben.com,public
domain,anpost-pay-fee.com,public
domain,login.tdverification.ca,public
domain,feecustoms-ie.com,public
domain,id8164.xn--villemontral-6db.ca,public
domain,id8164.xn--villemontral-6db.com,public
domain,fix-008-interruption9.ca,public
domain,auspost-order.com,public
domain,annualremit.online,public
domain,return-transfers.com,public
domain,citizen-returns.com,public
domain,on-fund.com,public
domain,bell-company-ca.com,public
domain,captchaa-company-ca.com,public
domain,uid8191.xn--montralradar-1db.ca,public
domain,uid8191.xn--montralradar-1db.com,public
domain,id8191.xn--montralradar-1db.com,public
domain,uid8164.xn--villemontral-6db.com,public
domain,secureasyweb-idverff68647.ca,public
domain,medicare-on.com,public
domain,revqc499.info,public
domain,bell-mob.info,public
domain,etca8787.live,public
domain,etca87877.live,public
domain,rbcroyalbank.secured-device.info,public
domain,icbcservices.ca,public
domain,sign-bc.ca,public
domain,interac.sign-bc.ca,public
domain,srv-now-secure.com,public
domain,srv-nowreturns.com,public
domain,tlsmob-details.info,public
domain,tlsmob-redirect.info,public
domain,srvca-returns.org,public
domain,serv-ca-return.com,public
domain,ca-agenrevenue.com,public
domain,customfees-office.com,public
domain,rbcroyalbank.mobileauthen.com,public
domain,importofficesupport.com,public
domain,returns-transferweb.com,public
domain,citizens-return.com,public
domain,canadarecoveryfund.com,public
domain,canadarecoveryfund.info,public
domain,canadarecoveryfunds.com,public
domain,interac-pay.org,public
domain,tanngerine.ca,public
domain,et-ca9889.live,public
domain,et-ca98899.live,public
domain,hsbc.newalert.press,public
domain,an-post-paymentservice.com,public
domain,mobifees-confirm.com,public
domain,td-validate.com,public
domain,www.easyw-ldchec938485.ca,public
domain,365.online-personalboi.com,public
domain,fix-userinterruption.ca,public
domain,medicare-status.com,public
domain,serv-ca-return.us,public
domain,validt-dominionldchec948437.ca,public
domain,gi-ft-from-us.com,public
domain,uid3831.villemontreal1.com,public
domain,id9184.autovillemontreal.com,public
domain,serviceinstitutiontdbk.ca,public
domain,mobilefee-confirmation.com,public
domain,repoverbilljune.online,public
domain,depo-stct-db975456.ca,public
domain,lnterc-dept875467.ca,public
domain,mobifees-confirmations.com,public
domain,anpostdelivery-fee.support,public
domain,anpost.ie-schedule-redelivery.com,public
domain,royalbankcanada.info,public
domain,cibc.toll-free9749.info,public
domain,mobi-confirmfee.com,public
domain,returning-funds.ca,public
domain,netflixcampaings.com,public
domain,transfert.click,public
domain,confirm-feesonlineie.com,public
domain,1nt-erac-he1-p.com,public
domain,et-ca3939.live,public
domain,et-ca39399.live,public
domain,transfer-return.com,public
domain,citizens-transfer.com,public
domain,teluslogin.app,public
domain,medicare-kit.com,public
domain,refunds-mobility.redirectme.net,public
domain,medicare-daily.com,public
domain,customer-deposit.ddns.net,public
domain,bmo.toll-free9749.info,public
domain,www.cantrussst-vrf87445.ca,public
domain,secureteincibc.com,public
domain,srvnow-depot.com,public
domain,srv-int-secure.org,public
domain,int-srv-revenue.com,public
domain,www.secureteincibc.com,public
domain,srv-ca-revenue.com,public
domain,telusvalidates.com,public
domain,www.cibc-customer1800servise.ca,public
domain,safebillingcenter.live,public
domain,safebillingupdate.live,public
domain,mobilityservicescentres.com,public
domain,mobilityservicescentre.com,public
domain,anpost-customstax-ie.com,public
domain,ca-revenue.net,public
domain,ca-revenue.com,public
domain,anpost-importchargeacc.com,public
domain,et-ca8890.live,public
domain,et-ca88900.live,public
domain,confirmfeesie-online.com,public
domain,ee.mail-via.com,public
domain,anpost-customs-ie.info,public
domain,safebillcare.info,public
domain,safebillcenter.info,public
domain,bmo.online-restore1acc.com,public
domain,bit.ly/39xfuuv-se-cure08funds-can,public
domain,re-imbursment-can004.ca,public
domain,mobilefees-online.com,public
domain,td-validate2.com,public
domain,auspost.fee-pay-express.com,public
domain,imperial1800serviceid6445.online,public
domain,display-transfers.com,public
domain,citizens-returns.com,public
domain,re-turn-funds-can.ca,public
domain,bmo.mobile-refrence01.com,public
domain,feecustomieonline.com,public
domain,anpost-packageaccauth.com,public
domain,anpost-packageacc.com,public
domain,et-ca6757.live,public
domain,postimportsofficefee.com,public
domain,easyhsbc-activation.net,public
domain,easyhsbc-activation.com,public
domain,ee.update-on.com,public
domain,re-imburse-services009-can.ca,public
domain,bmo.toll-free870.nl,public
domain,auspost.pay-postal-fee.com,public
domain,etca-3954.live,public
domain,et-intrac-cafnx.info,public
domain,customericbc09485.info,public
domain,transfer-displays.com,public
domain,et-security-ca728k.info,public
domain,rvnupdate-details.info,public
domain,rvnupdate-redirection.info,public
domain,depo-sitlnter-acid54324.ca,public
domain,customfee-ie.com,public
domain,bmo.online-recover1.nl,public
domain,anpost-onlineservice-fees.com,public
domain,confirmfeeonline.com,public
domain,anpost.ie-pay-postage.com,public
domain,et-ca1241.live,public
domain,update-noreply.credit,public
domain,citizentransfer.com,public
domain,auspost-pay.com,public
domain,auspost-via.com,public
domain,telusmobilitysupport.net,public
domain,et-ca1151.live,public
domain,anpost.ie-trackingsupport.com,public
domain,rbc-check.com,public
domain,rbc-check1.com,public
domain,medicare-via.com,public
domain,mobifees-ie.com,public
domain,anpost-onlineserivceacc.com,public
domain,anpost.ie-delivery-reschedule.com,public
domain,open24web-accreviewservice.com,public
domain,feesmobile-ie.com,public
domain,anpost-ie-customs-info.com,public
domain,mobifee-online.com,public
domain,revenuecanada.net,public
domain,anpost-fees.pw,public
domain,etrsfca1190.live,public
domain,bmo.mobile-recover01.nl,public
domain,et-depo-canada-fn34d.bond,public
domain,mobi-feeie.com,public
domain,canadasgpayediccraagents323.com,public
domain,etfcn1173.live,public
domain,nhs.pass-renew.com,public
domain,citizensreturns.com,public
domain,intreract.com,public
domain,auspost.au-delivery-reschedule.com,public
domain,et-intrac-canada-security-depo.info,public
domain,gouvcann.live,public
domain,qc-transfer.com,public
domain,post-officeimportsfees.com,public
domain,anpost-delivery.pw,public
domain,anpost-delivery.org,public
domain,open24web-accverficationservice.com,public
domain,365-acc-support.com,public
domain,post-services-fees.com,public
domain,xn--ntflx-bsay.com,public
domain,xn--ntflx-wsa5554c.com,public
domain,cotisations-gouvqc.live,public
domain,anpost-onlinepackageservice.com,public
domain,canadarecoveryfunds.info,public
domain,canadasgpayediccrats123.com,public
domain,canada-automatic-id-8165.one,public
domain,et-ca1254.live,public
domain,canadarecoveryfunds.org,public
domain,canadarecoveryfunds.net,public
domain,cra-srvreturns.com,public
domain,provincial-security-depox543.info,public
domain,serv-ca-retours.com,public
domain,payback-refund.com,public
domain,srv-ca-retours.com,public
domain,bmo.13secure-info.nl,public
domain,cra-srv-returns.com,public
domain,srv-canada-returns.com,public
domain,1o-ck-sc0-ac-cess.info,public
domain,serv-canada-returns.com,public
domain,srv-canada-return.com,public
domain,open24-acc-authentication.com,public
domain,feesmobi-online.com,public
domain,feepost-importsoffice.com,public
domain,anpost-importfees.com,public
domain,www.ptsb24-open-ie.com,public
domain,mobiconfirm-fee.com,public
domain,canadianpayeicrats6742.com,public
domain,mobifeeconfirmation.com,public
domain,anpost-ie-fee-customs.info,public
domain,anpost.customer-ie.com,public
domain,canadapayeicrat3842.com,public
domain,anposts-service-fees.com,public
domain,canada-deposervices.one,public
domain,mobility-telus.help,public
domain,et-ca5585.live,public
domain,qc-transfer-digital.ca,public
domain,medicare-test-order.com,public
domain,111.90.148.233,public
domain,citizentransfers.com,public
domain,transferbycra.com,public
domain,auspost.postal-fee-express.com,public
domain,customer-deposit.duckdns.org,public
domain,incom5invoice.net,public
domain,auspost-importfees.com,public
domain,canada-autosystem.one,public
domain,intrac-refundpayment.com,public
domain,www.desjupdate.xyz,public
domain,anpost-import-fees.com,public
domain,importpost-officefees.com,public
domain,canadiansspayeicrat842.com,public
domain,canadasnpayeiscrat934.com,public
domain,recoveryfundscanada.ca,public
domain,recoveryfundscanada.com,public
domain,anpost-fee-ie.com,public
domain,et-system.one,public
domain,et-autosystem-id.one,public
domain,et-ca5645.live,public
domain,365.online-validate.com,public
domain,agence-can.live,public
domain,commbank.login-info-au.com,public
domain,auspost.fee-pay-postal.com,public
domain,auspost-scheduled.com,public
domain,mobility-telus.info,public
domain,id-clientinfo.space,public
domain,id-infoclient.space,public
domain,id-portal.space,public
domain,id-portal.online,public
domain,id-client.space,public
domain,portal-client.space,public
domain,client-id.space,public
domain,et.deposit-funds.info,public
domain,et.deposit-funds.quest,public
domain,payback-tax.ca,public
domain,mobifee-confirmationie.com,public
domain,anpost-onlinefees.support,public
domain,revenu-caagency.me,public
domain,an.post-via.com,public
domain,tpsgocarc.info,public
domain,royalcanadianlivesde3902.com,public
domain,et-ca9449.live,public
domain,canada-auto-id.one,public
domain,intrac-refundpayment.info,public
domain,interaconta.com,public
domain,fed-departement-depo-id43832.info,public
domain,wholesale-return91.info,public
domain,royalcanadiannslivesde902.com,public
domain,endrac.mobi,public
domain,re-ceive-yours-today.ca,public
domain,re-imburse-serv-ice-can007.ca,public
domain,license-0n.ca,public
domain,paymentsnetflix.ca,public
domain,service-0n9.ca,public
domain,entrac.mobi,public
domain,mobility-telus.cloud,public
domain,auspost-dropoff.com,public
domain,auspost-enter.com,public
domain,gouvcann.xyz,public
domain,comm-help-onlineservice.com,public
domain,auspost-import-charges.com,public
domain,icbccreditrelief.com,public
domain,www.anpost-ownership.com,public
domain,1sco-no-rep1y.nl,public
domain,bmo.2mobile-info.nl,public
domain,no-reply-access.info,public
domain,rbcdepose.com,public
domain,mobilefee-confirmationie.com,public
domain,365.online-changes.com,public
domain,anpost.schedule-single.com,public
domain,anpost-importpayments.com,public
domain,an.post-daily.com,public
domain,canadiansnrevksave632.com,public
domain,canadiansnrevsave832.com,public
domain,et-ca6090.live,public
domain,recoveryfundscanada.net,public
domain,svc2-alberta.info,public
domain,svc-alberta.info,public
domain,office-postimportfees.com,public
domain,mobirevenue-confirm.com,public
domain,recoveryfundsca.com,public
domain,requestsolutions.ca,public
domain,interefundca.com,public
domain,id-see-process.info,public
domain,mobiauspostconfirmation.com,public
domain,rebref-secure.com,public
domain,auspost-area.com,public
domain,commbank.au-verified.cc,public
domain,comm-help-onlineservices.com,public
domain,costumerinteractrans.ca,public
domain,comm-securityaus.com,public
domain,mobiconfirmrevenue.com,public
domain,mobilefee-confirmie.com,public
domain,promessecaq.com,public
domain,mobilefeeie-confirm.com,public
domain,an.post-help.com,public
domain,connect-cgi-bin.info,public
domain,canadianagenncyiesave78.com,public
domain,mobiibnc-app.me,public
domain,et-ca5450.live,public
domain,mobi-feeieconfirmation.com,public
domain,sesiontr.ca,public
domain,pgirt.ca,public
domain,mobifeeie-confirm.com,public
domain,et-ca0945.live,public
domain,cadrt4.ca,public
domain,mobiconfirmfeeaus.com,public
domain,intrac-pending-deposits.ca,public
domain,comm-onlineacc-service.com,public
domain,commalert.au-verified.cc,public
domain,rbc-checkup.com,public
domain,rbc-checkup1.com,public
domain,comm.au-review.com,public
domain,compen-sation01immediate.ca,public
domain,itc-updatedetails.info,public
domain,acc-ept-comp-ensation-here.ca,public
domain,acptrqa.ca,public
domain,commbank.add-cancel.com,public
domain,www.an-postschedule.com,public
domain,anpost-imports-charges.com,public
domain,an.post-load.com,public
domain,anpost-fee-pay.com,public
domain,mobifees-confirmationie.com,public
domain,canadianargencydtsavesn643.com,public
domain,fidoportalcanada.com,public
domain,td-valids.com,public
domain,td-valids1.com,public
domain,interca-secure.com,public
domain,cad-et9890.live,public
domain,recoveryfundsca.ca,public
domain,srvrinsa.ca,public
domain,canada-recoveryfunds.ca,public
domain,canada-recoveryfunds.com,public
domain,commb-auth-services.com,public
domain,helpnetupdate.info,public
domain,memca-pup.us,public
domain,encryptedsysteme.info,public
domain,fed-autodepot.info,public
domain,depotservices-id-8463432.info,public
domain,auspost.au-reschedule-delivery.com,public
domain,interca-rebate.com,public
domain,comm.au-reviewactivity.com,public
domain,commb-auth-service.com,public
domain,impottcanada.com,public
domain,autopayrollsystem.info,public
domain,provincial-reimbursement-id25637.info,public
domain,telus-autoreimbursement.info,public
domain,mrmbrshipnetlxf.us,public
domain,comms-help-service.com,public
domain,auspost-importsfees.com,public
domain,netflx00120.info,public
domain,commbank.via-help.com,public
domain,capardon.ca,public
domain,anpost-imports-charge.com,public
domain,mobi-iefee.com,public
domain,www.privateptsb.com,public
domain,cadagents8repay92.com,public
domain,anpost-fee-pay.co,public
domain,secureterac-ca.live,public
domain,serviceicbcclaim.com,public
domain,endac.mobi,public
domain,cad2ut.ca,public
domain,et-transitsystem-ca-sh-fgafs63821.info,public
domain,return-wholesale131.info,public
domain,cna-diansrrca.ca,public
domain,cadzat.ca,public
domain,fundshub.ca,public
domain,junert.ca,public
domain,feesmobionlineie.com,public
domain,unipayrt.ca,public
domain,jungov28.ca,public
domain,junrt28.ca,public
domain,feeausonlineconfirm.com,public
domain,royal-bank.ca,public
domain,anpost-importscharge.com,public
domain,id4911.vancouvercityparking.com,public
domain,uid9185.parkingvancouver.ca,public
domain,id7179.parkingvancouver.ca,public
domain,uid6791.vancouverradar.com,public
domain,anpost-pay-fee-ie.com,public
domain,viatransferview.com,public
domain,viacitizenreturn.com,public
domain,carevenueagency.net,public
domain,cad17repayedtered723.com,public
domain,mobi-ieonlinepost.com,public
domain,cad-et3326.live,public
domain,intelmodulerefresh247.com,public
domain,helpnetinfo.online,public
domain,bmo.13mobile-info.nl,public
domain,wholesale-return98.com,public
domain,ca-cstweb.us,public
domain,onlineausmobifee.com,public
domain,auspost-secure-info.com,public
domain,renewworldelite247ca.com,public
domain,transfersview.com,public
domain,citizenstransfers.com,public
domain,mobiausfees.com,public
domain,comm.au-group-info.com,public
domain,rtn-amountdetails.info,public
domain,please-see-here.one,public
domain,mobiledata-et-reimbursement.info,public
domain,automatic-fed-system.info,public
domain,westpac.protect-mobile.net,public
domain,ptbs-info.com,public
domain,anpost.ie-fee-postal-pay.com,public
domain,an-post-security-fee.com,public
domain,anpost-import-charges.com,public
domain,greenpasture.info,public
domain,mobile-irefees.com,public
domain,an-post-fee.com,public
domain,mobionline-app.me,public
domain,anpost-postalcharge-fee.com,public
domain,anpost-fee-pay.info,public
domain,icbcetransf.com,public
domain,toronto.id29352.com,public
domain,toronto.uid29921.com,public
domain,toronto.uid2458.com,public
domain,toronto.id2451.com,public
domain,ntrac-secure.cc,public
domain,ntrac-secure.com,public
domain,et-secure-deposit.info,public
domain,cad-et9554.live,public
domain,ntrac-secure.live,public
domain,ntrac-secure.me,public
domain,medicare-info-1.com,public
domain,auspost-query.com,public
domain,id5582.torontoreminder.com,public
domain,id23943.infractiontoronto.com,public
domain,uid9112.torontoinfraction.com,public
domain,membershipca.ca,public
domain,online-interac.live,public
domain,westpacprotect-login.com,public
domain,anpost-postalcharge-acc.com,public
domain,web-tangerine.com,public
domain,marsupialexperts247can.com,public
domain,anpost-fee-pay-ie.info,public
domain,mobileire-fee.com,public
domain,checkprmt.ca,public
domain,be-llselfi.ca,public
domain,valuemba.ca,public
domain,ontservice.net,public
domain,aiberta-atb.com,public
domain,gouv-cad103.info,public
domain,feemobiaus.com,public
domain,au-schedule-delivery.com,public
domain,cad-et7709.live,public
domain,auto-reimbursement.info,public
domain,trans-action-id.info,public
domain,info-transfer-id.info,public
domain,see-reimbursement-here.info,public
domain,commbank.access-activity.com,public
domain,anpost-fees-portal.com,public
domain,mobi-ietsbconfirm.com,public
domain,an-post-online.review,public
domain,an-post-ie-secure.com,public
domain,confirmtsb-online.com,public
domain,feesmobi-ieconfirm.com,public
domain,agency-carevenu.me,public
domain,imports-postservicesfees.com,public
domain,anpost-postalservice-fee.com,public
domain,anpost-ie-pay-fee.info,public
domain,www.anpost-money-ie.com,public
domain,anpost-paymentsonline.com,public
domain,an.post-deliver.com,public
domain,eitramfrts.com,public
domain,feeieconfirm.com,public
domain,eftranomie.com,public
domain,alert-client.online,public
domain,westpac-secure-login.com,public
domain,cibc.mobile-info2.nl,public
domain,mobifees-ireconfirm.com,public
domain,irecustomfees.com,public
domain,marsupialbeneficialcan247.com,public
domain,mobile-anpost-payments.com,public
domain,anpost-ie-customs-fee.info,public
domain,citiuk.reviewauth.com,public
domain,clbcc.13-on.com,public
domain,mobilefee-ire.com,public
domain,canada-onlinefm.me,public
domain,depositrevenue-agency.com,public
domain,westpac.co-nz.biz,public
domain,bell-carrier.info,public
domain,comm.au-info-review.com,public
domain,secure-indexpg.ca,public
domain,comm.au-group-review.com,public
domain,rbc-secure.com,public
domain,1nt-er-ac-no-rep1y.top,public
domain,anpost.ie-pay-postal-fee.com,public
domain,irepostmobiconfirm.com,public
domain,nsecure-mobility.cc,public
domain,nsecure-mobility.live,public
domain,postoffice-secure-payments.com,public
domain,internexplorerpurpose247ca.com,public
domain,cad-et5090.live,public
domain,anpost-postalservice-acc.com,public
domain,icbc-etransf.com,public
domain,365-security-service.com,public
domain,bell-mobile-data.info,public
domain,anpost-fee-customs-ie.info,public
domain,autodeposit-register.com,public
domain,ntrac-mobility.live,public
domain,ntrac-mobility.cc,public
domain,an.post-value.com,public
domain,wholesale-returns22.com,public
domain,td-check.com,public
domain,icbcreceive.com,public
domain,pickupcard.ca,public
domain,blockedattempt.ca,public
domain,unsucesprevent.ca,public
domain,cardusage.ca,public
domain,prvntionteam.ca,public
domain,preventinteam.ca,public
domain,mobifeeonlinepost.com,public
domain,fido,public
domain,ajvac.net,public
domain,import-postserviceupdate.com,public
domain,rbc-identification.info,public
domain,medicare-pcr.com,public
domain,atb.mobile-info2.nl,public
domain,comm.au-confirm-info.com,public
domain,pending-refund.com,public
domain,employmentrevenueclient.xyz,public
domain,et-amountdetails.info,public
domain,login.comm-netbank.com,public
domain,import-postcustoms.com,public
domain,westpacsecure-info.com,public
domain,feesmobileire-confirmation.com,public
domain,postoffice-online-payments.com,public
domain,feesmobile-confirmire.com,public
domain,nsecure-deposit.life,public
domain,anpost.ie-pay-postal-charge.com,public
domain,nsecure-deposit.cc,public
domain,nsecure-deposit.info,public
domain,anpost-postalservice.com,public
domain,feesmobi-ire.com,public
domain,alertcyclemaintenance247ca.com,public
domain,anpost-fee-ie-customs.co,public
domain,carecoveryfunds.com,public
domain,cad-et9355.live,public
domain,rbc-protect.com,public
domain,import-postcustomservice.com,public
domain,carecoveryfunds.net,public
domain,fido.update,public
domain,ab-transfer-service.ca,public
domain,online-return91.com,public
domain,carecoveryfunds.ca,public
domain,nsecure-deposit.live,public
domain,online-mobiibmo2.me,public
domain,cadrstem.biz,public
domain,cautrsem.me,public
domain,billsetre.info,public
domain,persnrsem.me,public
domain,auspostsecure-info.com,public
domain,bell-reimbursement.info,public
domain,westpacsecure-mobile.com,public
domain,myicbcinsurance.ca,public
domain,anpost.ie-charge-postal.com,public
domain,cad-et6646.live,public
domain,feesmobile-ireconfirm.com,public
domain,anpost-ie-pay-fee.com,public
domain,anpost-postal-service.com,public
domain,an-post-services.com,public
domain,mediaredemptionmerchca247.com,public
domain,canada-recoveryfunds.net,public
domain,an.postmoney-ie.com,public
domain,online-mobiapp.com,public
domain,an-post-ie-fees.com,public
domain,etr-cad001.info,public
domain,telusmobilityreturn.com,public
domain,postmobilefees.com,public
domain,interacinfo.ca,public
domain,clbc.help,public
domain,re-in0cometr.ca,public
domain,auspost.delivery-reschedule.com,public
domain,auspost-services.com,public
domain,gigadat-invoice.info,public
domain,web-access.info,public
domain,hydroquebec-facturation.info,public
domain,transfer-cad001.info,public
domain,westpacprotect-info.com,public
domain,thehsbcgroup.com,public
domain,itc-amountdetails.info,public
domain,mobileirefees-confirm.com,public
domain,imports-dutiescustoms.com,public
domain,feecustomire.com,public
domain,postoffice-payments-online.com,public
domain,depositfunds.info,public
domain,cad-et4424.live,public
domain,com-pan-y-in-ter-ac.com,public
domain,anpost-pay-ie-fee.com,public
domain,recoveryfundingcanada.ca,public
domain,clbc-secure.info,public
domain,clbc-secure.online,public
domain,clbc-online.info,public
domain,secure-procedure.ca,public
domain,secure-process.ca,public
domain,clbc-secure.site,public
domain,transfer-online.ca,public
domain,interac.transfer-online.ca,public
domain,recoveryfundingcanada.com,public
domain,anpost-postalcharge.com,public
domain,mobipostfeeconfirm.com,public
domain,return-cad-notify.ca,public
domain,return-secure-notify.com,public
domain,ab-deposit.com,public
domain,secure-center-notify.com,public
domain,online-anpost-payments.com,public
domain,td-protection.com,public
domain,www.anpost-moneyteam.com,public
domain,atb.personal-auth.nl,public
domain,july-trcanveq991827.info,public
domain,atb-no-reply-in-fo.info,public
domain,comp0n-22xhy.live,public
domain,viewtransfervia.com,public
domain,secu-net.xyz,public
domain,recoveryfundingcanada.net,public
domain,pendingrefund.net,public
domain,commbank.banking-web-app.com,public
domain,icbcnotification.com,public
domain,icbcnotify.com,public
domain,bell-transfers.com,public
domain,bell-etransfers.com,public
domain,interac-et.com,public
domain,rbroyalbank.xyz,public
domain,anpost.money-help-ie.com,public
domain,invoice-process.info,public
domain,web-reimbursement.info,public
domain,ca-recoveryfunds.ca,public
domain,ca-recoveryfunds.com,public
domain,co-op.reviewauth.com,public
domain,amzynt.com,public
domain,depositcanada-revenue.com,public
domain,auspost.au-login-secure.net,public
domain,anz.via-protect.com,public
domain,n4trcem1t.com,public
domain,anz.au-login-secure.com,public
domain,cad-et7768.live,public
domain,ntrac-refca.cc,public
domain,ntrac-refca.info,public
domain,anpost-fee-ie-pay.com,public
domain,anpost-postal-service-acc.com,public
domain,import-onlinepostcustomtax.com,public
domain,myicbcnotification.com,public
domain,2021taxfiling.net,public
domain,myicbcnotify.com,public
domain,postoffices-payment-online.com,public
domain,rogersoutage.info,public
domain,rogersservices.info,public
domain,identification-process.info,public
domain,commbank.login-au.net,public
domain,revenuetaxbenefit.net,public
domain,helpaccess-now.cc,public
domain,feemobileire.com,public
domain,postoffices-payments-online.com,public
domain,an.post-extension.com,public
domain,clients-outage-link.com,public
domain,clients-outage-infos.com,public
domain,import-onlinecustomstax.com,public
domain,clientsnotify-secure.com,public
domain,clientsnotify-infos.com,public
domain,rogersmobilityteams.ca,public
domain,rogersmobilityteam.ca,public
domain,secure-anz.live,public
domain,rogerscustomerservice.com,public
domain,anpost-ie-money.com,public
domain,cad001-etr.info,public
domain,et-updatedetails.info,public
domain,commbank-login-info.com,public
domain,feesmobi-confirmationire.com,public
domain,an-post-fees-secure.com,public
domain,an-post-online-secure.com,public
domain,mobifees-ireonline.com,public
domain,an.postmoney-current.com,public
domain,mypayca.co,public
domain,anpost-postalfee.com,public
domain,ca-recoveryfunds.net,public
domain,anpost-pay-ie-customs.com,public
domain,service-clients.top,public
domain,imports-tax.com,public
domain,feesmobi-irecustoms.com,public
domain,an.post-single-via.com,public
domain,service-digital-secure.com,public
domain,185.8.105.114,public
domain,online-anposts-payments.com,public
domain,oegeag.xyz,public
domain,clientsicbc01002.info,public
domain,clients2icbc.com,public
domain,anz.protect-via.com,public
domain,comm.digital-aus.com,public
domain,2021cantx.net,public
domain,kynet.online,public
domain,netflx00102.info,public
domain,cainter0001.live,public
domain,lnte-rac-1mobile.co,public
domain,feescustoms-ire.com,public
domain,import-taxes.com,public
domain,anpost-postal-fee-acc.com,public
domain,etranscad9345.live,public
domain,www.anpostie-money.com,public
domain,postoffice-payments-portal.com,public
domain,recoveryfundingca.com,public
domain,gcloginra.info,public
domain,feesmobileonline.com,public
domain,interac-select.online,public
domain,caintera0001.live,public
domain,accreditationprogramrog.info,public
domain,tl-customersupport.info,public
domain,anpost-pay-ie-customs.info,public
domain,recoveryfundingca.ca,public
domain,vm3638220.24ssd.had.wf,public
domain,www.anpost-support-ie.com,public
domain,canada-recoveryfund.com,public
domain,etranscad8776.live,public
domain,icbcportal.ca,public
domain,costco-redeem-member-reward.ca,public
domain,comm.review-aus.com,public
domain,overchargepayback.com,public
domain,infohelp625374.com,public
domain,id7852.courmunicipalemontreal.ca,public
domain,id8117.montrealmuncipalcourt.ca,public
domain,viiiemontreai.ca,public
domain,id92847.rappelvillemontreal.ca,public
domain,uid8274.rappelmontrealville.ca,public
domain,commbank-login-au.com,public
domain,moneyjar-world.com,public
domain,anpost.customsfee-ie.com,public
domain,custom-feeire.com,public
domain,anpost-importfeesonline.com,public
domain,co-operative.reviewauth.com,public
domain,canada-recoveryfund.ca,public
domain,canada-recoveryfund.info,public
domain,canada-recoveryfund.net,public
domain,anpost.ie-customs-pay.co,public
domain,www.moboutagerefs.com,public
domain,interactonlinehelp.online,public
domain,int-rac-group-rev9834.info,public
domain,westpac-protect-login.com,public
domain,int-rac-group-rev98347.info,public
domain,annual21ref-here.info,public
domain,1rbc-no-reply.com,public
domain,re-imburse-can22-gc.ca,public
domain,int-rac-group-rev2878.info,public
domain,commbank.id-433.com,public
domain,errorpaymentsupport-netflix.com,public
domain,mobilefee-confirmire.com,public
domain,bmo.2online-app.nl,public
domain,onlineregistration-santander.com,public
domain,an.postservice-support.com,public
domain,postoffice-settlements.com,public
domain,post.at-paket.online,public
domain,fees-iremobi.com,public
domain,etranscad5569.live,public
domain,mobile-irefee.com,public
domain,postalonlinepayment.com,public
domain,et-gstpay.co,public
domain,canadarev-deposit.cc,public
domain,reimbrsrogcare.info,public
domain,mobilecare.info,public
domain,anpost-imports-charges-acc.com,public
domain,anposts-payments-portal.com,public
domain,postalservice-fees.com,public
domain,anpost-pay-customs-ie.com,public
domain,trust-fund-partial-rev674.info,public
domain,tlmobility-support.info,public
domain,feesmobileire.com,public
domain,employmentagencyvoid.online,public
domain,employementvoidcra.online,public
domain,re-venucan2022.net,public
domain,westpac.one-auth.net,public
domain,re-turn-gc-serv1ces-can22.ca,public
domain,etranscad1434.live,public
domain,costco-annual-membership-reward.ca,public
domain,costco-wholesale-redeem-reward.ca,public
domain,comm.aus-internet.com,public
domain,icbconlineservices.ca,public
domain,gsn-tx2021comp.info,public
domain,ntsd-2scrcan-gsc.services,public
domain,vrfntflix.info,public
domain,an-post-fees.info,public
domain,import-onlinetaxes.com,public
domain,an-post-delivery-pay.com,public
domain,anpost-postalfee-acc.com,public
domain,mobibnc-trust.co,public
domain,canada-recoveryfund.org,public
domain,postoffice-importfees.com,public
domain,payca0001.co,public
domain,etransca.ca,public
domain,anpost.ie-customs-pay.info,public
domain,recoveryfundca.ca,public
domain,recoveryfundca.com,public
domain,depo-scotiatrust.info,public
domain,in-trac-trust-rev7894.info,public
domain,mobileca-revenue.com,public
domain,recoveryfundca.org,public
domain,costco-redeem-reward.ca,public
domain,revenuecanadapay.info,public
domain,correctionimpotca.com,public
domain,lloyds-unbind.com,public
domain,comm.support-aus.com,public
domain,anpost.ie-postal-pay-secure.com,public
domain,etransca4955.ca,public
domain,import-taxsupport.com,public
domain,livechk-update.info,public
domain,mobifees-ireconfirmation.com,public
domain,ptsb-mobile.com,public
domain,an.postmoney-help.com,public
domain,anpost-postal-fee.com,public
domain,postoffices-importfee.com,public
domain,w1r3l3ssr063rstr4n5f3r.com,public
domain,etrfrca0001.co,public
domain,mobi-irefee.com,public
domain,postoffices-importfees.com,public
domain,maxinfacemeasurecan247ca.com,public
domain,icbcredirect.ca,public
domain,anpost.ie-customs-pay.cc,public
domain,in-trac-program-rev674.info,public
domain,bell-canada-verification.info,public
domain,mobile-irefeeonline.com,public
domain,auspost.postal-pay.me,public
domain,errorpaymentsupport.com,public
domain,interactmoneytransfer.com,public
domain,cad02-etr.info,public
domain,catrans1928.co,public
domain,138.197.109.69,public
domain,anpost.ie-secure-fee-pay.com,public
domain,irefeesonline.com,public
domain,co-op.review-auth.com,public
domain,anpost-ie-customs-pay.com,public
domain,mobiptsb.com,public
domain,www.carbontax-caip.xyz,public
domain,www.carbontax-caip1.xyz,public
domain,www.carbontax-caip3.xyz,public
domain,www.carbontax-caip4.xyz,public
domain,www.carbontax-caip2.xyz,public
domain,scotiabank.2online-app.nl,public
domain,encatrans1726.co,public
domain,etr-inter01.info,public
domain,comm.aus-review-info.com,public
domain,transferviapages.com,public
domain,transfer-etr001.info,public
domain,scotiabank.mobile-info2.nl,public
domain,etransca8989.ca,public
domain,service-scotiatrust.com,public
domain,tl-clientupdate.info,public
domain,an-post-pay.com,public
domain,an-post-pay-fee.com,public
domain,feeire-mobicustoms.com,public
domain,irefeesmobicustoms.com,public
domain,anpost.ie-postage-secure.com,public
domain,feesmobilecustoms.com,public
domain,anpost-onlinepostal-service.com,public
domain,mutualmaxcanfortune247ca.com,public
domain,recoveryfundsca.net,public
domain,anpost.ie-customs-pay.in,public
domain,customsfeeiremobi.com,public
domain,rogersqapp.com,public
domain,managementcarriernation.click,public
domain,feemobilecustoms.com,public
domain,anpost.customerfee-ie.com,public
domain,costco-claim-reward-coupon.ca,public
domain,in-trac-supply-rev3467.info,public
domain,digital-service.ca,public
domain,icbcengine.ca,public
domain,mobicustomfeeire.com,public
domain,incom1invoice.net,public
domain,encapayrfr1827.co,public
domain,transferviarogers.com,public
domain,etr-transfer01.info,public
domain,auspost.au-fee-pay.com,public
domain,etransca1198.ca,public
domain,costco-members-reward-redeem.ca,public
domain,comm.au-validate-info.com,public
domain,costco-annual-client-reward.ca,public
domain,arq-fonds-depot.info,public
domain,secure-funds.redirectme.net,public
domain,interaconv2.one,public
domain,filxinet.com,public
domain,interaconv2.xyz,public
domain,rogers-allowance.com,public
domain,payca10001.co,public
domain,interaconv2.monster,public
domain,mobiconfirmire-fees.com,public
domain,rog-indemnclientid98769.tk,public
domain,www.rog-indemnclientid98769.tk,public
domain,mobile-postoffices-payment.com,public
domain,emtpay10001.ca,public
domain,anpost-customscharge.com,public
domain,op-fi.co,public
domain,islandprobagandacomu247ca.com,public
domain,transfer-etr01.ca,public
domain,transfer-gov.ca,public
domain,recovery-funds.ca,public
domain,recoveryfunds.ca,public
domain,in-trac-hst-eservices679.info,public
domain,costco-redeem-your-reward.ca,public
domain,costco-membership-redeem-rewards.ca,public
domain,feemobile-customsire.com,public
domain,anpost.ie-pay.in,public
domain,import-taxpayable.com,public
domain,managementwirelessreturnvoid.xyz,public
domain,invoic3pay3ment.net,public
domain,bell-canada-verify.info,public
domain,telusrebates-return.ca,public
domain,telusrebates-returns.ca,public
domain,inter-etr78.info,public
domain,icbcplan.ca,public
domain,secureterac-deposit.live,public
domain,online-transfer.ca,public
domain,interac.online-transfer.ca,public
domain,etransca9101.ca,public
domain,capay0001.ca,public
domain,secureterac-deposit.cc,public
domain,scotiabank.online-auth.nl,public
domain,pymtflix.top,public
domain,2022climatetx.net,public
domain,secure-scoverify.live,public
domain,invoice1refund.net,public
domain,id3456.torontopayment.com,public
domain,scotiabank.secure-user.nl,public
domain,icbc2rebate.info,public
domain,servscad00294.info,public
domain,anpost-helpreschedule.com,public
domain,online-service.ca,public
domain,telecommcanada.com,public
domain,etransca5978.ca,public
domain,anpost.customersfee-ie.com,public
domain,anpost-imports-charge-acc.com,public
domain,motionfoxvelocity247govca.com,public
domain,three-customersupport.com,public
domain,mobifee-ireconfirmation.com,public
domain,calderamanumaxtranscan247ca.com,public
domain,anpost.ie-customs.in,public
domain,costco-members-redeem.ca,public
domain,catelecommmun.com,public
domain,incom2invoice.net,public
domain,portalgocra.info,public
domain,amasonne.com,public
domain,anpost-deliveryhelp.com,public
domain,in-trac-benefits-rev879.info,public
domain,manumarkemtech247cantransca.com,public
domain,sendpay10001.ca,public
domain,gsn-tx1eturn2021.info,public
domain,acptemtca1001.ca,public
domain,c0mplete-here2021.info,public
domain,aus-post.au-fee-pay.com,public
domain,etransca4434.ca,public
domain,comm.review-info-au.com,public
domain,view-coupon-reward.ca,public
domain,icbcrental.ca,public
domain,cra-servicetrust.com,public
domain,manage-my-annual-reward.ca,public
domain,rbc-safety.com,public
domain,rbc-safety1.com,public
domain,crn-1323.one,public
domain,commbank-secure-login.com,public
domain,feemobi-customsonline.com,public
domain,feecustomsmobi.com,public
domain,rbc-mobile-help.ru,public
domain,mobicustomfee.com,public
domain,anpost-helpdeliver.com,public
domain,mobile-postoffices-paylink.com,public
domain,anpost-reschedule-service.com,public
domain,txtmsgtransca.com,public
domain,ca10001pay.com,public
domain,anpost.deliverfee-ie.com,public
domain,aysent10001.com,public
domain,sentfunds10001.com,public
domain,an.post-ie-service.com,public
domain,an.post-support-ie.com,public
domain,anpost.ie-pay.info,public
domain,transfer-et001.ca,public
domain,in-trac-individual-plan456.info,public
domain,uber-one.co.uk,public
domain,reschedulehelp-anpost.com,public
domain,ire.feecustommobile.com,public
domain,canadasrecoveryfunds.ca,public
domain,recoveryfundca.net,public
domain,icbcnetwork.ca,public
domain,transfersviews.com,public
domain,crataxfiling.net,public
domain,signin.cdnalerts-netflix.com,public
domain,signin.servicealerts-netflix.com,public
domain,c-r-a-return.com,public
domain,etransca9089.ca,public
domain,redeem-your-personal-reward.ca,public
domain,usrbllredm.net,public
domain,etservontario.com,public
domain,membership-coupon-reward.ca,public
domain,commbank.mobile-secure.info,public
domain,comm.personal-aus.com,public
domain,online.feesmobi-custom.com,public
domain,signin.servicealerts-netflix.ca,public
domain,signin.accountalerts-netflix.ca,public
domain,signin.profilealerts-netflix.ca,public
domain,postoffices-paylink.com,public
domain,ire.feecustom-mobi.com,public
domain,etransca5477.ca,public
domain,feecustomsie.com,public
domain,encaemt0001.ca,public
domain,moralchartredemption-transcan247ca.com,public
domain,an.post-via-help.com,public
domain,post-via-help.com,public
domain,anpost-delivery-reschedule.com,public
domain,anpost-reschedulenow.com,public
domain,helpreschedule-anpost.com,public
domain,custom-mobifees.com,public
domain,recoveryfundcanada.ca,public
domain,recoveryfundcanada.org,public
domain,anpost-customs-ie-pay.in,public
domain,transfer-cad01.ca,public
domain,anpost-payreschedule.com,public
domain,ncasent7272.com,public
domain,annual-members-coupon-reward.ca,public
domain,in-trac-collect-serv674.info,public
domain,feescustom.com,public
domain,icbcrebates.ca,public
domain,icbcmanagement.ca,public
domain,etransca7779.ca,public
domain,squarepay0001.ca,public
domain,commbank-mobile-login.info,public
domain,amazon.secure-user.nl,public
domain,transcan-multimaxexpeditioncan.com,public
domain,feemobi-customs.com,public
domain,etransca5557.ca,public
domain,an-post-pay-onlinefee.com,public
domain,up-verify-identity.com,public
domain,customsirefee.com,public
domain,an-post-custom-fees.com,public
domain,anpost-package-import-fee.com,public
domain,an-post-customs.com,public
domain,my.threehelp-ie.com,public
domain,anpost.customs-ie.in,public
domain,cad01-transfer.ca,public
domain,anpost.ie-pay-customs.in,public
domain,stripepayr0001.ca,public
domain,invoice2refund.org,public
domain,anpost.ie-pay-package.in,public
domain,return-notify-cad.info,public
domain,member-reward-coupon.ca,public
domain,auspost.au-pay-fee.com,public
domain,members-personal-reward.ca,public
domain,transfertexts.com,public
domain,rogers-servfund.info,public
domain,commbank-login.info,public
domain,interaccorpdeposit.com,public
domain,scotiabank.online-user.nl,public
domain,aib-securecheck.com,public
domain,online-postoffice-dutyfees.com,public
domain,service-return-notify.com,public
domain,verify-uber.com,public
domain,customer-reward-coupon.ca,public
domain,anpost.ie-package.in,public
domain,customs-irefee.com,public
domain,monerispay0001.com,public
domain,mobility-deposits.ca,public
domain,anpost.ie-pay-parcel.in,public
domain,customsmobilefees.com,public
domain,redeem-reward-coupon-member.ca,public
domain,comm.auth-review.com,public
domain,rogerscustomercare.ca,public
domain,asb-verify.com,public
domain,transfer-etca01.ca,public
domain,ab-transfer-service.com,public
domain,auspost-au-package.com,public
domain,anpost.ie-helpteam.com,public
domain,rvn-amountdetails.info,public
domain,viatransfersinfo.com,public
domain,clearpay0001.ca,public
domain,members-reward-coupon.ca,public
domain,amaz011.xyz,public
domain,anpost-postal-fees.com,public
domain,feemobicustoms.com,public
domain,anpost.supportcentre-ie.com,public
domain,etranscad9008.ca,public
domain,ontario-caip.ca,public
domain,routemodelformula247can.com,public
domain,anpost.ie-post.info,public
domain,td-support.ca,public
domain,ca-recoveryfund.ca,public
domain,ca-recoveryfund.com,public
domain,digital-alb.com,public
domain,netflix-check1.com,public
domain,netflix-check.com,public
domain,asb.payee-added.com,public
domain,mycommbank-login.info,public
domain,service-rbctrust.com,public
domain,up-authorise-payment.com,public
domain,manage-2-percent-reward.ca,public
domain,firmpay0001.ca,public
domain,correctionimpotqc.com,public
domain,members-annual-reward-coupon.ca,public
domain,collect-annual-reward.ca,public
domain,ama1-zon-ca1ref.cloud,public
domain,ama1-zon-ca3.info,public
domain,ee-secure-link.com,public
domain,import-paytax.com,public
domain,metro-confirm-payment.com,public
domain,etranscad5656.ca,public
domain,taxfilingreturns.net,public
domain,anpost-delivery-reschedule-acc.com,public
domain,inter-actr01.ca,public
domain,cashback-amaz1-on.xyz,public
domain,member-reward-coupons.ca,public
domain,metro-verify-identity.com,public
domain,ca-ref12.xyz,public
domain,cashback-amaz1on-ref.info,public
domain,td-protect1.com,public
domain,td-protect.com,public
domain,elavonpay0001.ca,public
domain,id54606.torontocitycourt.ca,public
domain,anpost.ie-parcel.com,public
domain,anpost-paycustoms.com,public
domain,members-reward-coupon-validate.ca,public
domain,service-return-cra.com,public
domain,interaq.ca,public
domain,comm.aus-secure-info.com,public
domain,interacs.ca,public
domain,id24571.serviceontarioreminder.ca,public
domain,mycomm-cancel.com,public
domain,txcanadacorrection.com,public
domain,up-payee-verify.com,public
domain,auspost-au-online.com,public
domain,mobi-auspostfee.com,public
domain,outage-rogers.mobi,public
domain,anpost-postals-fee.com,public
domain,anpost.deliveryfees-ie.com,public
domain,help.metro-confirmation-payee.uk,public
domain,rogers.auto-pay.nl,public
domain,365online-security-services.com,public
domain,stripepayca0001.ca,public
domain,etranscad1545.ca,public
domain,int-eracetr01.ca,public
domain,f1ndcanadiianass1stanc3eplann.com,public
domain,7813.infractionmontreal.ca,public
domain,id1171.courvillemontreal.ca,public
domain,anpost.ie-package.co,public
domain,member-personal-reward-coupon.ca,public
domain,dirctdepositecan.net,public
domain,annual-wholesales-returns.info,public
domain,lnterac-mobi1e-noreply.ru,public
domain,etranscad0989.ca,public
domain,climateactionpay.com,public
domain,inter-shdep115.online,public
domain,2etservs-on.info,public
domain,access-member-reward-coupon.ca,public
domain,members-2-percent-reward-coupon.ca,public
domain,co-op.review-2fa.com,public
domain,post.at-paket.net,public
domain,auspost.via-package.com,public
domain,anpost-redeliver-parcel.com,public
domain,alert-358959.com,public
domain,assistance-banque-nationale.ca,public
domain,coupon-wholesale.info,public
domain,etranscad7668.ca,public
domain,anpost.ie-customs-centre.in,public
domain,stripepaye0001.ca,public
domain,feesmobicustoms.com,public
domain,detailsviatransfer.com,public
domain,paysquare1001.ca,public
domain,reclaim-mobility-funds.ca,public
domain,rogerscustomercares.org,public
domain,auspost.au-pay-secure.com,public
domain,lnteracgov.ca,public
domain,assistance-banque-national.ca,public
domain,collect-personal-member-coupon.com,public
domain,auspost.via-postal.com,public
domain,scotiabank.online-verify.nl,public
domain,intracflash.online,public
domain,etranscad8980.ca,public
domain,filecorrection.com,public
domain,myservicegcy-here.info,public
domain,lastreminder-annualref.info,public
domain,td.easyweb-user.nl,public
domain,userinfobill.com,public
domain,royalbankofcanadaid.ca,public
domain,royalbankofcanadaid.com,public
domain,id2821.rbconlineaccess.ca,public
domain,unregister-lloyds.com,public
domain,anpost.customers-ie.com,public
domain,anpost-package-reschedule.com,public
domain,cancel.halifax.uk.device-258472.com,public
domain,icbcfacility.ca,public
domain,scotiaonline-authenticate.com,public
domain,overcharge-center.info,public
domain,claim-annual-costco-coupon.online,public
domain,td.personal-easyweb.nl,public
domain,reschedulehelp-anpost-delivery.com,public
domain,secure.nationwide.uk.account-35896420.com,public
domain,amznbanking.link,public
domain,vacantpositions.info,public
domain,bell-personal.online,public
domain,mobi.amznbanking.com,public
domain,review.santander.uk.account-593955.com,public
domain,review.halifax.uk.account-935360.com,public
domain,e-transfer01.ca,public
domain,monkeypoxbenefit.com,public
domain,climateactioncanada.org,public
domain,climateactionscanada.com,public
domain,et-lnteracc.com,public
domain,2servicecanada.info,public
domain,1servicecanada.info,public
domain,view-reward-members.ca,public
domain,bell-noreply.info,public
domain,lnterac-etransfer.ru,public
domain,td.comleasyweb.nl,public
domain,td.trust1-auth.com,public
domain,canadatrust.comleasyweb.nl,public
domain,comleasyweb.nl,public
domain,infoalerts.nl,public
domain,rbcroyale-trust.com,public
domain,anpost-package-acc.com,public
domain,overcharge-noreply.info,public
domain,rogerscustomersupport.ca,public
domain,clearlypay0001.ca,public
domain,govbenefitdeposit.com,public
domain,govcanadatransfer.com,public
domain,visa-atb.com,public
domain,comm.au-info-aus.com,public
domain,visasecure-atb.com,public
domain,atbfinancial-visa.com,public
domain,personal-executive-reward.ca,public
domain,reward-end-year.ca,public
domain,visa-atbfinancial.com,public
domain,visa-atbpurchases.com,public
domain,atbfinancial-secure.com,public
domain,see-your-reward.ca,public
domain,ca-ref73280.co,public
domain,ca-ref1637.co,public
domain,climateimpactca.com,public
domain,cra-trust.com,public
domain,rogersrebatechats.ca,public
domain,ca-agency.com,public
domain,tr-intera01.com,public
domain,elavonpaynb0001.ca,public
domain,incom11invoice.pro,public
domain,reference8835.in,public
domain,directbenefitdeposit.com,public
domain,directcanadatransfer.com,public
domain,ca-ref6292.co,public
domain,nb-redirect-aus.com,public
domain,mycomm-verify-login.com,public
domain,comm.aus-personal.com,public
domain,returnube.info,public
domain,review.nationwide.uk.account-3583698.com,public
domain,review.santander.uk.alert-074924.com,public
domain,account-358369.com,public
domain,alert-074924.com,public
domain,customsmobi-anpostfee.com,public
domain,postoffice-mobilepayments.com,public
domain,anpost.customstracking-ie.com,public
domain,anpost-reschedule-package.com,public
domain,anpost.hub-via.com,public
domain,e-transfer87.com,public
domain,incom11invoice.info,public
domain,feespostofficecustoms.com,public
domain,amazoncompte.com,public
domain,shopifypayca0001.ca,public
domain,mobipostoffice-ire.com,public
domain,secur-relinkgvy.info,public
domain,noreply-valid.xyz,public
domain,auspost.au-fee-secure.com,public
domain,shakepay10001.ca,public
domain,stripemoneyca0001.com,public
domain,members-reward-view-coupon.ca,public
domain,collect-annual-member-coupon.com,public
domain,upmoney-secure-link.com,public
domain,aupost-via.com,public
domain,mycomm-unusual-login.com,public
domain,bend1go-eb-redirect.com,public
domain,members-get-annual-reward.ca,public
domain,www.canadianrevenue.xyz,public
domain,canadianrevenue.xyz,public
domain,comm-au-decline.com,public
domain,ca-ref6291.co,public
domain,feemobipostoffice.com,public
domain,info-update.online,public
domain,an-post-package-reschedule.com,public
domain,etranscad8558.ca,public
domain,wholesale-annual-services.info,public
domain,e-transfer001.ca,public
domain,anpost.customref229-ie.com,public
domain,claim-personal-member-coupon.com,public
domain,bchydroclients.com,public
domain,bchydrosecure.com,public
domain,lnterac-etransfer-deposit.ru,public
domain,anpost-customs-fee.in,public
domain,wealthsimplepay0001.ca,public
domain,in-trac-laws-saving676.info,public
domain,can-govemt.ca,public
domain,sh-scotiabank.com,public
domain,serviceontarioemt.ca,public
domain,comptedeamazon.com,public
domain,govdirectbenefits.com,public
domain,govdirectdeposit.com,public
domain,etranscad1445.ca,public
domain,samsungpayca0001.ca,public
domain,rogersviatransfer.com,public
domain,k8-scotiabank.com,public
domain,bendigo-decline-au.com,public
domain,rogersrebatechat.us,public
domain,comm.au-info-secure.com,public
domain,anpost.customsfees-ie.com,public
domain,nab-decline-ib.com,public
domain,anpost-online-reschedule.com,public
domain,nab-ib-online.com,public
domain,climateaction2022ca.com,public
domain,ca-ref738ie.xyz,public
domain,mobipostofficefeeire.com,public
domain,rideeatsrewards.com,public
domain,import-payableservice.com,public
domain,approvedcarriercredits.click,public
domain,etranscad5567.ca,public
domain,anpost.support-customerservice-ie.com,public
domain,members-loyalty-reward.ca,public
domain,get-personal-reward.ca,public
domain,mobifeespostofficeire.com,public
domain,myrev-on.info,public
domain,rogermobility.online,public
domain,anpost-fee-customs.in,public
domain,wholesale-coupons.info,public
domain,cancel.halifax.uk.device-548576.com,public
domain,review.nationwide.uk.card-427584.com,public
domain,versapayca0001.ca,public
domain,clearpays.ca,public
domain,netflixaccount-payment-update-acces.top,public
domain,politicnetflixrefundpayment.top,public
domain,rogersrebate.us,public
domain,et-ontariorev.info,public
domain,ca-interacreturn.info,public
domain,comm.review-activity-au.com,public
domain,cad450etr.ca,public
domain,netsupport.sale,public
domain,commnetcode-aus.com,public
domain,rbc-defend.com,public
domain,rbc-defend1.com,public
domain,blocked-transactions.ru,public
domain,login-mycomm-dashboard.com,public
domain,shakepay1001.ca,public
domain,uni-viacaja.top,public
domain,verifyinteratransfer.online,public
domain,irefeepostoffice.com,public
domain,cadrevenuedeposit.online,public
domain,importfeesunpaid.com,public
domain,www.lntrac.ca,public
domain,6h-scotiabank.com,public
domain,1n-royalbank.com,public
domain,anpost-pay-customs.in,public
domain,update.amazon.uk.account-474939.com,public
domain,lloyds-registration.com,public
domain,www.returnprocessorpay.ca,public
domain,anpost-pay-fee.in,public
domain,importcustomsfeeunpaid.com,public
domain,teluvalidates.top,public
domain,employmentrevenuevoid.site,public
domain,anpost-fee-pay.in,public
domain,applerfdsca0001.ca,public
domain,mobipostofficeireonline.com,public
domain,rogers-outage.mobi,public
domain,etranscad1331.ca,public
domain,america-check.com,public
domain,td.trust1auth.com,public
domain,scotiaonline1-scotiabank.com,public
domain,scotiaonline2-scotiabank.com,public
domain,govfederaldeposit.com,public
domain,benefitsdeposit.com,public
domain,mycomm-dashboard-login.com,public
domain,lnterac.online,public
domain,lnteracrefrogers.com,public
domain,agency-ca.com,public
domain,nab-access.com,public
domain,fido-outage.mobi,public
domain,telusrebates.com,public
domain,nb-redirect-ib.com,public
domain,microcsoftwareportal247ca.com,public
domain,postoffices-dutyfees.com,public
domain,bendigo-decline-eb-au.com,public
domain,anpost-package-reschedule-acc.com,public
domain,etranscad8010.ca,public
domain,coupons-wholesale.info,public
domain,tdcust0merrn0tice532.com,public
domain,450cadetr.ca,public
domain,signin.alerts-netflix.ca,public
domain,login.alerts-netflix.ca,public
domain,secure.alerts-netflix.ca,public
domain,alerts-netflix.ca,public
domain,anpost.ie-fee.in,public
domain,icbcreminder.ca,public
domain,mobretu.com,public
domain,govcanadabenefit.com,public
domain,chatrrefund.info,public
domain,flixcollect.ca,public
domain,ca-ref1278.cloud,public
domain,auspost-payment-au.com,public
domain,globalpayca0001.ca,public
domain,etranscad8887.ca,public
domain,comm.au-info-id.com,public
domain,reward-coupon-for-member.ca,public
domain,rbclockedaccess.info,public
domain,ca-ref20948.live,public
domain,ca-ref63738.co,public
domain,lloyd-s.co.uk,public
domain,mobi-revolutprimary.com,public
domain,ca-ref12786378993290038.cloud,public
domain,halifax-registration.co.uk,public
domain,caservicetrust.live,public
domain,etranscad7775.ca,public
domain,tr-refundcare-plan784.info,public
domain,collect-member-annual-coupon.ca,public
domain,td-canada-trust.ca,public
domain,citi.review-2fa.com,public
domain,canadawiiir3l3ss23.com,public
domain,directcanadabenefit.com,public
domain,directfederaldeposit.com,public
domain,etr-ca85.ca,public
domain,view-my-personal-reward.ca,public
domain,monerisca0001.ca,public
domain,tdbank-onlinebanking.com,public
domain,etranscad5556.ca,public
domain,comm.review-id-au.com,public
domain,federalservicedeposit.com,public
domain,verify-mycomm-dashboard.com,public
domain,connection-int.xyz,public
domain,parkingvancouver.ca,public
domain,id7199.parkingvancouver.ca,public
domain,id7188.parkingvancouver.ca,public
domain,etranscad1119.ca,public
domain,secure13-royalbank.com,public
domain,aib-online-verify.com,public
domain,td-bank-canada.ca,public
domain,anpost.fee-ie.in,public
domain,icbcpayment.com,public
domain,inct21-connect.com,public
domain,secure12-royalbank.com,public
domain,digitalpayca0001.ca,public
domain,etranscad5550.ca,public
domain,auspost.via-start.com,public
domain,member-annual-coupon-return.ca,public
domain,rgrs-connect.com,public
domain,rgrs-app7.com,public
domain,tls-customersupport.info,public
domain,import-taxfeeunpaid.com,public
domain,anpost-parceldeliveryservice.com,public
domain,5.252.177.52,public
domain,anpost.pay-ie.in,public
domain,canada-costco-redeem2percent.com,public
domain,00-id13365.ca,public
domain,www.00-id13365.ca,public
domain,icbcagency.ca,public
domain,teluspoliticsreturn.top,public
domain,authentication-td.ru,public
domain,rogersentvia.com,public
domain,0f0-id13365.ca,public
domain,wiredpayca0001.ca,public
domain,etranscad5577.ca,public
domain,primereturn.info,public
domain,electronicpayonline.ca,public
domain,comm.id-review-info-au.com,public
domain,mycomm-dashboard-verify.com,public
domain,electronicpay.ca,public
domain,commbnk-online-redirect.com,public
domain,transferservicesca.com,public
domain,lloyds-deregister.com,public
domain,lloyds-unregister.com,public
domain,lt-interneto.top,public
domain,anpost-parcelonline-service.com,public
domain,transferonline.ca,public
domain,interac.transferonline.ca,public
domain,postoffices-customfees.com,public
domain,etranscad1223.ca,public
domain,manage-member-reward.ca,public
domain,authentication-easyweb-login.ru,public
domain,anpost.fee-ie.co,public
domain,revagencyclaim.ca,public
domain,netflx01201.info,public
domain,transferserviceca.com,public
domain,bell-connect.ca,public
domain,directcanadaservice.com,public
domain,directdepositprocess.com,public
domain,amazomreturn.info,public
domain,nzpost.nz-co.com,public
domain,anpost.pay-ie.co,public
domain,automatedpay.ca,public
domain,rebate-incentives.com,public
domain,immediateverification.online,public
domain,etranscad9933.ca,public
domain,onlineinv001.ca,public
domain,www.onlineinv001.ca,public
domain,submitpayonline.ca,public
domain,claim-transfer.com,public
domain,apple.pay-id0142.com,public
domain,compteamazonqc.com,public
domain,anpost-redeliverypaymentservice.com,public
domain,federalcanadiansdeposit.com,public
domain,mybellca.com,public
domain,anpost-ie-fee.co,public
domain,an.post-respond.com,public
domain,secure18-royalbank.com,public
domain,scotiaonline24-scotiabank.com,public
domain,system-paymentfail.info,public
domain,anpost.pay-ie.com,public
domain,returnoutage.com,public
domain,electropaypay.com,public
domain,bellwireless.online,public
domain,federalfinancialdeposits.com,public
domain,canadianfinancialfederal.com,public
domain,netflixpoliticspayment.top,public
domain,auspost.via-respond.com,public
domain,et-intrac.ca,public
domain,networkpay0001.ca,public
domain,downoutage.com,public
domain,fido-servfund.info,public
domain,canadianfederalgov.com,public
domain,canadiansdepositfinancial.com,public
domain,carrier-return.ca,public
domain,paycent.ca,public
domain,rbc-verification3.com,public
domain,rbc-verification4.com,public
domain,login-mycomm-dashboard.info,public
domain,an.post-ie-centre.com,public
domain,paypaldigitalpay.ca,public
domain,nationalbg-secure.com,public
domain,anpost-parcel-onlineservice.com,public
domain,santander-pt.co,public
domain,cibcnow.online,public
domain,santander-pt.in,public
domain,netflix-checkup.com,public
domain,netflix-checkup1.com,public
domain,canadafederalgov.com,public
domain,govcanadafederal.com,public
domain,scotiaonline18-scotiabank.com,public
domain,anpost.post-ie-parcel.com,public
domain,santander-pt.cc,public
domain,scotiaonline29-scotiabank.com,public
domain,import-onlinetaxunpaie.com,public
domain,re-fund-plan-supply4566.info,public
domain,santander.pt-co.in,public
domain,mobileautopay.ca,public
domain,claimyourfundshere.com,public
domain,etinterac.com,public
domain,etranscad8880.ca,public
domain,ca-lnterac.online,public
domain,fi-50.com,public
domain,redirectgovservice.com,public
domain,govdirectrefund.com,public
domain,emobilepay.ca,public
domain,bendigo-eb-redirect.com,public
domain,scotiaonline30-scotiabank.com,public
domain,service-team-ie.com,public
domain,anpost.service-team-ie.com,public
domain,anpost-feespay.com,public
domain,an-postpayfee.com,public
domain,ayuda-viacaja.top,public
domain,tdtrustweb.com,public
domain,anpost-reschedulepackage.com,public
domain,etranscad6700.ca,public
domain,mobile-returndepartment.com,public
domain,unicaja.es-segura.net,public
domain,depositmobiles.ca,public
domain,return-system90.info,public
domain,netflix-subscription.top,public
domain,anpost.centre-ie.in,public
domain,secure-rbcbank.net,public
domain,in-trac-phone-support.info,public
domain,interacsecuritysession.online,public
domain,interacsecuresession.online,public
domain,coupon-for-member.ca,public
domain,anpost-centre-ie.com,public
domain,transfersentviatext.com,public
domain,telus-security.ca,public
domain,www.recover-wallet-au.com,public
domain,telusservicesca.com,public
domain,etranscad8890.ca,public
domain,bendigo-security-eb.com,public
domain,emobilepayca.ca,public
domain,rogeraccreditationprogram.info,public
domain,scotiabank-scotiaonline.com,public
domain,federaldepositservices.com,public
domain,canadiandepositservice.com,public
domain,et-redirectdeposit.com,public
domain,govdirectbenefit.com,public
domain,smsmoneytransfer.com,public
domain,commbnk-security-redirect.com,public
domain,canadagouvv.online,public
domain,canadagouvv.com,public
domain,anpost.ie-supportcentre.com,public
domain,rogers-return.top,public
domain,employementvoidgov.xyz,public
domain,royaltrustrbc.com,public
domain,onlinebanking-scotiabank.com,public
domain,wirelesscare-re-fund.info,public
domain,rewardscostcpoints.online,public
domain,cra-tax-return.ca,public
domain,outagecompensation.com,public
domain,verifyetransfer.online,public
domain,bellmoblity.com,public
domain,taxfilingarc.info,public
domain,cadrebateon2022.com,public
domain,pay-interac.top,public
domain,insttafundup2336.com,public
domain,epayonline.ca,public
domain,serviceontarrio.online,public
domain,parkinginfraction.ca,public
domain,anpost.service-support-ie.com,public
domain,mobifee-irepostoffice.com,public
domain,centfunds0009.ca,public
domain,anpost-paymentauthservice.com,public
domain,canadrevenuagency.top,public
domain,feespostofficeie.com,public
domain,mobile-irerev.com,public
domain,id5406.torontocitycourt.ca,public
domain,transfersviamsg.com,public
domain,mondepot.ca,public
domain,mobipostofficeconfirm.com,public
domain,can-etr001.info,public
domain,govfederalservice.com,public
domain,directbenefitservice.com,public
domain,bell-service.top,public
domain,revmobileprimary.com,public
domain,canada-gouv-revenue-agency-tax.buzz,public
domain,etrca-serviceontario.info,public
domain,canadaagencyreturntaxes.top,public
domain,etranscad4448.ca,public
domain,auspost.service-via.com,public
domain,returnedoutage.ca,public
domain,mobilitybell.ca,public
domain,commbank-security-ib-redirect.com,public
domain,bendigo-decline-redirect-eb-au.com,public
domain,easyrebate-incentives.com,public
domain,customer-refunds.redirectme.net,public
domain,anpost.recover-ie-team.com,public
domain,refundphonecarrier.info,public
domain,etranscad3337.ca,public
domain,signin.member-netfiix.ca,public
domain,signin.profiles-netfiix.ca,public
domain,signin.profilesecurity-netfiix.ca,public
domain,signin.securitycheck-netfiix.ca,public
domain,scotiaonline-client.com,public
domain,importunpaid-feesupport.com,public
domain,directservicedeposit.com,public
domain,govservicedeposit.com,public
domain,ccana4d4afre3sserviice3737.com,public
domain,can-transfe875.ca,public
domain,on.59241.torontopayment.ca,public
domain,rspreturn.ca,public
domain,collect-2022-member-coupon.ca,public
domain,lnteracverificationsession.online,public
domain,auspost.recover-au-parcel.com,public
domain,federalcanadiangov.com,public
domain,federaldepositgov.com,public
domain,nzpost.nz-pay.online,public
domain,etranscad5511.ca,public
domain,medicare.status-44.com,public
domain,et-customersupport.info,public
domain,ioufunds.ca,public
domain,fi-re101.com,public
domain,mediaflix-easyweb.com,public
domain,amazon-client-care.co,public
domain,amazon-client-care.info,public
domain,amazon-clientalert.info,public
domain,amazon-safecenter.info,public
domain,amazon-help-center.info,public
domain,abacuslab.us,public
domain,nab-decline-au.com,public
domain,anpost.support-ie-team.com,public
domain,anpost.ie-secure-fees.com,public
domain,anpost-rescheduleacc.com,public
domain,authentication-t1-d.com,public
domain,et-intr785.info,public
domain,etranscad1919.ca,public
domain,canad01-etr.ca,public
domain,viewinbrowser.ca,public
domain,anpost.centre-pay.com,public
domain,intracdep.link,public
domain,interac.transfer-login.ca,public
domain,transfer-login.ca,public
domain,returns-cadrevenuegency.com,public
domain,telus-account-payment.top,public
domain,trustclientrbc.com,public
domain,anpost-centre-ie.in,public
domain,members-cash-back-coupon.ca,public
domain,canadianservicebenefit.com,public
domain,canadianbenefitsdeposit.com,public
domain,financialfederalgov.com,public
domain,federalcanadiansgov.com,public
domain,abzajs18.com,public
domain,icbc.transfer-login.ca,public
domain,rogers.transfer-login.ca,public
domain,comm.info-mobile-au.com,public
domain,etranfserdeposit.info,public
domain,infosecures.xyz,public
domain,nab-redirect.com,public
domain,helpnow-589.com,public
domain,amazon-customer-center.online,public
domain,amazon-safety-center.online,public
domain,nab-capchat.com,public
domain,77859.torontocitypay.ca,public
domain,on.42423.infractionscollection.ca,public
domain,cragov-arccc.ca,public
domain,open24-log.com,public
domain,lnterac-online.ca,public
domain,anpost.ie-centre-pay.in,public
domain,1ccan4daan0fee3servi1c3e860.com,public
domain,teluscompensationsecure.online,public
domain,import-taxduties-ie.com,public
domain,anpost.centre-ie.co,public
domain,canadacrabenefits.com,public
domain,federalfinancialbenefits.com,public
domain,telusgroupsupport.com,public
domain,ottawa.transferonline.ca,public
domain,icbc.transferonline.ca,public
domain,mobianpostfees-ire.com,public
domain,fidowirelss.online,public
domain,lnterac-check.com,public
domain,lnterac-check1.com,public
domain,anpost.fee-centre.com,public
domain,carrierphone.info,public
domain,primereturn.online,public
domain,amazomreturn.online,public
domain,govinfotransfer.com,public
domain,govinfodeposit.com,public
domain,comm.rev-info-au.com,public
domain,920dab9b-3ab0-c907-597a-843dfef81bac.com,public
domain,alert.error-aus.com,public
domain,web.help-aus.com,public
domain,amazon-security-center.online,public
domain,govofalbertaservices.com,public
domain,nab-getaway.com,public
domain,on.18471.infractionstoronto.ca,public
domain,on.18471.toinfractions.ca,public
domain,on.18471.torontoinfractions.ca,public
domain,secure.signin-uber.ca,public
domain,secure.login-uber.ca,public
domain,anpost-package-online.com,public
domain,telusgroupsupport.club,public
domain,etransferrecipent.online,public
domain,rogersmobile.online,public
domain,login.online-sabb.net,public
domain,climateaction2022.ca,public
domain,climateactionsbc.com,public
domain,climateactionont.com,public
domain,climateactionont.info,public
domain,rgrs-services22.info,public
domain,bcclimateaction.com,public
domain,rgrs-customerservice.info,public
domain,climateactionbc.world,public
domain,climateactionont.world,public
domain,cra-interac-mobil.com,public
domain,c4na4d4wiid3inst4trans4err9483.com,public
domain,submitdepositonline.ca,public
domain,carebate2022.com,public
domain,an.post-ie-package.com,public
domain,anpost.ie-fee-pay.in,public
domain,anpost.ie-pay-fee.in,public
domain,comm.info-acc-au.com,public
domain,crchrrfnd.online,public
domain,federaldepositfinancial.com,public
domain,2993.on.torontopay.ca,public
domain,2553.on.speedingtoronto.ca,public
domain,3545.torontoradarcontrol.ca,public
domain,5781.on.torontoreminderauto.ca,public
domain,87452.on.torontoautospeed.ca,public
domain,4358.on.infractionwarningtoronto.ca,public
domain,cra-taxrefund.top,public
domain,tls-clientsupport.info,public
domain,nab-auth.com,public
domain,autoplan-icbc.info,public
domain,et2cv5r-icbc.app,public
domain,open24-ptsblogin.com,public
domain,an.post-ie-helphub.com,public
domain,climateactionsca.live,public
domain,climateactionsca.org,public
domain,climateactionsca.world,public
domain,pstreturn.ca,public
domain,financialgovdeposit.com,public
domain,telus-refund.ru,public
domain,financialgovdeposits.com,public
domain,rogersoffer.nl,public
domain,employementvoid.online,public
domain,customs.mobianpost-fee.com,public
domain,climateactionsc.com,public
domain,inf2938.vancouverinfraction.ca,public
domain,supportoutage.com,public
domain,aus.post-au-package.com,public
domain,net-seriemovie.click,public
domain,canatr-in01.ca,public
domain,financialdepositfederal.com,public
domain,financialdepositfederalgov.com,public
domain,aus.post-au.net,public
domain,textransfervia.com,public
domain,securebillingserver.online,public
domain,comm.acc-au-info.com,public
domain,three-services-ie.com,public
domain,mobility-exat.com,public
domain,www.returnsteam-orc.net,public
domain,returnsteam-orc.net,public
domain,www.orc-returnsteam.info,public
domain,orc-returnsteam.info,public
domain,securebillingservice.online,public
domain,atb.enablevisa.com,public
domain,financialcanadiangov.com,public
domain,financialcanadiangovdeposit.com,public
domain,canadianfederaldepositgov.com,public
domain,returnedtelus.ca,public
domain,annualcashback.ca,public
domain,newalert.in,public
domain,gigadat.org,public
domain,secure.signinauth-netflix.com,public
domain,secure.loginauth-netflix.com,public
domain,login.secureauth-netflix.com,public
domain,signin.secureauth-netflix.com,public
domain,cadonreba2022.com,public
domain,chtrnfx.online,public
domain,govinfoprocess.com,public
domain,govfederalprocess.com,public
domain,federaldepositcanadians.com,public
domain,costco-wholesale-program.ru,public
domain,costco-wholesales.ru,public
domain,import-overduefee.com,public
domain,federalfinancialgov.com,public
domain,infosnetflix.ca,public
domain,interac-acceptcra.com,public
domain,385etr-cad.ca,public
domain,icbctransfer.ca,public
domain,comm.au-info-val.com,public
domain,comm.au-val-info.com,public
domain,renewal-ntflxsupport.com,public
domain,anpost-online-fee.com,public
domain,mobilereturn.ca,public
domain,secure.halifax.uk.deviceconf-643536.com,public
domain,telusgroups.support,public
domain,anpost-settlement.com,public
domain,anpost-reschedule-package-acc.com,public
domain,securedepsit-now.online,public
domain,interruptioncompensation.info,public
domain,unicajabanco.es-nu.com,public
domain,financialdepositgovfederal.com,public
domain,cancel.santander.uk.device-683553.com,public
domain,sercurebillingserver.online,public
domain,serverbillingsecurity.online,public
domain,online.lloyds.uk.confdevice-584356.com,public
domain,noreply-mobility.info,public
domain,anpost.service-fee.cc,public
domain,cellphonerefund.info,public
domain,federaldirectdepositgov.com,public
domain,comm.acc-val-info.com,public
domain,netbank-review.com,public
domain,acfbchildfamily.info,public
domain,mycomm-unusual-activity-login.com,public
domain,tl-customerhelp.info,public
domain,etransfer-pay.top,public
domain,wholesale-coupons.com,public
domain,et-lnteracpayment.online,public
domain,chtrnetrfnd.online,public
domain,et-lnteracservice.online,public
domain,et-lnteracsercurity.online,public
domain,et-lnteracsecure.online,public
domain,et-deposit.redirectme.net,public
domain,e-1re-ca.com,public
domain,be13-re.com,public
domain,detailed-verifi-now.net,public
domain,anpost.teamsupport-recovers.com,public
domain,op.fi-login.com,public
domain,anpost-reschedule-online-acc.com,public
domain,noreply-err.info,public
domain,seb-mobile-support.com,public
domain,depositfinancialgov.com,public
domain,moey.pt-nu.in,public
domain,secure.halifax.uk.numberconf-942753.com,public
domain,canada-funds-reply.ca,public
domain,activobank.pt-nu.com,public
domain,customs.mobilepostire.com,public
domain,lnterac-check2.com,public
domain,online-alberta.ca,public
domain,canadiansdepositgov.com,public
domain,etranscad8883.ca,public
domain,netflix-confirm.com,public
domain,netflix-confirm1.com,public
domain,450cad-etr.ca,public
domain,albertaservices.net,public
domain,cost-cowholesale.ca,public
domain,postnzmobi.com,public
domain,net-restore-access.com,public
domain,saaqpermisqc.com,public
domain,fairsent.ca,public
domain,cb.au-info-profile.com,public
domain,reward-coupon.online,public
domain,servfunds-telus.info,public
domain,ca57gu45li26co84pi457.info,public
domain,netbank-personal.com,public
domain,govofbcservices.com,public
domain,anpost.teamsupport-recovery.com,public
domain,cashback.reward-coupon.online,public
domain,import-newtaxduty.com,public
domain,an-post-office-pay.com,public
domain,accalter.info,public
domain,www.accalter.info,public
domain,financialdirectdeposit.com,public
domain,financialdirectdepositgov.com,public
domain,anpost.ie-service.in,public
domain,details-verify-now.com,public
domain,online-alb.com,public
domain,wirelesscare-customrs.sbs,public
domain,wholesalesystems22.info,public
domain,450cade-tr.ca,public
domain,icashpayonline.ca,public
domain,auspost.retrieve-supportcentre.com,public
domain,confirmation55227.com,public
domain,anpost.service-pay.co,public
domain,serv-canada-retours.com,public
domain,srv-int-retours.com,public
domain,permissaaq.com,public
domain,comm.info-rev-details.com,public
domain,cadiccbrebat2022.com,public
domain,atbpersonal-visa.com,public
domain,personal-atbvisa.com,public
domain,34.220.44.167,public
domain,accreditationfidoprogram.info,public
domain,service-return-canada.com,public
domain,mycomm.dashboard-login-secure.com,public
domain,fi-palvelut.top,public
domain,on.torontocityreminder.ca,public
domain,an-post-office-online.com,public
domain,anpost.retrieval-supportcenter.com,public
domain,an-post-office-preview.com,public
domain,anpost.ie-postal-fees.com,public
domain,mobilepostofficecustom.com,public
domain,import-supporttaxpayabale.com,public
domain,my.anpost-ie-ref17382ab.com,public
domain,federaldirectdepositfinancial.com,public
domain,fairstonepay.ca,public
domain,bcelectricitytrust.com,public
domain,www.etransferinteracmobile.support,public
domain,etransferinteracmobile.support,public
domain,www.rbcroyalbank.icu,public
domain,enterac.info,public
domain,rbcroyalbank.icu,public
domain,easywb.info,public
domain,textetransfer.com,public
domain,directdepositgov.com,public
domain,interac.icbctransfer.ca,public
domain,balancefund.info,public
domain,wholesale-membership.ru,public
domain,tl-customernotice.info,public
domain,tdcanada-debit-card.pics,public
domain,tdcanada-debit-card.xyz,public
domain,nab-redirect-ib-au.com,public
domain,et3qs7l-telus.info,public
domain,anpost.reclaim-supportcenter.com,public
domain,recipientpostloginnz.com,public
domain,an-post-ie-review.com,public
domain,anpost.ie-fees-postal.com,public
domain,consumersupport-en.ca,public
domain,an-post-confirm-online.com,public
domain,netflix.update-details.online,public
domain,directdepositfederal.com,public
domain,update-details.online,public
domain,collect-yearly-member-coupon.ca,public
domain,netflixupdate0.info,public
domain,trustinterac-ca.com,public
domain,service-canada-retours.com,public
domain,directfinancialdeposit.com,public
domain,return2022.online,public
domain,tax.return2022.online,public
domain,e-transferr.online,public
domain,1services-customcare.sbs,public
domain,paydirectonline.ca,public
domain,interc.support,public
domain,intsasent.ca,public
domain,cb.client-id-review.com,public
domain,mycomm-restore-access.com,public
domain,9181.torontoparkinginfraction.ca,public
domain,textetransfers.com,public
domain,mygov-aus-verification.com,public
domain,help-912.com,public
domain,interc.online,public
domain,et3qs7l-telus.com,public
domain,nzgovt-help.cc,public
domain,nab-banking.com,public
domain,import-charges.com,public
domain,anpost.importfee-supportcenter.com,public
domain,anpost.ie-fees-postage.com,public
domain,an-post-reviews.online,public
domain,telusmobil.com,public
domain,identity.telusmobil.com,public
domain,an-post-review-ie.info,public
domain,servicecadrebates.com,public
domain,an-post-online.info,public
domain,safewaypay.ca,public
domain,personalbankingprotection.com,public
domain,billing-details.top,public
domain,payment-anpost-dutyfees.com,public
domain,anpost-delivery-attempted.com,public
domain,anpost-service-ie.in,public
domain,outagereturned.ca,public
domain,financialgovbenefits.com,public
domain,quickbookspay.ca,public
domain,1customr-srvcesmaintenance.info,public
domain,accept-ca-interac.com,public
domain,nzpost.nz-secure.com,public
domain,450-etr.ca,public
domain,my.retrieve-auspost.com,public
domain,www.lloyds-unpairdevice.co.uk,public
domain,auth-scotiaonline-scotiabank.com,public
domain,cra-ltneractpayments.info,public
domain,westpac-gateway.com,public
domain,applepay.via-cancel.com,public
domain,import-charge.com,public
domain,netflix-user.ca,public
domain,delivery-anpost.com,public
domain,neflixcanada.com,public
domain,cra-interac-claim.info,public
domain,mymobilitybillingupdate.com,public
domain,wireless-provider-care.info,public
domain,1servrefund-rogrs.info,public
domain,returngou-v1.ca,public
domain,www.cra-interac-claim.info,public
domain,rbcnotifications.com,public
domain,squareonline.ca,public
domain,recipientaupostal.com,public
domain,etcapay9959.ca,public
domain,medicare.via-kit.com,public
domain,mymobilityupdates.com,public
domain,td-logintdtrust.live,public
domain,td-isgood.xyz,public
domain,et-noticedetails.info,public
domain,bell-mobility.live,public
domain,cb.id-mobile-aus.com,public
domain,telus-assistance-client.one,public
domain,telus-safety-center.online,public
domain,boi365purchase-cancellation.com,public
domain,anpost.ie-fees-post.com,public
domain,onlinepurchase-cancellation.com,public
domain,op-banking.com,public
domain,an-post-ie-online.info,public
domain,www.orc-returns.net,public
domain,orc-returns.net,public
domain,wpasend.ca,public
domain,auth-review-ie.com,public
domain,anpost-redeliveryfee.com,public
domain,1wirelesscare-assistance.info,public
domain,sign-intrust-scotiaonline.com,public
domain,import-chargefee.com,public
domain,costco-member-reward-redeemable.ca,public
domain,american-check.com,public
domain,transferdirectdeposit.com,public
domain,directdepositfinancial.com,public
domain,etrans8887.ca,public
domain,permisdeconduiresaaq.com,public
domain,atb.client-conformation.com,public
domain,3323.torontoparkingpay.ca,public
domain,serv-returns-canada.com,public
domain,pluspay.ca,public
domain,revise-new-access.com,public
domain,catr-e450.ca,public
domain,help-912.online,public
domain,intracdep.online,public
domain,acc-9999309.online,public
domain,customerserv-1maintenance.sbs,public
domain,interc.live,public
domain,gangantconcour.online,public
domain,textsviatransfer.com,public
domain,rbcroyal.support,public
domain,bondprovinc-pbpp.ca,public
domain,td-team-online.team,public
domain,securetd-1inbox.com,public
domain,noreply-note.info,public
domain,atb.client-updtconfirmation.com,public
domain,re-apps-4234.com,public
domain,amazon-global-assistance.online,public
domain,an.postmoney-help-ie.com,public
domain,postoffice-dutyfees.com,public
domain,governmentdirectdeposit.com,public
domain,auth-verify-portal.com,public
domain,etrans7499.ca,public
domain,www.aib-unlink.com,public
domain,anpost-reschedule-service-acc.com,public
domain,netflxbillingrebate-en.ca,public
domain,import-chargeonline.com,public
domain,fidcampaign.info,public
domain,instapayonline.ca,public
domain,etransfer-pymt.top,public
domain,detailupdate.co,public
domain,anpost.centre-pay-ie.cc,public
domain,1auth-scotiaonline-scotiabank.com,public
domain,federaldepositfinance.com,public
domain,lnterac-confirm.com,public
domain,rbc-confirmation.com,public
domain,rbc-confirmation1.com,public
domain,outagebalance.ca,public
domain,bnzsupportidlogin.com,public
domain,intraclink.online,public
domain,textetransfersvia.com,public
domain,instasend.ca,public
domain,etrans3321.ca,public
domain,saaqpermis.com,public
domain,missed-parcel-auspost.com,public
domain,applepay.via-attempt.com,public
domain,amazon-safe-center.online,public
domain,t-d-949302-ca.com,public
domain,amazon-safe-platform.online,public
domain,depimtrac.com,public
domain,supportrbc-help.info,public
domain,cb.acc-au-app.com,public
domain,federalfinancedeposit.com,public
domain,support-sctia.info,public
domain,interactcrarefund.online,public
domain,inter-ca-h4929-42depo4.com,public
domain,e1-re-c49.com,public
domain,cxsbill-telus.info,public
domain,nab-authn.com,public
domain,anpost.ie-post-fees.com,public
domain,import-chargeservices.com,public
domain,verifybilling-three.info,public
domain,threeupdates-auth.online,public
domain,anpost.recovery-supporthub.com,public
domain,etrans6688.ca,public
domain,nab-secure-ib-au.com,public
domain,www.ie-billingalert.info,public
domain,financefederaldeposit.com,public
domain,cxsbill-telus.net,public
domain,danskebank.dk-konto.top,public
domain,uber-chats.us,public
domain,anpost-ie-customs.in,public
domain,reschedule-portal-ie.com,public
domain,ab-deposit.ca,public
domain,intraconline.online,public
domain,canclimateaction.com,public
domain,canclimateaction.net,public
domain,anpost-ie-fee.com,public
domain,rogersservices.online,public
domain,orderchats-uber.us,public
domain,qccprestation.live,public
domain,activateapplepay.info,public
domain,etrans9995.ca,public
domain,secure-inter.com,public
domain,ca-gov-annual-gst.ru,public
domain,permisquebec.com,public
domain,financedepositfederal.com,public
domain,tr-cad450e.info,public
domain,canadascotia-sign-intrust.com,public
domain,cell-promotions-sept.ca,public
domain,rewards-membership.ru,public
domain,telus-helpchats.us,public
domain,customerservs-1maintenance.info,public
domain,rogers-servfunds.info,public
domain,auspost.help-via.com,public
domain,info-alerts.net,public
domain,onlinesendpay.ca,public
domain,applepay.via-suspended.com,public
domain,ie-billingalert.info,public
domain,netbank-aus.com,public
domain,www.threeie-billingalert.com,public
domain,rogerswireless-com.mobi,public
domain,etransferdeposit.link,public
domain,scotiacatrust.com,public
domain,transfer.caip-on-gov.ca,public
domain,claim.caip-on-gov.ca,public
domain,claim.caip-on.ca,public
domain,transfer.caip-on.ca,public
domain,transfer.caipontario.ca,public
domain,claim.caipontario.ca,public
domain,claim.on-climateincentives.ca,public
domain,transfer.on-climateincentives.ca,public
domain,transfer.ontariocaip.ca,public
domain,transfer.ontarioclimateactionplan.ca,public
domain,claim.ontarioclimateactionplan.ca,public
domain,transfer.ontarioclimateincentive.ca,public
domain,claim.ontarioclimateincentive.ca,public
domain,transfer.ontarioclimateinitiative.ca,public
domain,claim.ontarioclimateinitiative.ca,public
domain,claim.ontariocaip.ca,public
domain,commbank-verify-redirect.com,public
domain,noreply-change.info,public
domain,an.postmanage-ie.com,public
domain,supportrbc.info,public
domain,itc-noticedetails.info,public
domain,pmtverified-netflix.ca,public
domain,mobilesecure-portal.com,public
domain,helpchats-uber.us,public
domain,lloyds.client.review-2fa.com,public
domain,et-federaldeposit.com,public
domain,anpost-ie.com,public
domain,danskebank.dk-alert.top,public
domain,rev-eforrm27.info,public
domain,albertaetransfer.ca,public
domain,three-ie.com,public
domain,claim-caipcanada.com,public
domain,claim-caipcanada.net,public
domain,claim-caipcanada.org,public
domain,returnoutage.ca,public
domain,1rgrswireless-custmerserv.info,public
domain,carevenue-depotmobile.me,public
domain,rbc-client-verification3.com,public
domain,services-return91.info,public
domain,redeliver-parcel-auspost.com,public
domain,saaqgouvpermis.com,public
domain,waysent10013.ca,public
domain,etrans6699.ca,public
domain,www.e4-securit2-t-3d.com,public
domain,e4-securit2-t-3d.com,public
domain,etransfer-lnterac.ca,public
domain,cb.val-info-app.com,public
domain,anzsupportid.com,public
domain,anzsupportidauth.com,public
domain,e4-sec-59t.xyz,public
domain,nab-redirect-secure-ib-au.com,public
domain,alert-comm.au,public
domain,nab-secure-redirect-ib-au.com,public
domain,anpost-rescheduling.com,public
domain,bnznewzlauthid.com,public
domain,rogersmyaccount.online,public
domain,etrans1144.ca,public
domain,canadian-transfer.com,public
domain,mobile-supportservices.com,public
domain,federalcanadagovdeposit.com,public
domain,nwrecipientlogin.com,public
domain,anpost-ie-services.in,public
domain,telusgroupedhelp.ca,public
domain,interactrustweb.com,public
domain,cadicbcreb1220.com,public
domain,royal-formupdate.info,public
domain,canadiansfederaldeposit.com,public
domain,digitalfedtransfert.com,public
domain,amazonecompany.ca,public
domain,pressend.ca,public
domain,ams-sga.cra-arc.gc.ca.e-transfer.space,public
domain,etrans5553.ca,public
domain,saaq-permis.com,public
domain,interac.primefido.ca,public
domain,secure.memberauth-netflix.ca,public
domain,secure.secureauth-netflix.ca,public
domain,secure.signinauth-netflix.ca,public
domain,secure.loginauth-netflix.ca,public
domain,secure.billingauth-netflix.ca,public
domain,secure.userauth-netflix.ca,public
domain,interac.bell-prime.ca,public
domain,can-etr99.ca,public
domain,secure.auths-netflix.ca,public
domain,login.auths-netflix.ca,public
domain,signin.auths-netflix.ca,public
domain,signin.userauth-netflix.ca,public
domain,login.userauth-netflix.ca,public
domain,login.billingauth-netflix.ca,public
domain,signin.billingauth-netflix.ca,public
domain,login.loginauth-netflix.ca,public
domain,signin.loginauth-netflix.ca,public
domain,login.signinauth-netflix.ca,public
domain,signin.signinauth-netflix.ca,public
domain,login.secureauth-netflix.ca,public
domain,signin.secureauth-netflix.ca,public
domain,signin.memberauth-netflix.ca,public
domain,login.memberauth-netflix.ca,public
domain,mobilitycustomercare.com,public
domain,ibnab-ausecload.redirectme.net,public
domain,anpost-online-service.com,public
domain,comm-sec-auth.com,public
domain,outage-credit.com,public
domain,rogers.outage-credit.com,public
domain,interac.mybell-en.ca,public
domain,financialdepositservice.com,public
domain,e-transfer.space,public
domain,barclays.profile-2fauth.com,public
domain,interac.unclaimed-funds.online,public
domain,anpost-parcel-ie.in,public
domain,can-costco-privilege.com,public
domain,can-depositdirect.com,public
domain,verif-process-rogers.com,public
domain,etrca-nflix.com,public
domain,updateinc.art,public
domain,1sevicescare-netfailure.info,public
domain,secure.auth-chase.com,public
domain,signin.auth-chase.com,public
domain,login.auth-chase.com,public
domain,secure.secureauth-chase.com,public
domain,login.secureauth-chase.com,public
domain,signin.secureauth-chase.com,public
domain,rogersgiftback-en.ca,public
domain,cacustomercare.live,public
domain,unclaimed-funds.online,public
domain,simplepayonline.ca,public
domain,qc.saaqmontreal.ca,public
domain,montreal.parkingville.ca,public
domain,qc.servicevillemontreal.ca,public
domain,25181.qc.montrealsaaq.ca,public
domain,auspost.reschedule-post.com,public
domain,financedepositsfederal.com,public
domain,e-1re-ca4.com,public
domain,rogers.ink,public
domain,chsmble1.com,public
domain,amzsprt.me,public
domain,icbc10100auth.com,public
domain,entrac-ca.mobi,public
domain,et7gtr5-auth1.info,public
domain,an-post-custom.support,public
domain,otb-online-transfer.info,public
domain,anpost-fees.online,public
domain,federaltransferservice.com,public
domain,aib-verification-online.com,public
domain,canada-direct-transfers.com,public
domain,updatebillinguber-en.com,public
domain,returns-91.online,public
domain,interac.returnoutage.ca,public
domain,tls-customernotice.info,public
domain,interac.bell-refund.ca,public
domain,interac.telus-surchargeremboursement.com,public
domain,infoupgrade.me,public
domain,1maintenance-wirelesscare.info,public
domain,instantdeposit.ca,public
domain,canadasclimateact.com,public
domain,canadaclimatepay.com,public
domain,canadasclimatepay.com,public
domain,canadasclimate.com,public
domain,paymentagencytransfert.com,public
domain,can-insurance.online,public
domain,nzpost-settlement.com,public
domain,ausposttracking.info,public
domain,etrans3337.ca,public
domain,federaltransferservices.com,public
domain,cra-arc.gc.ca.e-transfer.space,public
domain,updatecc.art,public
domain,cxz-telus.info,public
domain,cuth-scotiaonline-scotiabank.com,public
domain,lienssecurise-desjardins-marc.business,public
domain,mycommbk-ausec.redirectme.net,public
domain,www.secureautodeposit.ca,public
domain,comm-auth-sec.com,public
domain,icbc21001auth.com,public
domain,onlineaib-accsecurity.com,public
domain,online365-accsupport.com,public
domain,etrans8787.ca,public
domain,financialservicedeposit.com,public
domain,anpost.schedule-via.com,public
domain,commbank-validation.cc,public
domain,anpost-service-fee.in,public
domain,revenuquebecemploi.ca,public
domain,depositfederalservice.com,public
domain,depot-financier-canada.com,public
domain,powerm.info,public
domain,securepayonline.ca,public
domain,applepay.via-active.com,public
domain,via-active.com,public
domain,pay.apple-pending.com,public
domain,cra-arc.gc.ca.etransfer.notice0114718ca.services,public
domain,arc.gc.ca.ref-000184736ca.info,public
domain,updo.online,public
domain,gov.transferid99181.ca,public
domain,saaqpermisgouv.com,public
domain,customerservice-wholesale.shop,public
domain,customerservice-wholesale.net,public
domain,mycell-group-care4925.info,public
domain,interac.transferid99181.com,public
domain,netflix-setting-account.top,public
domain,craagency.online,public
domain,agencycra.info,public
domain,return-3339980.online,public
domain,mobilitycustomersupport.com,public
domain,bill-dept-telus.online,public
domain,canadaservicetransfer.com,public
domain,rebate-mobility.live,public
domain,etrsfr.cstcpitl.online,public
domain,1carrierservices-support.sbs,public
domain,myetupdate-cdn1.live,public
domain,myetupdate-cdn.live,public
domain,www.depositbalance.ca,public
domain,tmsecureintrac-deposit.ca,public
domain,mobileupdatebill.com,public
domain,www.tmsecureintrac-deposit.ca,public
domain,myetupdate-cdno.live,public
domain,an.post-ie-tracking.com,public
domain,auspost.package-via.com,public
domain,tdintellibanking.net,public
domain,traffic-violation.info,public
domain,parking-violation.info,public
domain,1torontodominion.com,public
domain,hsbc.profile-2fauth-review.com,public
domain,importonlinefee.com,public
domain,depositfinanceservice.com,public
domain,anpost-paymentaccservice.com,public
domain,depot-transfert-auto.com,public
domain,googlehcaptchaverification.info,public
domain,etransfer-interac-ref3728.com,public
domain,radar-ticket92.info,public
domain,etrans5550.ca,public
domain,handelsbanken.nl-identify.co,public
domain,radar-citytickets92.info,public
domain,carrier1services-maintenance.info,public
domain,my-netflix-payment-authentication.com,public
domain,anpost-fee-service.in,public
domain,transfer-digital.com,public
domain,depositservicefinancial.com,public
domain,radarticket.info,public
domain,2auth-scotiaonline-scotiabank.com,public
domain,mobilitybillingupdate.com,public
domain,bnasmartpay.ca,public
domain,simplii-policy.ca,public
domain,telusgroup.ca,public
domain,saaqpermisqc.ca,public
domain,inter-secure.info,public
domain,depositsafefunds.ca,public
domain,personalscotiatrustweb.com,public
domain,anpost.money-accountsupport.com,public
domain,cdntfr1001.com,public
domain,alert-cba.online,public
domain,amazon.ref-000184736ca.info,public
domain,amazon.notice0114718ca.services,public
domain,cade-tr001.ca,public
domain,et-alertdetails.info,public
domain,se-ont.com,public
domain,telus-helpchat.us,public
domain,service-agreement.net,public
domain,notice-wholesale.net,public
domain,transfert-autodepot-can.com,public
domain,identity-services.online,public
domain,mobirevprimaryire.com,public
domain,1carrierservices-maintenance.info,public
domain,etrans1100.ca,public
domain,climateactca.com,public
domain,climateactca.xyz,public
domain,climatecanada.xyz,public
domain,climatecanadacaip.xyz,public
domain,identity-verification-amazon.info,public
domain,processyourrefund.com,public
domain,servicedepositfederal.com,public
domain,securedtdpay.ca,public
domain,caetr-01.live,public
domain,updoinfo.art,public
domain,abonnement-online-tlix.click,public
domain,accessimmediately.com,public
domain,secure.auth-amazon.ca,public
domain,login.auth-amazon.ca,public
domain,signin.auth-amazon.ca,public
domain,secure.auths-amazon.ca,public
domain,login.auths-amazon.ca,public
domain,signin.auths-amazon.ca,public
domain,secure.authenticate-amazon.ca,public
domain,signin.authenticate-amazon.ca,public
domain,login.authenticate-amazon.ca,public
domain,login.web-amazon.ca,public
domain,signin.web-amazon.ca,public
domain,secure.web-amazon.ca,public
domain,secure.users-amazon.ca,public
domain,signin.users-amazon.ca,public
domain,login.users-amazon.ca,public
domain,login.profiles-amazon.ca,public
domain,signin.profiles-amazon.ca,public
domain,secure.profiles-amazon.ca,public
domain,secure.store-amazon.ca,public
domain,login.store-amazon.ca,public
domain,signin.store-amazon.ca,public
domain,190.14.37.195,public
domain,anpost.support-ref319475.com,public
domain,login.online-amazon.ca,public
domain,signin.online-amazon.ca,public
domain,secure.online-amazon.ca,public
domain,ca-rbcroyal.com,public
domain,ca-rbcroyal1.com,public
domain,secure.market-amazon.ca,public
domain,signin.market-amazon.ca,public
domain,login.market-amazon.ca,public
domain,westpac.secure-unusual-activity.com,public
domain,client-verification-online.info,public
domain,client-verifications-online.info,public
domain,client-verification-service.online,public
domain,client-verification-services.online,public
domain,importfeepay.com,public
domain,my.secure-portal.net,public
domain,mobirevoprimary.com,public
domain,uptoinfo.live,public
domain,anp-mobilesupport.com,public
domain,revmobiprimaryeu.com,public
domain,id.sakar-lank.net,public
domain,icbc01020auth.com,public
domain,lloyds.review-profile-2fa.com,public
domain,interaconline.3utilities.com,public
domain,an.postmoney-ie-help.com,public
domain,offences-parking.info,public
domain,violations-parking.info,public
domain,amazon.ref-015436ca.services,public
domain,offences-traffic.info,public
domain,recoverdkse.com,public
domain,genoprettenu.co,public
domain,barclays.review-profile-2fa.com,public
domain,financial-federal-deposit.com,public
domain,costco-annual-reward-membership.ca,public
domain,infobill-secu.online,public
domain,transfert-inter-can.com,public
domain,bmosecurefunds.ca,public
domain,www.amzsprt.me,public
domain,e-trcad01.info,public
domain,onlinebmopay.ca,public
domain,rbcac-cessline.store,public
domain,01-secure-scotia-dubank.com,public
domain,verifyscotiatrustweb.com,public
domain,emxcorp-alertnotice.info,public
domain,anpost-fee-service.co,public
domain,ref-000184736ca.info,public
domain,etrans0999.ca,public
domain,comm.app-sc-au.com,public
domain,cpvrfy.com,public
domain,etr-ca087.info,public
domain,canadafederal.com,public
domain,transfert-auto-depot-detail-secure.com,public
domain,importfee.com,public
domain,traffics-tickets.info,public
domain,radar-tickets.info,public
domain,telecom-serv-update.info,public
domain,parking-tickets297.info,public
domain,canadarevenueagncy.top,public
domain,servicesagreement.net,public
domain,tickets-parking22.info,public
domain,applepay.suspended-apple.com,public
domain,cdnsecureitrans.ca,public
domain,ref01734814.ga,public
domain,saaqpermis.info,public
domain,etrans7877.ca,public
domain,canadadepositfederal.com,public
domain,moneymartpay.ca,public
domain,id7195.calgaryinfraction.ca,public
domain,id8381.calgarycollections.ca,public
domain,secure-portalinfo.net,public
domain,comm-support-acc.com,public
domain,bendigo-auth-sec.com,public
domain,auspost.id-reschedule.com,public
domain,anpost.ie-postal-fee.co,public
domain,etrans4334.ca,public
domain,anpost.ie-fee-postal.co,public
domain,etransferorder.xyz,public
domain,federalhelppayment.com,public
domain,federalbenefitsdeposit.com,public
domain,e-trcad087.info,public
domain,charlottetowninfraction.ca,public
domain,netfiix-nopayment-chargeback.top,public
domain,mobianpostire.com,public
domain,atb.clientbanksupdt.com,public
domain,depositcanadianfederal.com,public
domain,alerte-banque-nationale.ca,public
domain,securecdnsent.ca,public
domain,alert-nab.online,public
domain,etrans7111.ca,public
domain,boamble1.com,public
domain,fuel-relief.online,public
domain,mytestpage.ddns.net,public
domain,balancefunds.info,public
domain,comm.info-sc-au.com,public
domain,telcorrectionprog.info,public
domain,virementinterac.online,public
domain,anz-auth.com,public
domain,mycomm-unusual-activity.info,public
domain,secure-westpac.live,public
domain,applepay.suspended-verify.com,public
domain,santan-verify-idenity.com,public
domain,etrans4447.ca,public
domain,reset-scotiaqa.com,public
domain,depositservicesfinance.com,public
domain,emtverify.com,public
domain,parking-offense.info,public
domain,parking-ticket54.info,public
domain,ticket-parking12.info,public
domain,mobilitycustomer-support.com,public
domain,mobipostie.com,public
domain,transfert-depot-auto.com,public
domain,relief-alb.online,public
domain,customerweb-tns.us,public
domain,etrans5858.ca,public
domain,help-netfliixpayment.top,public
domain,qcservice.cc,public
domain,flixverify.info,public
domain,in-etr055.us,public
domain,nzpost.nz-pay-fee.com,public
domain,netfliix.top,public
domain,rogers-fundsref.info,public
domain,payment-netfliix.com,public
domain,serviceca-notice.info,public
domain,anzdevices.online,public
domain,cashback-mytelus.xyz,public
domain,www.cashback-mytelus.xyz,public
domain,bellbacktoschool.ca,public
domain,import-feepayment-ie.com,public
domain,an-post-custom.delivery,public
domain,ntractfundr.live,public
domain,anpostcustoms.support,public
domain,interac-et.ca,public
domain,anpost-parcel-fee.com,public
domain,teluscashback.com,public
domain,anpcharge.com,public
domain,secureportal-ie.com,public
domain,santander.via-unusual.com,public
domain,mobipostfeeie.com,public
domain,ca.authenticate-uber.com,public
domain,ca.authorize-uber.com,public
domain,ca.billingauth-uber.com,public
domain,ca.loginauth-uber.com,public
domain,ca.secureauth-uber.com,public
domain,ca.signinauth-uber.com,public
domain,login-tangerine.ca,public
domain,applepay.pending-via.com,public
domain,apple.pending-via.com,public
domain,acceptca0001-39kf.ca,public
domain,federaldepositoption.com,public
domain,canadianbenefitsplan.com,public
domain,mobilecustomer-care.com,public
domain,webpaysend1001cdn.ca,public
domain,santan.verify-payment.com,public
domain,refund-govnz.top,public
domain,can-direct-secure-follow.com,public
domain,upmeinfo.me,public
domain,federaldebenefitsoption.com,public
domain,federaltransferoption.com,public
domain,ausposttracking.live,public
domain,www.ausposttracking.live,public
domain,feeimportnz.com,public
domain,ca-rbcroyalbank.com,public
domain,ca-rbcroyalbank1.com,public
domain,refprogramro.site,public
domain,updatenetflxbillinfo.com,public
domain,my.secure-portal.xyz,public
domain,auspost.work-via.com,public
domain,secure.accountauth-uber.ca,public
domain,ca.accountauth-uber.com,public
domain,secure.authcheck-uber.ca,public
domain,secure.authprofile-uber.ca,public
domain,ca.authprofile-uber.com,public
domain,secure.authrider-uber.ca,public
domain,ca.authrider-uber.com,public
domain,secure.billingauth-uber.ca,public
domain,secure.memberauth-uber.ca,public
domain,ca.memberauth-uber.com,public
domain,ca.authcheck-uber.com,public
domain,ca.pmtauth-uber.com,public
domain,secure.profileauths-uber.ca,public
domain,ca.profileauths-uber.com,public
domain,secure.riderauth-uber.ca,public
domain,ca.riderauth-uber.com,public
domain,ca.secure-uber.com,public
domain,secure.webauth-uber.ca,public
domain,ca.webauth-uber.com,public
domain,ca.profileauth-uber.com,public
domain,anpost-onlinepaymentsupport.com,public
domain,secure-ca-4445.ca,public
domain,poste.it-verificare.cc,public
domain,securedrecipienthelp.com,public
domain,santan-authenticate.com,public
domain,update-notice.net,public
domain,can-autodepot-follow.com,public
domain,nb-mobile-protect.com,public
domain,wp-mobile-validate.cc,public
domain,anpost-fee-service.com,public
domain,anpost-parcel-fee.in,public
domain,supportaumygov.com,public
domain,mobipostire.com,public
domain,asbonlinerecord.com,public
domain,wrf1001-31kf.ca,public
domain,reviewinfo.live,public
domain,mobileca-deposit.me,public
domain,orc-re.fund,public
domain,rogportalref.info,public
domain,www.orc-re.fund,public
domain,easyweb1tdintellibanking.net,public
domain,acceptca1001-31kf.ca,public
domain,cad-direct-3303.info,public
domain,app-rog-return.ca,public
domain,scotiawebsignin-intrust.com,public
domain,commonwealth-loginpage.com,public
domain,cashback-coupon.click,public
domain,telusmobity.com,public
domain,bendigo.au-authenticate.cc,public
domain,cdnpaidsecure.ca,public
domain,0039-scotia-reset.com,public
domain,westpac-id-update.online,public
domain,auspost.route-via.com,public
domain,canadarevnuagency.top,public
domain,bellmobility.mobi,public
domain,my.portal-secured-network.net,public
domain,anpost.ie-pay-fees.com,public
domain,sant-verify-device.com,public
domain,hs.uk-securesupport.com,public
domain,etransfer.financial,public
domain,an.post-ie-help-track.com,public
domain,barc.uk-securesupport.com,public
domain,au-tax-return.com,public
domain,mygov.au-tax-return.com,public
domain,claim.northernonenergybenefit.ca,public
domain,danskebank.dk-alerts.top,public
domain,portalrogerscred.info,public
domain,alert-serviceca.info,public
domain,dk-alert.top,public
domain,dk-alerts.top,public
domain,anpost-service-pay.co,public
domain,cad-cra-transfer.ca,public
domain,depositemailmoneytransfer.com,public
domain,anz-secure.net,public
domain,rfrpaid0001.ca,public
domain,auspost.com-aus.top,public
domain,upmeinfo.art,public
domain,etca-9845.info,public
domain,2scureld-loginlink.click,public
domain,auspost.au-import-fees.co,public
domain,rogersvalidation-outage.com,public
domain,interac.transfer250.ca,public
domain,eligibleforsupportau.com,public
domain,id86371.transfer250.ca,public
domain,cdnbysecurepay.ca,public
domain,my.portal-safe-network.net,public
domain,anpost-pay-service.in,public
domain,sant-auth-device.com,public
domain,boi-payee.com,public
domain,anpost.ie-pay-fees.co,public
domain,anpost.recovery-parcelfee.com,public
domain,mobilityetransfer.com,public
domain,taxereturncanada.top,public
domain,depositemailmoney.com,public
domain,atb.banktos-uptd.com,public
domain,cad-cra-transfer.com,public
domain,insterac.com,public
domain,claim.carbontaxcredit.ca,public
domain,claim.ontariocarbontaxbenefit.ca,public
domain,claim.carbontaxbenefit.ca,public
domain,claim.ontariocarbontaxcredit.ca,public
domain,etransferpaymentdeposit.com,public
domain,benefitsplanscanada.com,public
domain,federalemailmoney.com,public
domain,mygov-au-tax.com,public
domain,federaltransferoptions.com,public
domain,federaldepositoptions.com,public
domain,net-login-helpdesk.com,public
domain,reschedulenzp.com,public
domain,tdverif.com,public
domain,incomecapay-0001.ca,public
domain,etca-8881.ca,public
domain,anzpayeehelp.com,public
domain,ca.auths-netflix.com,public
domain,secure.profileauth-netflix.ca,public
domain,secure.webauth-netflix.ca,public
domain,ca.securesignon-netflix.com,public
domain,applepay.suspended-id.com,public
domain,nab-mobilesupport.com,public
domain,my.portal-infomation-seure.net,public
domain,ca-telluscomsupport.com,public
domain,atb.clientsvcform.com,public
domain,nab-dashboard-login.info,public
domain,my.secured-infomation.xyz,public
domain,commonweath-auth.com,public
domain,canadapost.delivery-bot.ca,public
domain,ukmobile-support.com,public
domain,an.post-ie-help-tracking.com,public
domain,federalelectronictransfer.com,public
domain,anpost-pay-parcel.com,public
domain,agc-auto-depo.com,public
domain,telecom-provider-corp.info,public
domain,applepay.support-via.com,public
domain,uk-mobileservices.com,public
domain,mygovt-taxreturns.com,public
domain,rgrsreturn.ca,public
domain,optiontransfercanada.com,public
domain,canadaoptionstransfer.com,public
domain,easyweb-td.ca,public
domain,etca-3330.ca,public
domain,sendsecure.ca,public
domain,mygov-tax-return.com,public
domain,ird.delivery-co-nz.net,public
domain,govbenefitscanada.com,public
domain,canadaoptiontransfer.com,public
domain,backtoschoolrewards.net,public
domain,simpliirewards.net,public
domain,nab.login-unusual-activity.xyz,public
domain,my.info-portal-secure.xyz,public
domain,nab-mobile-support.com,public
domain,rbc-app-alert.online,public
domain,ntflix.verify-acc.info,public
domain,e-transfer-deposit.com,public
domain,applepay-suspended-verify.com,public
domain,reviewulstermobi.com,public
domain,es-cuenta.top,public
domain,interac-etref45612.com,public
domain,hcaptchagoogleverify.com,public
domain,update-amazon.info,public
domain,anpcostomfee.com,public
domain,claim.onopportunitiesbenefit.ca,public
domain,claim.onopportunitiesgrant.ca,public
domain,claim.ontarioopportunitiesbenefit.ca,public
domain,claim.ontarioopportunitiesgrant.ca,public
domain,claim.opportunitiesbenefit.ca,public
domain,claim.opportunitiesgrant.ca,public
domain,import-anpostcost.com,public
domain,login.booking-uber.ca,public
domain,login.greatertoronto-uber.ca,public
domain,login.overview-uber.ca,public
domain,login.rideshare-uber.ca,public
domain,invoic4refund.org,public
domain,anpost.ie-parcel-fee.com,public
domain,villemontrealsaaq.ca,public
domain,e-transfer-financialdeposit.com,public
domain,problemfix.ca,public
domain,canadatransferoptions.com,public
domain,canadatransferoption.com,public
domain,dfxcbgvdfcbdsf.fr,public
domain,cdnwebpage.ca,public
domain,nz-fee-pay.com,public
domain,cdnviewpage.ca,public
domain,applepay.via-assist.com,public
domain,nz-post.nz-pay-fee.co,public
domain,errorcorrection.ca,public
domain,mygovt-returns.com,public
domain,atb.client-tosuptd.com,public
domain,etca-5588.ca,public
domain,infogovcanada.com,public
domain,anz-suspicious-activity.com,public
domain,auth-01update.info,public
domain,auth-01netflx.com,public
domain,mynetbank-comm-au.com,public
domain,rebateprofits.ca,public
domain,e-transfer-financial.com,public
domain,anz-loginpage.com,public
domain,postnord.no-alert.top,public
domain,mobionlinepostire.com,public
domain,inte-team-auto-deposit.com,public
domain,securepayeeremove.com,public
domain,electronicfederalpayment.com,public
domain,electronicfederaldeposit.com,public
domain,e-transfer-finance.com,public
domain,parking-tickets29.info,public
domain,applepay.via-icloud.com,public
domain,parking-toronto91.info,public
domain,tickets-parking11.info,public
domain,2-scotiaonline-scotiabank.com,public
domain,etca-3311.ca,public
domain,tax-nz-office.cc,public
domain,parking-tickets-city87.info,public
domain,electronicdepositoptions.com,public
domain,interac.live,public
domain,sign-innscotiatrustweb.com,public
domain,serviceca-details.info,public
domain,returnwageonline.ca,public
domain,my.info-center-secure.net,public
domain,aus-post.app,public
domain,commonweath-sec.com,public
domain,claim.benefitpayments.ca,public
domain,claim.benefits-gov-on.ca,public
domain,claim.gov-on.ca,public
domain,claim.grantpayments.ca,public
domain,claim.grants-gov-on.ca,public
domain,claim.onbenefits.ca,public
domain,claim.ongrants.ca,public
domain,claim.onpayments.ca,public
domain,claim.opportunities-gov-on.ca,public
domain,claim.provincialbenefits.ca,public
domain,claim.provincialpayments.ca,public
domain,anpost-paymentsupportservice.com,public
domain,infromationservice.com,public
domain,login.helpcenter-uber.ca,public
domain,login.accounthelp-uber.ca,public
domain,secure-nab-ib-au.com,public
domain,login.riderverify-uber.ca,public
domain,secureremovepayee.com,public
domain,retour-saaq-permis.ca,public
domain,santanhelp-actionuk.com,public
domain,verifyinteracnow.ca,public
domain,rogerssystem.online,public
domain,bendigo-au-helpdesk.com,public
domain,uk-secureportal.com,public
domain,permisqcc.live,public
domain,sgi-reward.com,public
domain,online-anpostcosts.com,public
domain,mobilitycustomer-transact.com,public
domain,directdepositinvoice.org,public
domain,cdnsafesend.ca,public
domain,applepay-wallet-update.com,public
domain,ca-interacwebtrust.com,public
domain,govoptioncanada.com,public
domain,club-wholesalereward.net,public
domain,e-transferfederal.com,public
domain,auth01-update.info,public
domain,electronicfundsdeposit.com,public
domain,federalfundstransfer.com,public
domain,auth01-aws.com,public
domain,bell.helpservice.support,public
domain,bell.gc-ca.tk,public
domain,001etr-cad.ca,public
domain,tax-office-nz.cc,public
domain,anz.dashboard-renew.com,public
domain,incomedeliver.ca,public
domain,ac-rbcroyalbank1.com,public
domain,ac-rbcroyalbank.com,public
domain,etrnsfr.art,public
domain,club-executiverewards.net,public
domain,net-membership-supp5671.info,public
domain,my.west-secure-page.net,public
domain,atb.clientsvc-conformation.com,public
domain,wirelessbell.shop,public
domain,www.wirelessbell.shop,public
domain,my.secure-infomation-update.net,public
domain,telusinvoicereturn.com,public
domain,anpost-onlineservice.com,public
domain,aus-postal.app,public
domain,alwaysherenow.xyz,public
domain,confirm.postiremobi.com,public
domain,collect-annual-member-coupon.ca,public
domain,login.accounthold-uber.ca,public
domain,login.holdhelp-uber.ca,public
domain,login.profilehelp-uber.ca,public
domain,anpost.feemobicustomire.com,public
domain,login.removehold-uber.ca,public
domain,login.removeholds-uber.ca,public
domain,login.unlock-uber.ca,public
domain,login.webhelp-uber.ca,public
domain,login.profilehold-uber.ca,public
domain,uk.secureportal.com,public
domain,esso-ca30.live,public
domain,gst-emtclaimed.com,public
domain,lcbc-deposit.com,public
domain,fees.postirecustom.com,public
domain,federalelectronicdeposit.com,public
domain,electronicfundsbenefits.com,public
domain,poste.mobile-info-it.com,public
domain,lnterac-transfer.online,public
domain,anpost-ie-fee.in,public
domain,fee.mobicustomspost.com,public
domain,securepayeehelp.com,public
domain,view-new-add.com,public
domain,tankonus.ca,public
domain,telecom-provider-validation.info,public
domain,verif-amazn.ca,public
domain,mobility-transfer.com,public
domain,invoicecanada.net,public
domain,advancedeliver.ca,public
domain,dbs.help-support-sg.com,public
domain,etca-3341.ca,public
domain,electronicfederalfunds.com,public
domain,asb-secureprotocol.com,public
domain,e-transferdepositservice.com,public
domain,crtc.etfr-communication.online,public
domain,asb-247.help,public
domain,in-etr450.ca,public
domain,recomsettle.click,public
domain,au-secure.site,public
domain,my.secured-infomation-safe.net,public
domain,online-bendigo-security.com,public
domain,authentication-scotiabank.com,public
domain,anz.dashboard-renew.in,public
domain,secure-cba-netbank-au.com,public
domain,royaltywage.ca,public
domain,salaryrevenue.ca,public
domain,interact-refund.online,public
domain,anpost-parcelcharge.com,public
domain,login.alert-uber.ca,public
domain,login.alerts-uber.ca,public
domain,login.memberalert-uber.ca,public
domain,login.memberalerts-uber.ca,public
domain,login.securityalert-uber.ca,public
domain,login.securityalerts-uber.ca,public
domain,login.profilealert-uber.ca,public
domain,login.profilealerts-uber.ca,public
domain,netflixaccount-refund.online,public
domain,anpost-postpay.com,public
domain,fees.postmobi-customsire.com,public
domain,online.post-importcost-ie.com,public
domain,noticedetails-serviceca.info,public
domain,authinteracnow.online,public
domain,securepayeeremoval.com,public
domain,electronicfundsoptions.com,public
domain,electronicfundscanada.com,public
domain,deposil-cra-pov.com,public
domain,asbnzonlineauth.com,public
domain,anpost.ie-postage-pay.co,public
domain,osko-online.com,public
domain,fees.postmobi-customs.com,public
domain,govgstreturn.ca,public
domain,via-apple-service.com,public
domain,cra-cadtransfer.com,public
domain,sepweeknow.ca,public
domain,web-tdcanadatrust.com,public
domain,kiwi-secure.com,public
domain,aus.post-settlementonline.com,public
domain,tankfillup.ca,public
domain,advancesend.ca,public
domain,reschedulenzpst.com,public
domain,asbnzonlinerecord.com,public
domain,federalelectronicpayment.com,public
domain,federalelectronicpayments.com,public
domain,net.personalreview-aus.com,public
domain,asb-nz.app,public
domain,cs-rbcroyalbank.com,public
domain,cs-rbcroyalbank1.com,public
domain,govtreturn.com,public
domain,telusprice.com,public
domain,return-center.ru,public
domain,my.secured-website-infomation.net,public
domain,onlinefm-cadeposit.me,public
domain,cotsco-executivebenefits.net,public
domain,anpost-deliverycost.com,public
domain,aib-onlinereviewacc.com,public
domain,update-apple-wallet.com,public
domain,anpost.support-deliverfee.com,public
domain,managepayeecibc.com,public
domain,auth-secured-service.com,public
domain,anpost-reschedule-delivery.com,public
domain,uk-mobileportal.com,public
domain,bnzonlinerecord.com,public
domain,int-team-rewards.com,public
domain,club-wholesalerewards.net,public
domain,updatecellular.com,public
domain,issuedrebate.ca,public
domain,overcharge-returncenter.ru,public
domain,ie-anpost-fee.in,public
domain,mobilitycustomercare.online,public
domain,asbauthenticatesupport.com,public
domain,fundsfederaloptions.com,public
domain,fundsfederaloption.com,public
domain,asbonlineauth.com,public
domain,help-co-nz.com,public
domain,scotiabank-help.com,public
domain,int-etrans01.ca,public
domain,e-intersecure.live,public
domain,asb.online-auth-nz.com,public
domain,refchatr.online,public
domain,help-link-au.com,public
domain,1carrierservices-outage.info,public
domain,tdbank-help.com,public
domain,etca-0045.ca,public
domain,bnzdeauthsupport.com,public
domain,e-transferfinancedeposit.com,public
domain,rogeftr.tk,public
domain,aus-post.direct,public
domain,ca-entitlement.ru,public
domain,bnzauthnz.com,public
domain,teluswireless.online,public
domain,wageincome.ca,public
domain,db.scentresupport.link,public
domain,anpost-deliverypayservice.com,public
domain,et-interac-payment.top,public
domain,et-0lnter-ac.net,public
domain,my.safe-secured-infomation.net,public
domain,uk-secure.site,public
domain,telusrebatechat.ca,public
domain,claim.benefits-on-gov.ca,public
domain,claim.grants-on-gov.ca,public
domain,claim.grants-on.ca,public
domain,claim.grants-ontario.ca,public
domain,etransfe-rts.com,public
domain,phone-outage-solution.info,public
domain,interac.etransfe-rts.com,public
domain,canadacaip.xyz,public
domain,inter-etrans10.ca,public
domain,canadacaip2022.xyz,public
domain,canadaclimateact.xyz,public
domain,canclimateaction2022.xyz,public
domain,cancaip2022.xyz,public
domain,canclimateaction.xyz,public
domain,gateway.csa-interac.ca,public
domain,e-transferdepositfederal.com,public
domain,automatedlinksender.ca,public
domain,delivery-support-ie.com,public
domain,interasc.com,public
domain,intredac.com,public
domain,interac-revenuquebec.ca,public
domain,et.interasc.com,public
domain,ie-anpost-pay.com,public
domain,fundsbenefitscanada.com,public
domain,electronicfundsbenefit.com,public
domain,int-autodeposit.com,public
domain,secure.signin-amazon.ca,public
domain,secure.signinauth-amazon.ca,public
domain,secure.authorize-amazon.ca,public
domain,secure.login-amazon.ca,public
domain,secure.loginauth-amazon.ca,public
domain,secure.authsignin-amazon.ca,public
domain,secure.authlogin-amazon.ca,public
domain,etransfer-deposit.info,public
domain,customersupport-mobility.com,public
domain,incom-tax-return-canada.xyz,public
domain,ebenefitsdeposit.com,public
domain,reactivate-applepaydevice.online,public
domain,aut001help.info,public
domain,mobility-customersupport.com,public
domain,personal-reward-access.ca,public
domain,etca-2121.ca,public
domain,clientemailtosms.ca,public
domain,canada-tax-return.ca,public
domain,etr-cad001.art,public
domain,redelivery-auspost.online,public
domain,aut001help-netflx.com,public
domain,ai-rbcroyalbank.com,public
domain,ai-rbcroyalbank1.com,public
domain,bnznzlauth.com,public
domain,belltoyou.ca,public
domain,my.offical-safe-network.net,public
domain,atb.tosplcyuptd.com,public
domain,mobility-overcharges.com,public
domain,aus-post.link,public
domain,common-wealth-secuirty.com,public
domain,an-postservicefee.com,public
domain,rbcroyalebank.ca,public
domain,anpost.ie-post-fees.co,public
domain,barc-mobileportal.com,public
domain,govbenefitprocess.com,public
domain,apple.support-wallet.com,public
domain,reward-by-costco.info,public
domain,secure.accountrecovery-amazon.ca,public
domain,secure.authcheck-amazon.ca,public
domain,secure.holdrecovery-amazon.ca,public
domain,secure.recover-amazon.ca,public
domain,secure.releasehold-amazon.ca,public
domain,secure.signinhelp-amazon.ca,public
domain,anpost.parcelsteam-support.com,public
domain,secure.loginhold-amazon.ca,public
domain,secure.recovery-amazon.ca,public
domain,secure.primehold-amazon.ca,public
domain,e-transferfederaldeposit.com,public
domain,intrerac.com,public
domain,mobility-charges.su,public
domain,global-communication.info,public
domain,mobipostireconfirm.com,public
domain,et.intrerac.com,public
domain,at-post.link,public
domain,aib-onlineaccsreview.com,public
domain,arc-deposit.com,public
domain,verification-ato-services-au.com,public
domain,mobile-secureportal.co.uk,public
domain,ap-renew-dashboard.com,public
domain,signin-commbank.com,public
domain,carrier1services-outage.info,public
domain,ie-anpost-fee.co,public
domain,etca-8880.ca,public
domain,taxereturncanadaagency.top,public
domain,et-intracpayments.com,public
domain,e-transferfederalfunds.com,public
domain,e-benefitscanada.com,public
domain,int-electrotrans.xyz,public
domain,canadahelp.homes,public
domain,asbonlinesecurenz.com,public
domain,caclimateaction.xyz,public
domain,caclimateactionpay.xyz,public
domain,canadaclimateactionca.xyz,public
domain,canadaclimateactionpay.xyz,public
domain,climateactioncanada.xyz,public
domain,cashbackcostco.com,public
domain,accreview.live,public
domain,et-1nter-a0c.org,public
domain,desjardinsalert.com,public
domain,et-intracpayment.com,public
domain,infractions-parking.info,public
domain,bnznewzlauth.com,public
domain,sec-ur77p0.info,public
domain,jekkmoermanwerk.ga,public
domain,www.auspost.review,public
domain,auspost.review,public
domain,mobile-secureportal.uk,public
domain,ap-reactivate-dashboard.com,public
domain,aus.postredirects-online.com,public
domain,import-anpostsduty.com,public
domain,bankaustria.at-post.link,public
domain,netflixbillings.com,public
domain,an-postdutyfees.com,public
domain,bmoalert.com,public
domain,an.post-ie-hold.com,public
domain,julyoutage.live,public
domain,global-communication-inc.info,public
domain,rgersoutage-return.com,public
domain,interac.depot-mobile.ca,public
domain,caq.gateway-interac.com,public
domain,in-et001.info,public
domain,revenue-gov1.ca,public
domain,ie-anpost-pay.in,public
domain,arc-transfer.com,public
domain,mobilitycustomerservice.com,public
domain,telusrebatesupport.ca,public
domain,revenuquebec-interac.ca,public
domain,td-alerts-online-secure.com,public
domain,costco-claim-annual-reward.ca,public
domain,costco-annual-executive-reward.ca,public
domain,personal.tdcandantrust.com,public
domain,tdcandantrust.com,public
domain,club-executivebenefits.net,public
domain,rewardnotification.net,public
domain,assetsreturn.ca,public
domain,sec-ur45f6.info,public
domain,www.mobility-support.pro,public
domain,mobility-support.pro,public
domain,mobilitycommunicationservices.com,public
domain,162.33.178.211,public
domain,13carrierservices-outage.info,public
domain,cashback-costco.com,public
domain,asb-help.app,public
domain,bnzsecureauth.com,public
domain,clientsvc-atb.com,public
domain,interac-notification773675.com,public
domain,bnzauthnewzld.com,public
domain,185.142.238.85,public
domain,auspostfees.com,public
domain,au.auspostfees.com,public
domain,mytrack-id.com,public
domain,telu583intractrasfer8492jd.online,public
domain,anpost.support-deliveries.com,public
domain,an-postdeliver.com,public
domain,sign-in-tdcatrustweb.com,public
domain,an-postdeliveryonline.com,public
domain,serviceca-alertnotice.info,public
domain,an-postparcelfee.com,public
domain,an-postsecurityfee.com,public
domain,teleact247can.com,public
domain,allocation2canada.net,public
domain,interac.rogersoutage.ca,public
domain,anpost-deliveringservicefee.com,public
domain,arc-autodeposit.com,public
domain,et-authenticationdetails.info,public
domain,caclimatepay.xyz,public
domain,caipay2022.xyz,public
domain,canadaclimatepayca.xyz,public
domain,climatecanadaca.xyz,public
domain,climatepay2022.xyz,public
domain,climatepaycanada.xyz,public
domain,easyweb-1wstep-trustref.com,public
domain,media-manage-serv.info,public
domain,cashback2-costco.com,public
domain,login.pmtsecurity-uber.ca,public
domain,login.ridersecurity-uber.ca,public
domain,login.usercheck-uber.ca,public
domain,login.userverify-uber.ca,public
domain,login.ridercheck-uber.ca,public
domain,login.pmtverify-uber.ca,public
domain,login.pmtprofile-uber.ca,public
domain,login.pmtcheck-uber.ca,public
domain,int-et00.info,public
domain,fundsdeposit.info,public
domain,rewardsnotification.net,public
domain,bnzauthsecurenzld.com,public
domain,netearnings.ca,public
domain,mobilitycustomer-service.com,public
domain,www.gouvhelp.me,public
domain,gouvhelp.me,public
domain,intreacr.com,public
domain,intrerat.com,public
domain,e-benefitsfundscanada.com,public
domain,canadafedgovdep.com,public
domain,etrsf-tfid.info,public
domain,intreasc.com,public
domain,e-transferfederalgov.com,public
domain,carrier12services-maintenance.info,public
domain,mobilitycustomer-services.com,public
domain,www.ntf.design,public
domain,ntf.design,public
domain,caq.depot-interac.ca,public
domain,club-exclusivegrants.net,public
domain,easy-web-form.com,public
domain,redirectemailtosms.ca,public
domain,0-scotiabank.com,public
domain,au-tracking-service.com,public
domain,easy-web-form.net,public
domain,returncostco.com,public
domain,telusinteract.ca,public
domain,telus-to-you-interact.ca,public
domain,reapprove-device.info,public
domain,customerbilling.sytes.net,public
domain,o-scotiabank.com,public
domain,ci-rbcroyalbank1.com,public
domain,secure1-scotiabank.com,public
domain,anpost-onlinedeliveryfees.com,public
domain,login.authpmt-uber.ca,public
domain,login.authpmtpro-uber.ca,public
domain,login.authpro-uber.ca,public
domain,login.billauth-uber.ca,public
domain,login.billverif-uber.ca,public
domain,login.pmtverif-uber.ca,public
domain,login.proauth-uber.ca,public
domain,login.profileverif-uber.ca,public
domain,reapprove-cbadevice.online,public
domain,revenuquebec-interac.net,public
domain,ca-centertrustinterac.com,public
domain,www.gouvhelp.info,public
domain,gouvhelp.info,public
domain,t.at-id.org,public
domain,raiffeisen.at-id.org,public
domain,e-transfergovfederal.com,public
domain,e-transferfinancegov.com,public
domain,xyzshimber247manuresolution-can.com,public
domain,intreac.online,public
domain,claim.energycredit-gov-on.ca,public
domain,claim.energycredit-on.ca,public
domain,claim.energycredit-ongov.ca,public
domain,claim.energycredit-ontario.ca,public
domain,claim.energycredit.ca,public
domain,claim.on-energycredit.ca,public
domain,claim.ontariosenergycredit.ca,public
domain,claim.energycredit-on-gov.ca,public
domain,canada-cra-set-up.com,public
domain,standardwebs.com,public
domain,import-anpostcustoms.com,public
domain,rogersreturn.ca,public
domain,tel-interact.com,public
domain,telinteract.com,public
domain,telinteractreference.com,public
domain,1servicescare-support.info,public
domain,asbonlinenewzld.com,public
domain,netflixx.info,public
domain,www.nzauthbnz.com,public
domain,bnznznewzlndsecure.com,public
domain,www.bnznznewzlndsecure.com,public
domain,000etrca.info,public
domain,sec-ur33f2.info,public
domain,telusbilling.sytes.net,public
domain,services-agreement.net,public
domain,netretreat.ca,public
domain,applepay-online.com,public
domain,00telu-s03-refinteract599.com,public
domain,parcelredelivery8.com,public
domain,www.auspost.au-id.info,public
domain,auspost.au-id.info,public
domain,digital-transfer-service.org,public
domain,postal.au-id.info,public
domain,takeastep.site,public
domain,energybillshelp.com,public
domain,etintrac-transfca.online,public
domain,transferse.online,public
domain,crataxrefund-2135-dollars.top,public
domain,club-annualgrants.net,public
domain,nzlgreturn.com,public
domain,xyzchornotranscan247.com,public
domain,asb-securityresponse.com,public
domain,alertdetails-serviceca.info,public
domain,energy.via-temp.com,public
domain,paysticket.ca,public
domain,reapprove-nabdevice.online,public
domain,e-transferfederalfinance.com,public
domain,cashrewardcostco.com,public
domain,e-transferfinancialgov.com,public
domain,barcsecuremobile-portal.co.uk,public
domain,inrterac.com,public
domain,electronicsfundtransfer.com,public
domain,lnteractransf-liberpoc-03secur3.com,public
domain,uptdinfo-atb.com,public
domain,ordertestkit-online.co.uk,public
domain,anpfeepayment.com,public
domain,returngo-v9.org,public
domain,e-transfer-federaldeposit.com,public
domain,revenuquebec-interac.com,public
domain,interrats2.com,public
domain,interac-caq.com,public
domain,annual-serviceagreements.info,public
domain,annual-services.info,public
domain,coupon-serviceagreements.info,public
domain,telussmobi.live,public
domain,mobile-customersupport.com,public
domain,anpost-ie-services.com,public
domain,arc-10001.com,public
domain,e-transfer.help,public
domain,tdverif-services.info,public
domain,tdverif-service.info,public
domain,tdcanada.intreasc.com,public
domain,1wirelesscare-support.info,public
domain,telu5cu5tomerinterarfund.online,public
domain,mobieu-revprimary.com,public
domain,netincomerfd.ca,public
domain,et-int000.info,public
domain,help-au-account.com,public
domain,saaqvillemontreal.ca,public
domain,nzpreschedule.com,public
domain,lib-00secure-1etransf-04.com,public
domain,bankofireland.ie-365.co,public
domain,annual-clubgrants.net,public
domain,et-in000.info,public
domain,netflixx.live,public
domain,online-esecure.live,public
domain,telus.refund-policy-customerid9153.gq,public
domain,tdtrustform.live,public
domain,goldstar-membership.net,public
domain,my.urgent-update-secured.net,public
domain,secure-data.online,public
domain,telus-center.info,public
domain,telus-interac.xyz,public
domain,anpost-arrange-delivery.com,public
domain,aib-accsecurityservice.com,public
domain,uk-mobilesecurity.com,public
domain,anpost.support-feeparcel.com,public
domain,login.asset-uber.ca,public
domain,login.assets-uber.ca,public
domain,login.authasset-uber.ca,public
domain,login.authassets-uber.ca,public
domain,login.payment-uber.ca,public
domain,interactrust-ca-service.com,public
domain,etlnterac-etrnfrt.online,public
domain,mobile-secure-portal.co,public
domain,trustinteracweb-ca.com,public
domain,lntrac-help-sh.xyz,public
domain,365online.ie-365.co,public
domain,santnder-porto.info,public
domain,saaq-assurance.com,public
domain,anpost-fee-ie.co,public
domain,transferelectronicfunds.com,public
domain,canadatrust-interacwebsave.com,public
domain,instantaccountdelivery.ca,public
domain,e-transfer-depositfinance.com,public
domain,govcanada-etransfer.com,public
domain,mobile-supportportal.co.uk,public
domain,an.post-ie-supports.com,public
domain,interac-arc.ca,public
domain,arc-interac.com,public
domain,onlinedeposit-mobile.ca,public
domain,wirelesscare-support.info,public
domain,telussystem.online,public
domain,login.lpp-uber.ca,public
domain,secure.lpp-uber.ca,public
domain,secure.kyc-uber.ca,public
domain,secure.sho-uber.ca,public
domain,secure.sli-uber.ca,public
domain,secure.ssi-uber.ca,public
domain,secure.sso-uber.ca,public
domain,secure.lpd-uber.ca,public
domain,secure.shd-uber.ca,public
domain,vubinfos.com,public
domain,telusmobile.info,public
domain,etransca0114.info,public
domain,2022canadacaip.xyz,public
domain,climatecanadacaip2022.xyz,public
domain,climatescanadacaip.xyz,public
domain,climatescancaip2022.xyz,public
domain,tax-returnnz.info,public
domain,electronicsfundcanada.com,public
domain,electronicrefundscanada.com,public
domain,electronicsfundscanada.com,public
domain,electronicrefundcanada.com,public
domain,climatescancaip.xyz,public
domain,ont-serviclaim.info,public
domain,payment-netflix.live,public
domain,citbk1.ddns.net,public
domain,save-interactrustcanada.com,public
domain,fionahelp.ca,public
domain,carevenue-gov.ca,public
domain,et-in-terac-hlp.cc,public
domain,reapprove-bnzupdate.website,public
domain,citreviews.com,public
domain,costcocashback2.com,public
domain,cdnadvancesent.ca,public
domain,saaqgouvquebec.com,public
domain,directfundscanada.com,public
domain,interacte.live,public
domain,banksupport-online.xyz,public
domain,easyweb-access.online,public
domain,xyzeuphor247can.com,public
domain,arc-100001-auto-depot.com,public
domain,fido-ca.mobi,public
domain,ird-taxreturn-co.nz,public
domain,loginpage-commonwealth.com,public
domain,aut001-help.info,public
domain,et.intreasc.com,public
domain,scotia-issuerefund.pro,public
domain,aut01help-netflx.com,public
domain,online365-support-services.com,public
domain,anpost-change-redelivery.com,public
domain,ca-interac-1-webtrust.com,public
domain,bankofireland.ie-secure365.net,public
domain,anpost-fee-services.com,public
domain,e-transfer-directdeposit.com,public
domain,revenuquebecinterac.ca,public
domain,aib-onlinereviews.com,public
domain,cdic-insurance.ca,public
domain,interac.rogersreturn.ca,public
domain,telus-mobile.ddns.net,public
domain,anpost.ie-pay-postage.co,public
domain,authanication-td.com,public
domain,etransca9007.info,public
domain,mytelus.live,public
domain,canadapost-postcanada.com,public
domain,e-transferelectronicfunds.com,public
domain,overchrgertrn-centre.ca,public
domain,utility-uk-service.com,public
domain,lib-00-1etransf-04.com,public
domain,login.chk-uber.ca,public
domain,login.ntc-uber.ca,public
domain,login.pdm-uber.ca,public
domain,login.prl-uber.ca,public
domain,login.rdr-uber.ca,public
domain,login.usr-uber.ca,public
domain,login.ver-uber.ca,public
domain,login.vrf-uber.ca,public
domain,gov-energy.app,public
domain,postmobi-fees.com,public
domain,abgov-ref.in,public
domain,www.gov-energy.app,public
domain,in00-etr.info,public
domain,gsthelpint.ca,public
domain,www.www3-login.info,public
domain,executive-goldstar.net,public
domain,e-transfercanadabenefits.com,public
domain,e-transfercanadaoptions.com,public
domain,e-transfercanadabenefit.com,public
domain,e-transfercanadaoption.com,public
domain,365online-bankofireland.info,public
domain,etransca6886.info,public
domain,nzpost.co.nz-id.app,public
domain,auspost.au-id.app,public
domain,interac-payments.pro,public
domain,secureanzdevice.online,public
domain,redeemcreditrogers.info,public
domain,netflx.help001.com,public
domain,etca-0046.ca,public
domain,instantpretecryptoidebitee.com,public
domain,reactivate-anzdevice.online,public
domain,energysupport-gov.com,public
domain,rogers-com.info,public
domain,apdashboard-renew.com,public
domain,customers-solutions.com,public
domain,reactivate-applepay.online,public
domain,secure-live-portal.net,public
domain,interac.ca.info-customercare.com,public
domain,interaconline.cloudns.nz,public
domain,anpost-change-delivery.com,public
domain,boi-secure-ie.com,public
domain,commbank-idupdate.online,public
domain,energyschemebills.com,public
domain,e-transfer-fundsdeposit.com,public
domain,ahs-govab.in,public
domain,anpost-pay-services.com,public
domain,securepay-anpost.com,public
domain,etransca4409.info,public
domain,e-scotiabank.com,public
domain,anpost-pay-ie.com,public
domain,electronicfundstransfers.com,public
domain,energy.govukofferscheme.com,public
domain,govenergy.link,public
domain,www.cibcsecurityweb81.com,public
domain,cibcsecurityweb81.com,public
domain,www.easy1-websecurity-td.com,public
domain,easy1-websecurity-td.com,public
domain,bawag.at-id.org,public
domain,arc-can-directtransfert.com,public
domain,return-rogers.ca,public
domain,boi-ie-secure.com,public
domain,kiwi.online-removal-nz.com,public
domain,tdfm-update.com,public
domain,costco2reward.com,public
domain,bendigo.com.aus-id.net,public
domain,mobilitynetwork-customersupport.com,public
domain,boi-ie-365secure.com,public
domain,kiwi.co.nz-app.link,public
domain,00etr-ca.info,public
domain,etransca5454.info,public
domain,auspost.aus-id.net,public
domain,e-transferbenefitservice.com,public
domain,bankofireland.ie-secure-365.com,public
domain,etransferdeposit.help,public
domain,ie-secure-365.com,public
domain,directglobalnetwork.ca,public
domain,serviceinteracca.com,public
domain,reward2costco.com,public
domain,reward-costco.com,public
domain,updateverify.art,public
domain,netflix-payment.can.com,public
domain,update-anzdevice.online,public
domain,crtc-canada.info,public
domain,secure.che-uber.ca,public
domain,secure.chx-uber.ca,public
domain,secure.dir-uber.ca,public
domain,secure.ktf-uber.ca,public
domain,secure.rch-uber.ca,public
domain,secure.thf-uber.ca,public
domain,secure.vdt-uber.ca,public
domain,secure.vld-uber.ca,public
domain,secureanz.info,public
domain,e-transfer-depositfunds.com,public
domain,binancelabs.us.,public
domain,servicesnotifyca.com,public
domain,secureasb-device.info,public
domain,i-scotiabank.com,public
domain,www.mobility-support.digital,public
domain,mobility-support.digital,public
domain,rogerscreditprogram.info,public
domain,arc-quebec-transit.com,public
domain,etransfer-govcanada-ref103590.com,public
domain,web1recovery.com,public
domain,reward2-costco.com,public
domain,costco2-reward.com,public
domain,mobility-tech-support.com,public
domain,etransca5533.info,public
domain,transferpending.online,public
domain,crtcpay.online,public
domain,electronicsfundstransfers.com,public
domain,householdbcbenefits.com,public
domain,am-rbcroyalbank.com,public
domain,carevenue-gov1.ca,public
domain,fundsdepositservice.com,public
domain,redelivery.express,public
domain,government-rebatetransfer.com,public
domain,member-annual-reward-coupon.ca,public
domain,see-my-reward.ca,public
domain,loyalty-reward-for-member.ca,public
domain,secureanzdevice.site,public
domain,my-membership-reward-coupon.ca,public
domain,bankofireland-secure365.online,public
domain,clientacct2927e93transfer.ca,public
domain,boi-365online.com,public
domain,uberapprider.info,public
domain,serviceca-authentication.info,public
domain,2govbchelp.com,public
domain,safe-updated-info.net,public
domain,services-ato-verfication.com,public
domain,secureanz-device.online,public
domain,aib-supportonlineservice.com,public
domain,anpost.delivery-supportfee.com,public
domain,electrtranseferemobil1tyteeluse398359.online,public
domain,boi-secure-online.com,public
domain,applyrogerscred.info,public
domain,notifybellca.com,public
domain,securecba-appdevice.online,public
domain,easywebtdintellibanking.net,public
domain,ticket-vancouver23.info,public
domain,ticket-parking28.info,public
domain,vancouver-parking82.info,public
domain,mobile-secure-id.com,public
domain,online365-service-support.com,public
domain,federalfundsdeposit.com,public
domain,online-rbc.info,public
domain,www3-login.info,public
domain,anpost-delivery-change.com,public
domain,barc-mobile-banking.com,public
domain,anpost-pay-ie.co,public
domain,fmonlinedeposits.com,public
domain,deviceauthapp.com,public
domain,anpost-services-fee.in,public
domain,telus-profil-support.top,public
domain,support-login.top,public
domain,vancouverhallparking.city,public
domain,boustonintel247ca.com,public
domain,cellrefund.info,public
domain,revcanet.online,public
domain,arc-directdeposit.com,public
domain,sebinfos.com,public
domain,00easyweb-ref103unblock-tdcanadatrust.com,public
domain,vancouverparkinghall.city,public
domain,vancouver-parkinghall.city,public
domain,vancouver-parking-hall.city,public
domain,bnzsupportpayee.com,public
domain,www.nova-sco.com,public
domain,vaiidate-deposit.online,public
domain,importcharge-an-post.com,public
domain,online-removal-r2.com,public
domain,nzpost.nz-app.link,public
domain,nzpost.co.nz-app.link,public
domain,anz.logon-web.com,public
domain,ib-online-removal.com,public
domain,etransca6600.info,public
domain,costco2reward.info,public
domain,coalitionavenirquebecideologie.com,public
domain,flatamount.ca,public
domain,annual-members-reward.ca,public
domain,anzdashboard-renew.com,public
domain,kzpppp.one,public
domain,netfiix.kzpppp.one,public
domain,4724td-additional.info,public
domain,retour-de-tax.top,public
domain,revenuecan.homes,public
domain,www.revenuecan.homes,public
domain,telreturn.com,public
domain,etr-cad00.info,public
domain,ai-scotiabank.com,public
domain,audh-07secibc.com,public
domain,commbankdevicealert.info,public
domain,autoplan-icbc-infos.com,public
domain,bendigo-web.com,public
domain,anpost-deliverysupportservice.com,public
domain,cibconlinesecu2.com,public
domain,santander.logon-web.com,public
domain,energy-rebate.site,public
domain,digitalanalyticsweb.com,public
domain,aib-onlinesupportservices.com,public
domain,365-support-online.com,public
domain,e-transferfundsdeposit.com,public
domain,costcocashback.info,public
domain,gov2can-alert.live,public
domain,interat2reimburse1.com,public
domain,parcel-redirect-service.com,public
domain,santander.confirm-via.com,public
domain,confirm-via.com,public
domain,redeem-your-membership-reward.ca,public
domain,redeem-executive-membership-reward.ca,public
domain,interactcanadaweb.com,public
domain,electronicsfundtransfers.com,public
domain,cracanada.net,public
domain,intera2reimburse1.com,public
domain,www.cracanada.net,public
domain,arc-qc-inflation-depot.com,public
domain,av-rbcroyalbank1.com,public
domain,postoffices-customs.com,public
domain,online-guide-protection.com,public
domain,1royalalertbank.com,public
domain,royalalertbank.com,public
domain,interac-1-webtrustca.com,public
domain,int01-et.info,public
domain,cashbackcostcoinfo.com,public
domain,cibcadditional.info,public
domain,auspost.au-app.link,public
domain,nrspsss.click,public
domain,netfiix.nrspsss.click,public
domain,asbloginnz.com,public
domain,e-transferdepositfunds.com,public
domain,govuk-repay-help.com,public
domain,suncorp.logon-web.com,public
domain,scotia-security.com,public
domain,web-suncorp.com,public
domain,anz.logon-app.com,public
domain,www-scotiabank.com,public
domain,anzdevice.info,public
domain,iccbccadlnfos.com,public
domain,mobil-serviceca.com,public
domain,my.secured-pay-update.net,public
domain,audh-02secbc.com,public
domain,c-i-b-c-additional.info,public
domain,aibonlineverificationservice.com,public
domain,pay-refundmygov.info,public
domain,orchardmultitude247can.com,public
domain,amazon-ca.duckdns.org,public
domain,ca-amazon.duckdns.org,public
domain,gift-amazon.duckdns.org,public
domain,rbcsupport.net,public
domain,www.rbcsupport.net,public
domain,rbcacc-support.net,public
domain,www.rbcacc-support.net,public
domain,auth-amazon.duckdns.org,public
domain,amazon-auth.duckdns.org,public
domain,cashback2reward.info,public
domain,fiona-relief.live,public
domain,ca-aid.help,public
domain,canadafundsdeposit.com,public
domain,www.middleshoppaxx.com,public
domain,reset-tdcanadatrust.com,public
domain,open24.ie-ptsb-auth.com,public
domain,lightbuscomuu247ca.com,public
domain,canada-1-interacwebtrust.com,public
domain,cityhall-vancouver.city,public
domain,cityhalls-parkingvancouver.city,public
domain,cityhalls-vancouvers.city,public
domain,autodepo-cra-trans.com,public
domain,interan1rei8.com,public
domain,interap1reimb.com,public
domain,interax41reimb.com,public
domain,secureasbremove.com,public
domain,e-transfer-depositfederal.com,public
domain,interoak1reim5.com,public
domain,et-ln-tarec-hlp.cc,public
domain,resume-mgov.live,public
domain,cityhall-parking.city,public
domain,cityhallsvancouver.net,public
domain,parkingsvancouver.city,public
domain,assistdeliver.com,public
domain,postal-customfees.com,public
domain,advancereturn.ca,public
domain,interan2rei.com,public
domain,interaf3rei.com,public
domain,myportal-onlinehelp.com,public
domain,goldstarmembership.net,public
domain,reward2cashback.com,public
domain,reward2cashback.com,public
domain,managingbnzlogin.co.nz,public
domain,scre02-rbc.com,public
domain,managingbnzlogon.co.nz,public
domain,notification767282-transfer-interac.ca,public
domain,commonweath-sec-au.com,public
domain,telusreminder-infos.com,public
domain,nationalabportal.live,public
domain,notificationdetails-serviceca.info,public
domain,telusservice.online,public
domain,interac.id8582.com,public
domain,ap-rbcroyalbank.com,public
domain,rbc-information.com,public
domain,az-rbcroyalbank1.com,public
domain,mygov-redirect-verification.com,public
domain,rederyservicenzpost.live,public
domain,mygov-auth-au.com,public
domain,secure-netbank-redirect.com,public
domain,cashback2costco.com,public
domain,mobicustompostoffice.com,public
domain,anpost-reschedule-parcel.com,public
domain,import-onlinefee.com,public
domain,customanpost-mobi.com,public
domain,canadianfundsdeposit.com,public
domain,fi-op.co,public
domain,formsecur.tel,public
domain,in01-etr.com,public
domain,tra-autodeposit.com,public
domain,apple.co.uk-app.link,public
domain,santander.aplicacion-soporte.com,public
domain,claim-climateactcanada.xyz,public
domain,claim-climateactcan.xyz,public
domain,claim-climateactca.xyz,public
domain,claim-climateact2022.xyz,public
domain,claim-canclimateact.xyz,public
domain,claim-canadaclimateact.xyz,public
domain,intecrasre2.com,public
domain,intecrasreb3.com,public
domain,intecrasrec5.com,public
domain,intercrasrev1.com,public
domain,resume-inab.live,public
domain,interac-verification.com,public
domain,virement-revenuquebec.ca,public
domain,amzverif.xyz,public
domain,telu-s.info,public
domain,mytelusadvantage-infos.com,public
domain,interran432.com,public
domain,goldstar-rewards.net,public
domain,an-post.live,public
domain,intercrasr1.com,public
domain,track.an-poste.live,public
domain,fundsdeposit.com,public
domain,servicefundsdeposit.com,public
domain,001int-et.info,public
domain,auth-aib.eu,public
domain,teluspayment.online,public
domain,cibconline1.com,public
domain,gstdepartment.live,public
domain,revenuecra.homes,public
domain,www.revenuecra.homes,public
domain,easyaccess-td.com,public
domain,rogersoutagereturn.ca,public
domain,amzverif.co,public
domain,amzverif.online,public
domain,funddeposit.info,public
domain,anzrenew-dashboard.com,public
domain,availablefunds.ca,public
domain,op-fi.net,public
domain,redirect-mygov-auth.com,public
domain,cba-redirect-secure-netbank.com,public
domain,fi-op.in,public
domain,confirm-info-portal.net,public
domain,ca-cerb.cyou,public
domain,moey.central-pt.info,public
domain,ccragcarc1.com,public
domain,ccrag-carn2.com,public
domain,ccra-paygo3.com,public
domain,ccra-mayno4.com,public
domain,reset2sv-scotiabank.com,public
domain,et-in778.info,public
domain,mobianpostconfirm.com,public
domain,t-d.me,public
domain,tangerines.cc,public
domain,canadianfundstransfers.com,public
domain,rogersontario.ca,public
domain,netfliixx.top,public
domain,cba-sec-au.com,public
domain,postoffice-iecustoms.com,public
domain,billing-netfliix.life,public
domain,op-fi-verkossa.com,public
domain,cibc-additonal.info,public
domain,santander.central-pt.info,public
domain,nb-autodeposit.com,public
domain,ccra-nago5.com,public
domain,ccra-vano6.com,public
domain,anpost-redelivery-change.com,public
domain,payable-anpostfee.com,public
domain,therbcc.co,public
domain,payment-postoffice-dutyfees.com,public
domain,payment-postoffice-dutyfee.com,public
domain,ca001neflx-help.com,public
domain,inter-ac.link,public
domain,bellpoliticspayment.top,public
domain,ccra-canada7.com,public
domain,rewardsnotif.net,public
domain,lnterac-refund.com,public
domain,manage-bnz-co.nz,public
domain,financesdepositfederal.com,public
domain,nzpostnzld.com,public
domain,postal.au-app.link,public
domain,bnzauthaction.com,public
domain,post.au-app.link,public
domain,shipment.au-app.link,public
domain,authrequirebnz.com,public
domain,authforbnz.com,public
domain,redirect-shipment.com,public
domain,www.aus.delivery,public
domain,aus.delivery,public
domain,kiwinzauth.com,public
domain,deliverymissing.ca,public
domain,deliverycp.ca,public
domain,parcelfee-an-postinvoice.com,public
domain,mygov-ato-refund-update.info,public
domain,op-fi-verkossa.co,public
domain,commbanksecuredevice.info,public
domain,boi-online-support.com,public
domain,tangerines.live,public
domain,rbccs.co,public
domain,atpost.live,public
domain,track-shipement.live,public
domain,helptelusrev.com,public
domain,canadianfundstransfer.com,public
domain,can-r1-return.com,public
domain,solutiondept.live,public
domain,uniaktivieren.com,public
domain,postoffices-taxmandates.com,public
domain,0000in-et.info,public
domain,op-online-fi.co,public
domain,2fa-tdbank.com,public
domain,cadrebatelnfos2022.com,public
domain,costco-cashback.info,public
domain,icuarus247canhelp.com,public
domain,invoice-an-postparcelfee.com,public
domain,depositfederalfunds.com,public
domain,teluserver.online,public
domain,tdservices-update.net,public
domain,secure-service.info,public
domain,asbauthaction.com,public
domain,restoretdbanque.online,public
domain,kiwiauthnewzld.com,public
domain,manageyourbnz.com,public
domain,nzpostnwzld.com,public
domain,bendigo-web-logon.com,public
domain,auspost.report,public
domain,mygov-sec.com,public
domain,reset-scotiabank.com,public
domain,anz-login-app.com,public
domain,suncorp-web-logon.com,public
domain,telus-refund.info,public
domain,my.saftey-network-secureupdate.net,public
domain,secure-mygov-ato.info,public
domain,custom-an-post.delivery,public
domain,op-fi-verkossa.net,public
domain,anpost-redeliver-package.com,public
domain,op-fi.in,public
domain,amazon-team.ca,public
domain,lnteract-webcanda.com,public
domain,e-transfer-depositservice.com,public
domain,lnterac-team.ca,public
domain,telusmobile.online,public
domain,interacflashweb.online,public
domain,mycra-moneytransfer.com,public
domain,gdc-bureau-depot-cra.com,public
domain,mycostcoreward.com,public
domain,custom-anpost.help,public
domain,canadianfundtransfer.com,public
domain,op-fi.cc,public
domain,set-up-acc-bot.com,public
domain,nzpostnzd.com,public
domain,depositfederal.com,public
domain,access-my-annual-reward.ca,public
domain,annual-reward-coupon.ca,public
domain,canadatelusrefiness32.com,public
domain,postservice-fees.com,public
domain,managingyourbnz.com,public
domain,lifetimeg0v.com,public
domain,asb-authupdates.com,public
domain,costcocashback,public
domain,crtc.claim-outage.online,public
domain,costcocashback.com,public
domain,0001etca.info,public
domain,members-redeem-annual-coupon.ca,public
domain,loginyourbnz.com,public
domain,medicare.ref1147x.com,public
domain,ausinfo.ref1147x.com,public
domain,nzpost.ref1147x.com,public
domain,suncorp-web-login.com,public
domain,icuarus247explorant.com,public
domain,comm-login.com,public
domain,auspost-auth.com,public
domain,authentication-mygov-secure.com,public
domain,fiopb.com,public
domain,canadaposte-postcanada.com,public
domain,secure-commbank-transactions.info,public
domain,op.fi-verkossa.com,public
domain,ca-amazone.com,public
domain,mygov-login-au.com,public
domain,secure-post-collection.net,public
domain,secure-an-post.com,public
domain,tdeasywebverification.com,public
domain,telusservers.online,public
domain,comm-login-sec-au.com,public
domain,fiopc.com,public
domain,inter-ink.info,public
domain,op-fi-in.co,public
domain,vahvistaa.fiopd.com,public
domain,op.fi-verkossa.net,public
domain,agi-inter-autodeposit.com,public
domain,et0000-in.info,public
domain,deposit-etransfer.info,public
domain,mycostcocash.com,public
domain,webslumin.com,public
domain,ptsb.mobiopen24ire.com,public
domain,cragency-secure.online,public
domain,bnzauthcancellation.com,public
domain,td-twofactor.com,public
domain,payment-telus.com,public
domain,postnz.live,public
domain,loginauthbnz.com,public
domain,managepostau.com,public
domain,778et-int.info,public
domain,securedmoney.ca,public
domain,suncorp.com.au-help.app,public
domain,amazon-help.ca,public
domain,costco-ret.com,public
domain,canadapostdelivery.ca,public
domain,rbc-information2.com,public
domain,anz.com.au-app.link,public
domain,telusicuarus247can.com,public
domain,my.income-update-secured.net,public
domain,anz.com.au-help.app,public
domain,auth-services-mygov.com,public
domain,cadreturn-cra-2.com ,public
domain,cadreturn-cra-2.com,public
domain,mobilewebrebate.co,public
domain,dbs-digi.com,public
domain,authenticationalert-serviceca.info,public
domain,my-govau.com,public
domain,op.fi-verkossa.co,public
domain,redeliverymail.live,public
domain,import-levy.com,public
domain,applepay-register.com,public
domain,aut001netflx-help.com,public
domain,parcel-redirect-service.co,public
domain,op-fi-in.com,public
domain,applepay-renewdashboard.com,public
domain,postnord-sikker.top,public
domain,approval-santsuk.com,public
domain,e-transfer-interac.online,public
domain,www.securitytdeasyweb1.com,public
domain,securitytdeasyweb1.com,public
domain,sebsinfos.com,public
domain,turbonetlinkprotect247govca.com,public
domain,refautodeposit.com,public
domain,telusclients-reminder.com,public
domain,obtainableprofits.ca,public
domain,an-post-chargefeeinvoive.com,public
domain,energy-scheme.online,public
domain,recoveryfundsca.org,public
domain,mytelus.info,public
domain,lifetime2return.com,public
domain,payment-netfliix.info,public
domain,impotquebec.cc,public
domain,anpost-itemisationid.com,public
domain,refundsbacktel.us,public
domain,canadarevenucra.top,public
domain,canada.post-office.ca,public
domain,canadianpostal.ca,public
domain,reschedule-canadapost.com,public
domain,redelivery-canadapost.ca,public
domain,get-my-personal-reward.ca,public
domain,executive-client-reward.ca,public
domain,see-member-reward.ca,public
domain,mail-canadapost.ca,public
domain,attempted-canadapost.ca,public
domain,taxreturngst.ca,public
domain,post.canada-office.ca,public
domain,cra-emtaccept.com,public
domain,00000ca.info,public
domain,auspost-confirm.com,public
domain,telreturns.com,public
domain,auspost-secure.com,public
domain,recoveryfunds.top,public
domain,telmobility.com,public
domain,auspost.com.au-review.link,public
domain,mygov-secure-login-au.com,public
domain,nz-bnz-co.nz,public
domain,costcorebates.ca,public
domain,my.dashboard-infomation-securely-update.xyz,public
domain,anpost.mailservices-fees.com,public
domain,infospostn.com,public
domain,mygov-auth-login.com,public
domain,freedom-mobile.tk,public
domain,secure-netflix-refund.top,public
domain,auspost.com.au-reviewal.info,public
domain,helpdesk-info-renew.com,public
domain,santander-logon.com,public
domain,fi-op-in.co,public
domain,uk.gov-bills.com,public
domain,nflixsupp1.com,public
domain,dublinanpost.com,public
domain,revenu-agency.co,public
domain,wwww.revenu-agency.co,public
domain,nflixsupp1.online,public
domain,nflixsupp1.co,public
domain,fi-op-co.in,public
domain,santander.co.uk-id.info,public
domain,telreturns.ca,public
domain,security-anpostfees.com,public
domain,teluscommunication.info,public
domain,apple.co.uk-id.review,public
domain,remit2u.art,public
domain,cidcteam.com,public
domain,autodeposit24h.com,public
domain,facture-netf-reglement.org,public
domain,in0000-et.info,public
domain,arrange-nzpost.com,public
domain,e-transferfederalsdeposits.com,public
domain,canadareturngst.ca,public
domain,apple.co.uk-id.info,public
domain,collect-2022caip.xyz,public
domain,collect-caip.xyz,public
domain,collect-caipcan.xyz,public
domain,collect-caipcanada.xyz,public
domain,collect-caippay.xyz,public
domain,collect-caippayment.xyz,public
domain,scotiabank-reset.com,public
domain,cadataupdate.com,public
domain,renew-apwallet-id.com,public
domain,etrsnfer-insurance.com,public
domain,compensation-mobile.info,public
domain,apple.co.uk-reviewal.info,public
domain,distributefinance.ca,public
domain,signinauthbnz.com,public
domain,mobileservi.com,public
domain,secure-westpac-transactions.info,public
domain,alerts-rbc.online,public
domain,stashsecuresend.com,public
domain,loginauthkiwi.com,public
domain,telusmobllty.com,public
domain,supportmybnz.com,public
domain,fido-mobile.tk,public
domain,tdeasyweb-reset.com,public
domain,linkntrc.cfd,public
domain,infirmicuarus247can.com,public
domain,etransfert-interac.info,public
domain,mygov-secure-login.com,public
domain,auth-sec-login.com,public
domain,etsec-tel-us.com,public
domain,sms-etrasnfer.one,public
domain,calgary.id001967-tickets.ca,public
domain,restriction.onl,public
domain,op.fi-digipalvelut.com,public
domain,energy-bill-rebate.info,public
domain,fi-op-in.com,public
domain,canadian-gov.live,public
domain,www.canadian-gov.live,public
domain,updatesltd.com,public
domain,santander.co.uk-confirmation.app,public
domain,telusmaintenance.com,public
domain,revenue-govpay.ca,public
domain,login.ccs-uber.ca,public
domain,login.cms-uber.ca,public
domain,login.crs-uber.ca,public
domain,login.cru-uber.ca,public
domain,login.crx-uber.ca,public
domain,login.csn-uber.ca,public
domain,login.cvs-uber.ca,public
domain,login.cwr-uber.ca,public
domain,santander.co.uk-confirmation.info,public
domain,virement-revenuquebec.com,public
domain,signin.cwr-uber.ca,public
domain,secure.cwr-uber.ca,public
domain,signin.cvs-uber.ca,public
domain,secure.cvs-uber.ca,public
domain,signin.csn-uber.ca,public
domain,secure.csn-uber.ca,public
domain,employementvoidca.online,public
domain,signin.crx-uber.ca,public
domain,secure.crx-uber.ca,public
domain,signin.cru-uber.ca,public
domain,secure.cru-uber.ca,public
domain,signin.crs-uber.ca,public
domain,secure.crs-uber.ca,public
domain,signin.cms-uber.ca,public
domain,secure.cms-uber.ca,public
domain,signin.ccs-uber.ca,public
domain,secure.ccs-uber.ca,public
domain,custompostoffice-mobile.com,public
domain,ettelushelp.ca,public
domain,help.id3842.ca,public
domain,fiona-relief.info,public
domain,collect-executive-members-reward.ca,public
domain,000etca.info,public
domain,147.182.156.185,public
domain,santander.co.uk-identification.info,public
domain,24h-autodeposit.com,public
domain,santander.co.uk-app.help,public
domain,parkinghall-montreal.city,public
domain,atbrecovery-easy.com,public
domain,e-transfertdepositservice.com,public
domain,assistance-easy-web.info,public
domain,serviceca-appealdetails.info,public
domain,recoveryrelief.ca,public
domain,recoveryrelief.net,public
domain,scotia-infoalert.com,public
domain,bnzcancelauth.com,public
domain,icbcadlnfos091.com,public
domain,ref-care.info,public
domain,www.ref-care.info,public
domain,cxsatisfaction.info,public
domain,www.cxsatisfaction.info,public
domain,mobile-compensation.info,public
domain,nab-secure-transactions.info,public
domain,asbauthcancelnz.com,public
domain,santander.uk-identification.info,public
domain,canadacrahelps.com,public
domain,www.canadacrahelps.com,public
domain,securitycibceasyweb1.com,public
domain,login.help-td.com,public
domain,login.security-td.com,public
domain,asbcancelauth.com,public
domain,members-coupon-reward.ca,public
domain,cadataupdates.com,public
domain,coupon-reward-client.ca,public
domain,rogers.ga,public
domain,rogers-mobile.tk,public
domain,directprofits.ca,public
domain,auspost.au-reviewal.info,public
domain,rogers.gq,public
domain,rogers-fundrefl.info,public
domain,sc-aoid2-2134.net,public
domain,yearly2cashback.com,public
domain,www.serviceinstantconnect.online,public
domain,serviceinstantconnect.online,public
domain,et-intreactelus.com,public
domain,virement-revenuquebec.info,public
domain,tax-claimnz.cc,public
domain,shawdigitalapy.net,public
domain,bnz-co-nz.info,public
domain,loginbnz-co.nz,public
domain,interac.costco-reimburse.ca,public
domain,interac-costco.ca,public
domain,costcorebates.info,public
domain,rebatecostco.info,public
domain,rebatecostco.com,public
domain,secure-services-mygov.com,public
domain,rebatescostco.com,public
domain,my.dashboard-network-update.xyz,public
domain,mygov-sec-log.com,public
domain,gov-security-auth.com,public
domain,icbcrefund.ca,public
domain,icbcinterac.ca,public
domain,walletrestore-apple-id.com,public
domain,interac-bcaa.ca,public
domain,interac-icbc.ca,public
domain,redirect-service.co,public
domain,id-oppdater.top,public
domain,2022-member-coupon-reward.ca,public
domain,cashbackyearly.com,public
domain,telusinterac.ca,public
domain,login.helpdesk-td.com,public
domain,restore-apwallet-id.com,public
domain,anpost.postageservice-fee.co,public
domain,anpost-parcel-reschedule.com,public
domain,a-t-b.online,public
domain,auth-td4web.me,public
domain,c-031redir.net,public
domain,lnterac-deposit.ca,public
domain,sa.ntanderx2u3.com,public
domain,spsugroups.com,public
domain,cashbackyearly2.com,public
domain,sgi-autodeposit.com,public
domain,expressbenefits.net,public
domain,telus-account-billing.top,public
domain,netflix-support-billing.top,public
domain,www.cibcmobilesecurity1.com,public
domain,cibcmobilesecurity1.com,public
domain,login.helpdesk-cibc.com,public
domain,login.helpdesk-cibc.ca,public
domain,td-bank1.com,public
domain,td-bank2.com,public
domain,parkinghalls-montreal.city,public
domain,bellmobllity.online,public
domain,interef-cad.top,public
domain,etlntreac-transf.online,public
domain,caipet.ca,public
domain,mobile-transferdeposit.com,public
domain,netflx.help38421.ca,public
domain,cracanada.rent,public
domain,www.cracanada.rent,public
domain,redflagdeals-prime.net,public
domain,wirelesscare-assistance.info,public
domain,uptdcardtos-atb.com,public
domain,0001in-et.info,public
domain,parkingcityhallmtl.city,public
domain,bell-mobility.tk,public
domain,govofabinsurance.ca,public
domain,td-banksupport-online.homes,public
domain,annual-reward.net,public
domain,mtlparkingsettle.city,public
domain,td-banksupport-online.us,public
domain,e8978transfer-deposit.xyz,public
domain,asbsecurelogin.com,public
domain,members-collect-reward.ca,public
domain,get-my-reward-coupon.ca,public
domain,see-my-annual-reward.ca,public
domain,executive-members-reward-coupon.ca,public
domain,simplesendway.com,public
domain,tvpssaaqca.com,public
domain,telus-mobility.tk,public
domain,netfiixbilling.help,public
domain,helpdesk-dashboard-info.com,public
domain,internetipank-lhv.com,public
domain,bendigo.site,public
domain,auspost.live,public
domain,energygov-rebate.com,public
domain,cibc-reactivate.com,public
domain,365-online-login.co,public
domain,foodowa.com,public
domain,mobile-transfer.online,public
domain,tddsecurenow.co,public
domain,internetipank-lhv-ee.com,public
domain,ref00134-easyreset-tdweb.com,public
domain,costco.annual-fidelity.com,public
domain,carecoveryrelief.ca,public
domain,srvceontarioreturn.com,public
domain,login.brm-uber.ca,public
domain,signin.brm-uber.ca,public
domain,secure.brm-uber.ca,public
domain,ne-t4pgateway.net,public
domain,login.drc-uber.ca,public
domain,login.trw-uber.ca,public
domain,login.ccr-uber.ca,public
domain,login.rom-uber.ca,public
domain,signin.drc-uber.ca,public
domain,secure.drc-uber.ca,public
domain,signin.trw-uber.ca,public
domain,secure.trw-uber.ca,public
domain,signin.ccr-uber.ca,public
domain,secure.ccr-uber.ca,public
domain,login.crk-uber.ca,public
domain,login.crz-uber.ca,public
domain,signin.crk-uber.ca,public
domain,secure.crk-uber.ca,public
domain,secure.crz-uber.ca,public
domain,signin.crz-uber.ca,public
domain,0000et-int.ca,public
domain,signin.rom-uber.ca,public
domain,secure.rom-uber.ca,public
domain,auspost-officeverification.com,public
domain,tdeasywebrequestverification.com,public
domain,easybuild.solutions,public
domain,caiprevcan.com,public
domain,auspost.com.au-online.co,public
domain,telmobility-transfer.ca,public
domain,prime-az.com,public
domain,infoup2date.art,public
domain,notifyca.com,public
domain,aus.post-au-ref143.com,public
domain,auspost.au-online.help,public
domain,energyukgov-rebate.com,public
domain,auspost.com.au-online.shop,public
domain,tps-refund.info,public
domain,master-visa-only.top,public
domain,netflix-support-bill0.top,public
domain,telusmobile.tk,public
domain,telus-mobile.tk,public
domain,mygov-sec-login.com,public
domain,ci-bc1verif.com,public
domain,anz.com.au-online.co,public
domain,revenueagency247icuarus.com,public
domain,auth-verification-appleau.com,public
domain,lhv-sisene-ee.com,public
domain,santander.info-auth.com,public
domain,santande.r-uk-ref113.com,public
domain,login.accounts-telus.com,public
domain,login.account-telus.com,public
domain,login.identity-telus.com,public
domain,login.manage-telus.com,public
domain,login.promo-telus.com,public
domain,login.promos-telus.com,public
domain,login.promotion-telus.com,public
domain,login.promotions-telus.com,public
domain,signin.accounts-telus.com,public
domain,signin.account-telus.com,public
domain,signin.identity-telus.com,public
domain,signin.manage-telus.com,public
domain,signin.promo-telus.com,public
domain,signin.promos-telus.com,public
domain,signin.promotion-telus.com,public
domain,signin.promotions-telus.com,public
domain,cra-secure.one,public
domain,emt-idsec15.one,public
domain,10crauthenticate15.one,public
domain,1510id.one,public
domain,emt-securid10.one,public
domain,secure.account-telus.com,public
domain,secure.accounts-telus.com,public
domain,secure.identity-telus.com,public
domain,secure.manage-telus.com,public
domain,secure.promo-telus.com,public
domain,secure.promos-telus.com,public
domain,secure.promotion-telus.com,public
domain,secure.promotions-telus.com,public
domain,autodeposit613.com,public
domain,lhv-turvaline.com,public
domain,app-scotiabank.com,public
domain,applepay-info.com,public
domain,freeprime.ca,public
domain,www.freeprime.ca,public
domain,gov2yk.art,public
domain,depositservicegov.com,public
domain,depositservicefederal.com,public
domain,e-transferfinanceservice.com,public
domain,e-transferfinancialservice.com,public
domain,e-transferservicedeposit.com,public
domain,apple.co.uk-confirmation.review,public
domain,costco.annuai-fidelity.com,public
domain,sant-pg.info,public
domain,aupost-alerts.com,public
domain,fiona-relief.online,public
domain,etransferunclaimedfundsdeposit.info,public
domain,cashbackannual.com,public
domain,cashback-annual.com,public
domain,asbdeauthcancel.com,public
domain,anzcancelauth.com,public
domain,inflation2022.net,public
domain,wbauthe.com,public
domain,interactransferonline.com,public
domain,vis-master.top,public
domain,kiwibank.me,public
domain,imagin.ayuda-pago.net,public
domain,annual-executive-reward.ca,public
domain,clientcare-cibc.com,public
domain,costco.id72915.com,public
domain,costco.id37482.com,public
domain,rebate-costco.com,public
domain,rebates-costco.com,public
domain,wholesale-costco.ca,public
domain,membership-costco.ca,public
domain,costco.id93102.com,public
domain,costco.id58927.ca,public
domain,costcomemberships.com,public
domain,costco-wholesale.ca,public
domain,reward-costco.ca,public
domain,bnzrequireauth.com,public
domain,asbrequireauth.com,public
domain,inter00-ca.info,public
domain,wbauthe.xyz,public
domain,gov-energyrebate.com,public
domain,helpdesk-net-info.com,public
domain,saaqtvpsca.com,public
domain,lnteracca-transfmobility.com,public
domain,funds-returncanada.ca,public
domain,137.184.7.204,public
domain,netbank.website,public
domain,serviceca-authenticationalert.info,public
domain,asbsecuremanager.com,public
domain,helpdesk-applepay-renew.com,public
domain,auth-apple-au.com,public
domain,cibc-security-web.com,public
domain,www.cibc-security-web.com,public
domain,revenuquebec.support-financier-automne2022.gq,public
domain,unicaja.ayuda-pago.net,public
domain,help-boi.info,public
domain,security-365.info,public
domain,help-center-net.online,public
domain,reactivate-apwallet-dashboard.com,public
domain,boi-support-service.com,public
domain,telus-tele-com.live,public
domain,telus-tele-com.online,public
domain,hypnodebblegov247ca.com,public
domain,telus-interac.com,public
domain,claim.crm-caip-on.ca,public
domain,claim.crx-caip-on.ca,public
domain,claim.csm-caip-on.ca,public
domain,claim.csr-caip-on.ca,public
domain,claim.help-caip-on.ca,public
domain,claim.identify-caip-on.ca,public
domain,claim.identity-caip-on.ca,public
domain,claim.verify-caip-on.ca,public
domain,login.acc-costco.ca,public
domain,login.acct-costco.ca,public
domain,login.crm-costco.ca,public
domain,login.csm-costco.ca,public
domain,login.csr-costco.ca,public
domain,login.csx-costco.ca,public
domain,login.help-costco.ca,public
domain,login.identity-costco.ca,public
domain,carelieffunds.ca,public
domain,e-transferservices.com,public
domain,fiona-relief-support.com,public
domain,easywebtdrequestverification.com,public
domain,crainteracref019462.com,public
domain,canadarelieffunds.ca,public
domain,membership-annual-reward.ca,public
domain,telusmanucare247can.com,public
domain,executive-membership-annual-reward.ca,public
domain,asbmanagealert.com,public
domain,e-000tr.info,public
domain,revenu.quebec-taxcredit-clientid7896.cf,public
domain,supportingmybnz.com,public
domain,www.crarevenue.org,public
domain,crarevenue.org,public
domain,et-depo-can-certi.com,public
domain,mobileassistance.info,public
domain,portal-scotiabank.com,public
domain,asbcancellationservice.com,public
domain,netflixingsupport.online,public
domain,cra.rent,public
domain,www.cra.rent,public
domain,mobilityassistancecenter.com,public
domain,2022-coupon-reward-wholesale.ca,public
domain,collect-caipca.xyz,public
domain,secure-caclimateact.xyz,public
domain,mobility15.com,public
domain,bell.mobility15.com,public
domain,secure-caip.xyz,public
domain,secure-caip2022.xyz,public
domain,collect-caip2022.xyz,public
domain,canada-relieffunds.ca,public
domain,ca-relieffunds.ca,public
domain,i0nl1ne.com,public
domain,revenu.quebec-support-automne2022.gq,public
domain,revenu.quebec-impots-client6295.gq,public
domain,bc-election.com,public
domain,clientcrdmandate-atb.com,public
domain,bnzcancellationnz.com,public
domain,supportingmyasb.com,public
domain,e-transferdepositservices.com,public
domain,bnzmanageralert.com,public
domain,canada04.com,public
domain,bell.canada04.com,public
domain,members-annual-reward.ca,public
domain,seccadlnfos1022.com,public
domain,membership-annual-reward-coupon.ca,public
domain,mob-kiwibank.me,public
domain,rbc-information1.com,public
domain,etransferpending.online,public
domain,netflx.id38421.info,public
domain,et-entrac.online,public
domain,www.mb-kiwibank.com,public
domain,secure-anz-login-ib.com,public
domain,overcharges-netflix.com,public
domain,service-login-secure-mygov.com,public
domain,mob-compensation.info,public
domain,sec-scotia.info,public
domain,annual-return.ca,public
domain,mb-kiwibank.com,public
domain,redirectservice.co,public
domain,nexi-pay-it-login.com,public
domain,review-applewallet-security-au.com,public
domain,auth-td2web.me,public
domain,mygov-services-login-secure.com,public
domain,easywebtdverify.com,public
domain,mobianpost-custosmfee.com,public
domain,telussystemreturn.online,public
domain,e-transferfundsfederal.com,public
domain,myincome-update-secure.net,public
domain,fiona-relief-fund.com,public
domain,mobility09.com,public
domain,telus.mobility09.com,public
domain,hsbc-mt.online,public
domain,costco-program.com,public
domain,mobipostofficecustom.com,public
domain,hsbcnet.live,public
domain,claim.drp-caip-on.ca,public
domain,claim.dru-caip-on.ca,public
domain,claim.ecw-caip-on.ca,public
domain,claim.erc-caip-on.ca,public
domain,claim.erm-caip-on.ca,public
domain,claim.erv-caip-on.ca,public
domain,claim.evw-caip-on.ca,public
domain,claim.mrc-caip-on.ca,public
domain,claim.mre-caip-on.ca,public
domain,claim.sli-caip-on.ca,public
domain,agencyrevenue247transcan.com,public
domain,claim.slr-caip-on.ca,public
domain,claim.xre-caip-on.ca,public
domain,ref-interst.com,public
domain,asbcancelserviceauth.com,public
domain,mobileanpostcustom.com,public
domain,asbsecuritymanager.com,public
domain,cra-interac.com,public
domain,e-transferfederaldeposits.com,public
domain,et778-in.ca,public
domain,si-rbcroyalbank.com,public
domain,canada010.com,public
domain,bell.canada010.com,public
domain,caip-collectcanada.xyz,public
domain,caipcollect-canada.xyz,public
domain,canadacaip-collect.xyz,public
domain,canada-collectcaip.xyz,public
domain,collect-caipcnda.xyz,public
domain,saaqcc.info,public
domain,cadatareturns.com,public
domain,anz-auth-payment.com,public
domain,uptdportal-atb.com,public
domain,yearly2reward.com,public
domain,banksupport-time-online.support,public
domain,my-personal-reward-coupon.ca,public
domain,membership-annual-return.ca,public
domain,canada-interactrust-web-1.com,public
domain,cadlnfossecured0011.com,public
domain,claims-it.com,public
domain,costc-fi.com,public
domain,mobility-transfer.xyz,public
domain,saaqpermispaiement.com,public
domain,up-transactions.online,public
domain,mobility-support.online,public
domain,city.id4120bc-tickets.ca,public
domain,returntelus.com,public
domain,ato-returns.com,public
domain,telusrefund.ca,public
domain,pos-can-paym.net,public
domain,d-gate-paym.net,public
domain,ato-profile.com,public
domain,climateincentive-etransfer.com,public
domain,4545.77.76756.com,public
domain,annual-summit.online,public
domain,telusassistance.ca,public
domain,review-sec-mygov.com,public
domain,serviceca-noticedetails.info,public
domain,anz-secure-authentication.com,public
domain,bmocloud-access.info,public
domain,bmocloud-secure.info,public
domain,bmocloud-services.info,public
domain,secure-auth-appleau.com,public
domain,bmoaccess-web.info,public
domain,bmosecure-access.info,public
domain,bmosecure-web.info,public
domain,aib-secure-authentication.com,public
domain,alert-transactions.online,public
domain,unusual-anztransactions.online,public
domain,ie-revenue.online,public
domain,ros-ie.online,public
domain,mobileboionline.com,public
domain,applerestore-wallet-id.com,public
domain,portaldepositgc.info,public
domain,m-auspost-au.com,public
domain,boimobiconfirm.com,public
domain,return-centre-telus.com,public
domain,lhv-konto.com,public
domain,apple.co.uk.reviewals.net,public
domain,transfer-globalizationcare247.com,public
domain,topredeemreward.com,public
domain,e-transfer-funding.com,public
domain,45.9.148.201,public
domain,boimobiconfirmation.com,public
domain,www.cracanada.online,public
domain,cracanada.online,public
domain,crarevenue.online,public
domain,www.crarevenue.online,public
domain,nexipayconto.com,public
domain,lhv.toetus-ee.com,public
domain,apple.co.uk-help.info,public
domain,collect-membership-reward-coupon.ca,public
domain,members-executive-reward-coupon.ca,public
domain,www.scotiabank-securitywebsite01.com,public
domain,scotiabank-securitywebsite01.com,public
domain,carecoveryrelief.com,public
domain,ca-recoveryrelief.ca,public
domain,asbmanagerequest.com,public
domain,fed-autodeposit.com,public
domain,tel-tech.ink,public
domain,ontario.government-taxes-client0127.gq,public
domain,securitycancelbnz.com,public
domain,interac-web.ca,public
domain,customer-online.info,public
domain,m-comm-secure-au.com,public
domain,mycra-interac.com,public
domain,bnzmanagerequest.com,public
domain,tel-customermobility.info,public
domain,telus-resources.com,public
domain,securemybnz.com,public
domain,hurricane-fiona-relief.com,public
domain,netflx-en.ca,public
domain,remitbeeonlinepay.com,public
domain,costco-support.info,public
domain,supportauthnab.com,public
domain,renew-id-aprestore.com,public
domain,securemyanz.com,public
domain,costco-redeem.info,public
domain,netflx-pay.ca,public
domain,ontario.government-taxes-client54345.gq,public
domain,telusmob-refund.com,public
domain,td-support.info,public
domain,wholesalecostco.info,public
domain,my-costco.online,public
domain,anz-payment-cancellation.com,public
domain,ontario.taxes-client0127return.gq,public
domain,notificationrewards.info,public
domain,mygov.support,public
domain,my.helpdesk-myaccount.net,public
domain,freedommobile.tk,public
domain,www.mlontarioproperties.com,public
domain,bmoweb-app.info,public
domain,bmoweb-portal.info,public
domain,portal-app-bmo.info,public
domain,portal-bmo-app.info,public
domain,portal-bmo-web.info,public
domain,portal-web-bmo.info,public
domain,serviceontario.site,public
domain,intrac-transfer.ddns.net,public
domain,annual-bell.report,public
domain,lhvee-konto.com,public
domain,helpdesk-renew-info.com,public
domain,rbc-information3.com,public
domain,revenu.quebec-impots-clients0196.gq,public
domain,apple.co.uk-access.info,public
domain,telusimperialcare247can.com,public
domain,apple.co.uk.reviewals.org,public
domain,reviewals.org,public
domain,alfakcit.com,public
domain,revenu.quebec-retour-impots-client2656.gq,public
domain,lhv-kindlustatud,public
domain,e-transfer-fundings.com,public
domain,anpost.delivery,public
domain,lhv-turvalisus.com,public
domain,bnzremovalmanager.com,public
domain,montelus.live,public
domain,vim-ly.monster,public
domain,bellassistance.org,public
domain,securityhelpbnz.com,public
domain,securityhelpwestpac.com,public
domain,tel-inc.live,public
domain,cibconline.myvnc.com,public
domain,review-attempted-info.com,public
domain,arc-interac.live,public
domain,affordablesend.com,public
domain,auto-cra-deposit.com,public
domain,canadarevenueagency-gov-on.com,public
domain,get-annual-members-reward.ca,public
domain,annual-member-reward-coupon.ca,public
domain,mymobility-transfer.com,public
domain,ird-nz.co,public
domain,bnzmanagecancellation.com,public
domain,interacrevenuquebec.site,public
domain,www.desjardinprivacysecurityweb.com,public
domain,desjardinprivacysecurityweb.com,public
domain,transfcanada-lnterarc.com,public
domain,intrac-online.myvnc.com,public
domain,intrac-trans.myvnc.com,public
domain,insta-trans.myvnc.com,public
domain,insta-etrans.myvnc.com,public
domain,etransfer.biz,public
domain,instant-etrans.myvnc.com,public
domain,intra-etrans.myvnc.com,public
domain,etrans-intrac.myvnc.com,public
domain,rides-return.online,public
domain,etrans-intra.myvnc.com,public
domain,telecom-project-survey.info,public
domain,etrans-online.myvnc.com,public
domain,transfer-bchydro.com,public
domain,transfer-hydro.xyz,public
domain,certifiedequity.ca,public
domain,transfer-int.online,public
domain,myportal-security.com,public
domain,directprofit.ca,public
domain,chatrmobile.tk,public
domain,anz-update-info.net,public
domain,rogers-fundfer.info,public
domain,fundserv-telus.info,public
domain,redeem-reward.com,public
domain,secure-netbank.online,public
domain,secure-anzdevice.online,public
domain,amazon-p8vs.com,public
domain,my.income-securedupdate.net,public
domain,review-security-cba.com,public
domain,tel-returns.com,public
domain,www.costco-rewards.com,public
domain,cibconline.ddns.net,public
domain,helpdesk-info-renew.live,public
domain,cibcverify.myvnc.com,public
domain,cibcverify.ddns.net,public
domain,cibclogin.ddns.net,public
domain,cibclogin.myvnc.com,public
domain,cibc-online.ddns.net,public
domain,cibc-online.myvnc.com,public
domain,cibc-verify.ddns.net,public
domain,cibc-verify.myvnc.com,public
domain,westpac-one.app,public
domain,lhv-klient.com,public
domain,poste-it.app,public
domain,vaccineahs.in,public
domain,restoreap-id-wallet.com,public
domain,etransfer.reclaimedfunds.info,public
domain,saaaqpermis.info,public
domain,postal-customfee.com,public
domain,auto-depositcra.com,public
domain,redflagdeals-goldstar.net,public
domain,telus-ability.info,public
domain,health-ab.in,public
domain,primeservice.cc,public
domain,clientsicbc-reminder.com,public
domain,ifeta.co,public
domain,ifeta.xyz,public
domain,et-1n-tarec-hlp.cc,public
domain,bellbillinginquiries.com,public
domain,abhealthservice.in,public
domain,member-personal-reward.ca,public
domain,member-coupon-reward.ca,public
domain,et-intrac46894.sbs,public
domain,int-rac13fdv7.info,public
domain,et-nterac-f3dv7cbg.sbs,public
domain,et-intrac.info,public
domain,et-intrac-f3dv7sbs.info,public
domain,cooperation-support.info,public
domain,infopostn.com,public
domain,securehelpbnz.com,public
domain,aboutmy-ref.info,public
domain,e-transferbenefits.com,public
domain,vaxahs.in,public
domain,www.securityhelpnab.com,public
domain,a-h-s.in,public
domain,1nterac.online,public
domain,rog1service.ca,public
domain,si-rbcroyalbank3.com,public
domain,alpineloan.ca,public
domain,a-h-s.online,public
domain,ability-interac.info,public
domain,rewaredeem.com,public
domain,federalservicetransfer.com,public
domain,weeklywage.ca,public
domain,recognise-anz.com,public
domain,belserviceclaim.com,public
domain,collect-caipbenifit.xyz,public
domain,secure.belserviceclaim.com,public
domain,telusrefund.net,public
domain,aulocalpostservice.com,public
domain,authnzbnz.com,public
domain,rogers-fundrel.info,public
domain,bc.id7186-tickets.city,public
domain,mygov.poste-it.app,public
domain,my.secure-income-security.net,public
domain,sn-rbcroyalbank2.com,public
domain,help.id38400.ca,public
domain,pendingdepos.info,public
domain,mygov-auth-review.com,public
domain,amazonreturn.org,public
domain,my.app-access-register.net,public
domain,rogersmobile.tkj,public
domain,rogersmobile.tk,public
domain,secure-uptransactions.online,public
domain,mygov-au.support,public
domain,mygov.digital,public
domain,et-interac-telus.ca,public
domain,et-telus.ca,public
domain,interac-telus-en.ca,public
domain,cadicbclnfos.com,public
domain,imperialtelus247can.com,public
domain,westpac-au.myvnc.com,public
domain,ird-nz.myvnc.com,public
domain,help.id009282.ca,public
domain,interac-onlineability.info,public
domain,my.payment-dispute-secure.net,public
domain,ability-interaconline.info,public
domain,sn-rbcroyalbank.com,public
domain,1torontodomioneasy-wwb.net,public
domain,1torontodominioneasy-wwb.net,public
domain,apple-pay.myvnc.com,public
domain,ing-au.myvnc.com,public
domain,annualwide-return.online,public
domain,telmobilitycommunication.com,public
domain,helpability-interac.info,public
domain,authaib.com,public
domain,internac-ly.monster,public
domain,new-add-revise.com,public
domain,lp-scotiabank.com,public
domain,anzreviewsecurity.com,public
domain,interatsteluszmobility3.com,public
domain,etranc-online.myvnc.com,public
domain,online-etrans.myvnc.com,public
domain,clientportal-atb.com,public
domain,etrac-onl.myvnc.com,public
domain,telusmobility-cloudservice.info,public
domain,telusmobility-update.info,public
domain,etrns-online.myvnc.com,public
domain,carecoveryfunds.org,public
domain,intrac-etrans.myvnc.com,public
domain,online-etrans.ddns.net,public
domain,saaq-autoassu.com,public
domain,etranc-online.ddns.net,public
domain,intrac-etrans.ddns.net,public
domain,etrac-onl.ddns.net,public
domain,online-etranc.ddns.net,public
domain,cradepositauto.com,public
domain,canadachildbenefit.online,public
domain,etransferpending.live,public
domain,depositservicefunds.com,public
domain,costcoreturn.com,public
domain,au-mygov.com,public
domain,etonline1827.ca,public
domain,costco-returnaccess.com,public
domain,txincomcad.top,public
domain,bccatc.in,public
domain,cadrevagence.top,public
domain,bendigoalerts1on1.live,public
domain,reactivate-applepay.store,public
domain,mytelusportal.com,public
domain,collectoct-caip2022.xyz,public
domain,collect2022-caip.xyz,public
domain,collect2022oct-caip.xyz,public
domain,collectcaip-2022.xyz,public
domain,collectcaip-oct.xyz,public
domain,collectoct-caip.xyz,public
domain,et-ability.info,public
domain,serviceclaimrog.com,public
domain,secure.serviceclaimrog.com,public
domain,returntaxincome.online,public
domain,bendigoalerts1on1.live/aup,public
domain,deny-recentpay34918.com,public
domain,sm-intrac.info,public
domain,amazon-return.com,public
domain,client.id92170icbc.ca,public
domain,ca000-et.info,public
domain,depositfunds.online,public
domain,app-help-dashboard.info,public
domain,review-applewallet-au.com,public
domain,telusethelp.ca,public
domain,revenuquebec-retour.ca,public
domain,verify-applepay.myvnc.com,public
domain,secure-navigation.info,public
domain,client.icbc9184.ca,public
domain,secure-verification-appleau.com,public
domain,webpageupdate.info,public
domain,secure-nztaxrefund.info,public
domain,verify-westpac.myvnc.com,public
domain,my.income-security-protect.net,public
domain,lnf0supp0rt2g6d33w.com,public
domain,sn-rbcroyalbank1.com,public
domain,commbank-au.myvnc.com,public
domain,medicare-auth.com,public
domain,my.suspicious-activity-protection.net,public
domain,cba-logonaspx.myvnc.com,public
domain,aib-authentication-service.com,public
domain,ptsb.pro,public
domain,anz-inetbank.myvnc.com,public
domain,anpost-courieralert-fee.com,public
domain,www.bendigoalerts1on1.live,public
domain,cra-portal.com,public
domain,e-transferfundingservices.com,public
domain,onlinedepositetransfer.ca,public
domain,executive-membership-reward.ca,public
domain,member-coupon-rewards.ca,public
domain,apple.co.uk-reviewal.online,public
domain,supportnabonline.com,public
domain,teammobilitytechsupport.info,public
domain,bellautility.com,public
domain,e-transferpay.ca,public
domain,anpost.ie.customcharge-alert.com,public
domain,overcharge-center.com,public
domain,fiona-relief-aid.info,public
domain,wholesalecostco.eu,public
domain,wholesale-support.info,public
domain,mycostco-whole.info,public
domain,my-rewardcostco.xyz,public
domain,telusapp.ca,public
domain,telusrsystemissued.online,public
domain,canadianservicedeposit.com,public
domain,netflix-bill-update.info,public
domain,deposit-canada.info,public
domain,caip-collection.xyz,public
domain,anz-au.myvnc.com,public
domain,cra-caip.xyz,public
domain,caip-benefit.xyz,public
domain,cra-benefit.xyz,public
domain,return-tel.com,public
domain,benefit-collect.xyz,public
domain,caipbenefit.xyz,public
domain,cracanada.info,public
domain,www.cracanada.info,public
domain,e-transfert-depositservice.com,public
domain,prestation-ca.info,public
domain,toronto.id07721-parking.city,public
domain,avenirqcc.top,public
domain,telusmobility-interac.info,public
domain,helpdesk-supportanz.com,public
domain,rbc-bank.ca,public
domain,online-portal-support.com,public
domain,recentactivity57673.com,public
domain,imperial-agencyterm247can.com,public
domain,reversalserviceon.com,public
domain,authentication-serviceca.info,public
domain,remindericbc-clients.com,public
domain,rogersmobility.online,public
domain,recoverbnzlogin.com,public
domain,crarevenue.rent,public
domain,www.crarevenue.rent,public
domain,santnder-pt.com,public
domain,clienthelpid3t2u67.com,public
domain,securesite-auth-mygov-verification.com,public
domain,securesite-verification-appleau-auth.com,public
domain,mobiledata-rebate-deposit.live,public
domain,secureaccesssbca.com,public
domain,comm-secure-review-au.com,public
domain,ausposthelp.net,public
domain,login-anz.myvnc.com,public
domain,my.gvt-security-online.net,public
domain,my.gvt-secure-update.xyz,public
domain,aib-transactions-review.com,public
domain,secure-westpac.myvnc.com,public
domain,nexi-it.co,public
domain,ibnab-au.myvnc.com,public
domain,activobank-pt.com,public
domain,nab-ib.myvnc.com,public
domain,telusmobility.mobility543.com,public
domain,et.intrerac.org,public
domain,intrerac.org,public
domain,cra-interac-gouv.live,public
domain,knockastelefoncra247ca.com,public
domain,sntnder-pt.com,public
domain,interacteam.online,public
domain,centre-return-telus.online,public
domain,et-etransflnterarc.com,public
domain,crafundsdeposit.com,public
domain,reauthentication-service.com,public
domain,ib-secure.net,public
domain,bnzsecuritymanager.com,public
domain,supportbnznz.com,public
domain,telmobilecorp.com,public
domain,portal-reimburseclaim.com,public
domain,secure.portal-reimburseclaim.com,public
domain,et-appealdetails.info,public
domain,directcanadatrustweb.com,public
domain,secureloginbnz.com,public
domain,finance-depositfederal.com,public
domain,www.who-iz.click,public
domain,recoveryrelieffunds.ca,public
domain,recoveryrelieffunds.com,public
domain,asb-secureupdate.com,public
domain,financialdepositservices.com,public
domain,etrecvgrants.com,public
domain,telmobile-transfer.xyz,public
domain,mobilitytelus-interac.info,public
domain,interact.gold,public
domain,mobiledeposit.ca,public
domain,testkit-booking.com,public
domain,atb.mychequing.com,public
domain,interactelus-mobility.info,public
domain,infraction-parking22.city,public
domain,constats-infractions.city,public
domain,constat-montreal.city,public
domain,constat-infraction.city,public
domain,supportasbnz.com,public
domain,aulocalpostdepot.com,public
domain,ca-nelfl1x.online,public
domain,secure-transaction.net,public
domain,fresh22fade.tel,public
domain,goldstar-benefits.net,public
domain,help-testkit.com,public
domain,customer-auth.info,public
domain,redelivery-auspostexpress.online,public
domain,infractions-montrealparking.city,public
domain,canadarevenuagencycra.top,public
domain,ing-ib.myvnc.com,public
domain,cracanada.homes,public
domain,www.cracanada.homes,public
domain,notification-access.com,public
domain,cbic-secreset.info,public
domain,netflix-bill-update.com,public
domain,sc-ids-fund.online,public
domain,canadareveneu.site,public
domain,secure-netbank-transactions.online,public
domain,lnterac.kzpppp.one,public
domain,my.income-update-secure.net,public
domain,cba-securelogin-au.com,public
domain,canadagov-resources.com,public
domain,applepay-support.myvnc.com,public
domain,unusual-anztransactions.info,public
domain,secure-bendigo-transactions.online,public
domain,my.secure-income-update.net,public
domain,gov.energy-apply.com,public
domain,bendigo-logons.com,public
domain,review-wallet-sec-au.com,public
domain,updatedatacenter.ca,public
domain,financialservicesdeposit.com,public
domain,codevip35.ca,public
domain,telusreturn.net,public
domain,telus-bill-update.com,public
domain,lhv-ee.co,public
domain,intrecasc.com,public
domain,telus-mobility-payments.com,public
domain,rogersmobilityservice.online,public
domain,mastervis.top,public
domain,cadcarrierrepay00he1p.com,public
domain,financial-institution-deposit.com,public
domain,refservice.ca,public
domain,bellmobility.refservice.ca,public
domain,ib-au.info,public
domain,nab.ib-au.info,public
domain,sasktelwireless.codevip35.ca,public
domain,nabib-au.myvnc.com,public
domain,paymentverif.ca,public
domain,lnteracdeposit.drsspp.site,public
domain,ref-gst598.com,public
domain,drsspp.site,public
domain,et-lnterac-sk.ref-gst598.com,public
domain,lnterac10001.drsspp.site,public
domain,revenuquebec-retour.info,public
domain,aib.ie.auth402-alert.com,public
domain,trustsecure.org,public
domain,depositfinancials.com,public
domain,fundsdeposit24h.com,public
domain,costco-ref.com,public
domain,netflix-ca1.com,public
domain,storm-help.live,public
domain,activationamaz0n.com,public
domain,netflix-ca.com,public
domain,anpost.ie.dutyfee-alert.com,public
domain,supportbnzauth.com,public
domain,mondossier.online,public
domain,caipinteracref005945.com,public
domain,ca776298.aut2icbc.ca,public
domain,updateinfo.click,public
domain,interac-support.online,public
domain,ausposting-verification.net,public
domain,id57363.aut001.ca,public
domain,cainteractrust-web-100.com,public
domain,anz-support.net,public
domain,indemnitypayment.com,public
domain,consumerreceipt.com,public
domain,verificare-posteit.com,public
domain,benefitspay.net,public
domain,authfornzpost.com,public
domain,apple.wallet-secure-au.com,public
domain,club-goldstarrewards.net,public
domain,aumanageyourpackage.com,public
domain,refund-mygov-au.com,public
domain,etransfer.telusmobility.99816.id,public
domain,redelnzpost.com,public
domain,payment-processing-anz.net,public
domain,restricted-netbank.com,public
domain,fidomobile.tk,public
domain,review-unauth-login-au.com,public
domain,applepay-support.serveirc.com,public
domain,bellmobile.tk,public
domain,helpdesk-info-renew.net,public
domain,bendigo-dashboard.com,public
domain,import-postalfees.com,public
domain,review-anzaccount.info,public
domain,review-anzaccount-transfers.info,public
domain,e-transferbankdeposit.com,public
domain,my.income-update-verify.net,public
domain,interac-mobilitytelus.info,public
domain,my.bendigo-verify-secure.net,public
domain,crae-transferreturn.online,public
domain,agencytransrevenue247can.com,public
domain,arc-interac.info,public
domain,prime-amz.info,public
domain,amz-prime.info,public
domain,anpost.ie.dutycharge-alert.com,public
domain,poste-it.co,public
domain,easy-webtd.servehttp.com,public
domain,etrsnfer.net,public
domain,benefitspaymentservice.com,public
domain,benefitspaymentservices.com,public
domain,poste-it.in,public
domain,apple.co.uk.reviewals.online,public
domain,atb.securechequing.com,public
domain,www.tdsecurityservices1.com,public
domain,tdsecurityservices1.com,public
domain,g8r1t.ca,public
domain,benefit-caip.xyz,public
domain,caip-claim.xyz,public
domain,cwb-collect.xyz,public
domain,cwb-collection.xyz,public
domain,autodepositfundsarc.com,public
domain,teius-aspp.site,public
domain,verify.teius-aspp.site,public
domain,telus-paiement.com,public
domain,intesracautodepot.com,public
domain,applereviewals.online,public
domain,financialbankdeposit.com,public
domain,member-loyalty-reward.ca,public
domain,members-collect-executive-reward.ca,public
domain,atb.safechequing.com,public
domain,caip-canoctober2022.xyz,public
domain,caip-october2022.xyz,public
domain,caip-october2022canada.xyz,public
domain,helpsecurebnz.com,public
domain,federalservicepayment.com,public
domain,cragency.online,public
domain,www.cragency.online,public
domain,wireless-services.info,public
domain,canada-october2022caip.xyz,public
domain,collect-caipoctober2022.xyz,public
domain,telrebate.com,public
domain,et-intcrac.info,public
domain,walletrestore-dashboard-id.com,public
domain,telusreturn.ca,public
domain,bankdepositfinancial.com,public
domain,helpsecureasbnz.com,public
domain,secure-anzdevice.com,public
domain,it-redeem.com,public
domain,remittance-period.info,public
domain,transfer-mobile.xyz,public
domain,helpverifynzpost.com,public
domain,telusapp.online,public
domain,securedlink914.com,public
domain,manitobahydro.99816.id,public
domain,gov.canada.hst-gst-instantprocessor598.gq,public
domain,aulocalpostsupport.com,public
domain,fasttransferpay.ca,public
domain,www.netflixfailedpayment.info,public
domain,securenzpost.com,public
domain,tmobility1.com,public
domain,ne1flix-os.com,public
domain,eftbellmob.tk,public
domain,crafunds.online,public
domain,www.crafunds.online,public
domain,rbcaccntonline.ddns.net,public
domain,rbcaccntonline.myvnc.com,public
domain,atb.activatedebit.com,public
domain,rogerseftmobile.tk,public
domain,serviceca-appeal.info,public
domain,bendigo-status.com,public
domain,gov.canada.gst-hst-instantprocessing7854.com,public
domain,mygov-security-review.com,public
domain,climateactiontax.com,public
domain,climateactiontaxcredit.com,public
domain,catc-bc.online,public
domain,lhvee-turvaline.com,public
domain,review-applewallet-sec-au.com,public
domain,safereturn-app.online,public
domain,support-applepay.ddns.net,public
domain,wallet-applepay.ddns.net,public
domain,anpost-invoiceconveyancefee.com,public
domain,unclaimed-taxrefund.online,public
domain,online-protection-guide.com,public
domain,russell27!,public
domain,service-authentication.com,public
domain,aib-ie-serviceconfig.com,public
domain,depositbankfunds.com,public
domain,carriersupp0rtcad001telus.com,public
domain,telus-refund.interact.gold,public
domain,apple.co.uk-wallet.online,public
domain,my-gov.ddns.net,public
domain,hydrorebate.online,public
domain,rog1supp.ca,public
domain,depositbankselect.com,public
domain,app-verifier.com,public
domain,on-canadarevenueagency-gov.com,public
domain,rogersrewardreturn.online,public
domain,servicesfederalpayments.com,public
domain,federalpaymentservices.com,public
domain,authca09831.info,public
domain,interac-deposit.myvnc.com,public
domain,nexi-it.cc,public
domain,canadaintern247help.com,public
domain,remittance-respond.info,public
domain,netlixerrorpayments.top,public
domain,federalpaymentservice.com,public
domain,fedgovservicepayment.com,public
domain,crapaymentclaim.online,public
domain,etransferaccept.ca,public
domain,selectfinancialbank.com,public
domain,bank-selection-depositcra.com,public
domain,supportnzbnz.com,public
domain,apple-pay-revoke.com,public
domain,profile-mygov.ddns.net,public
domain,teius-secure.info,public
domain,support-telus.com,public
domain,freedomemt-return.com,public
domain,applepay-inactive.com,public
domain,telus-mob.online,public
domain,sm-fuds-gov.info,public
domain,reactivate-dashboard-wallet.com,public
domain,crahelps.online,public
domain,www.crahelps.online,public
domain,e-intract.online,public
domain,refcr-ainter.com,public
domain,dhlnotice.com,public
domain,delivery-dhl.com,public
domain,dhlprocessor.com,public
domain,dhlreschedule.com,public
domain,cadgovpayment.online,public
domain,fiona-benefits.art,public
domain,funds-deposit.ca,public
domain,caipinteracref0003925.com,public
domain,info-helpdesk-renew.com,public
domain,club-goldstarbenefits.net,public
domain,saskatchewan.satc-payprocessid93845.com,public
domain,auspostalservice.com,public
domain,secureverifybnz.com,public
domain,helploginasb.com,public
domain,restore-apple-id.com,public
domain,online-bll.one,public
domain,outage-rebate.online,public
domain,netfllx.me,public
domain,post-officeau.ddns.net,public
domain,ib-nab.myddns.me,public
domain,applepay-wallet.myvnc.com,public
domain,parcelredirect.co,public
domain,vaccineincentiveprogram.in,public
domain,bankdepositfunds.com,public
domain,nexi-it.in,public
domain,bmo-verification.com,public
domain,tsecurity1.com,public
domain,paymentsreturntelus.online,public
domain,anpost-package-redelivery.com,public
domain,bmo-verification.ca,public
domain,etrsnfer-direct.com,public
domain,bmoverification.ca,public
domain,bmoverification.com,public
domain,et-int.ca,public
domain,telus-payment.com,public
domain,kicks4you.info,public
domain,support-bmo.ca,public
domain,support-bmo.com,public
domain,benefitstransfertonline.com,public
domain,gcdepositportal.info,public
domain,entertrustcanadaweb.com,public
domain,fystercommi247govca.com,public
domain,financialbanktransfer.com,public
domain,bankfundsdeposit.com,public
domain,declarationprovincial.online,public
domain,beneficial-wholesaleadvantages.net,public
domain,wholesale-advantages.net,public
domain,wholesale-beneficialadvantages.net,public
domain,www.tdauthentificationprocess.com,public
domain,tdauthentificationprocess.com,public
domain,erecovgrants.com,public
domain,anpost.ie.importfee-alert.com,public
domain,mylogin-authentication.com,public
domain,tdsecurityauthprocess.info,public
domain,www.tdsecurityauthprocess.info,public
domain,aib.ie.auth-id213.com,public
domain,identity.auth.atb.645912.com,public
domain,identity.auth.atb.647186.com,public
domain,identity.auth.atb.433917.com,public
domain,billing-telus.net,public
domain,depocracanada.com,public
domain,recovery-fundscanada.ca,public
domain,recovery-fundscanada.com,public
domain,auspost.au.auth-id213.com,public
domain,financials-bankdeposit.com,public
domain,insurance-refund.ca,public
domain,member-see-reward.ca,public
domain,access-member-reward.ca,public
domain,rogerrs-depo.online,public
domain,notification-view.com,public
domain,service-claim-apply.com,public
domain,my.payment-verify-update.net,public
domain,secure-review-apple-pay.com,public
domain,poste.it-conto.co,public
domain,my.update-payment-secure.net,public
domain,financialbankfunds.com,public
domain,telussystemreturn.ca,public
domain,anpost-parcel-service.com,public
domain,8auth-scotiaonline-scotiabank.com,public
domain,intrerac.ca,public
domain,et.intrerac.ca,public
domain,crarevenue.live,public
domain,www.crarevenue.live,public
domain,login-anz.ddns.net,public
domain,telmobilcorp.com,public
domain,anpost-importconveyance-fee.com,public
domain,anpost-distributionfeeinvoice.com,public
domain,benefitsfederaltransfert.com,public
domain,anpost-alerts.com,public
domain,gst-can-revenu.ca,public
domain,the-interact-entransfert.online,public
domain,enterac.online,public
domain,anpost-deliveranceinvoice.com,public
domain,financialbankfundsdeposit.com,public
domain,tdrestoreweb.com,public
domain,energy-rebate-uk.com,public
domain,policyuptd-atb.com,public
domain,e-intranct.online,public
domain,recoveryrelief-funds.ca,public
domain,recoveryrelief-funds.com,public
domain,gov.energy-rebate-uk.com,public
domain,auth-account.info,public
domain,bankofmontreal.re-activation-bmo.com,public
domain,aulocalpostassistance.com,public
domain,ctps2022.ca,public
domain,aus-post-reschedule.com,public
domain,telusrefundprogram.com,public
domain,suncorp-device.com,public
domain,icbc.aut001.ca,public
domain,see-personal-reward-coupon.ca,public
domain,member-loyalty-coupon-reward.ca,public
domain,secure-web-login-anz.com,public
domain,gov-aus.info,public
domain,account-alert.online,public
domain,gov-alert.info,public
domain,aus-medi.info,public
domain,www.telus.pw,public
domain,aus-gov.online,public
domain,secureaib.com,public
domain,lhvee-toetus.com,public
domain,auspost-depot.com,public
domain,postal-customs.com,public
domain,open24.ie.auth-id213.com,public
domain,anpost-importconveyance-payment.com,public
domain,who-iz.click,public
domain,moey-dispositivos.com,public
domain,thetelus.online,public
domain,info-report.online,public
domain,bellupdate.com,public
domain,mobile-ca9jy3rp9.online,public
domain,postservice-customfees.com,public
domain,mobilityetransfer.myvnc.com,public
domain,mobilityetransfer.ddns.net,public
domain,caipinteracref058219.com,public
domain,postoffice-feesnotice.com,public
domain,bilmobleturn.ca,public
domain,canadacradepo.com,public
domain,claimcostco.com,public
domain,oerportalca.org,public
domain,lnterac.refund.info,public
domain,info-td-trust.shop,public
domain,te1umsg.com,public
domain,vrf-custmdetails.info,public
domain,depositcaip.xyz,public
domain,anpost-remittancecharge.com,public
domain,collectcaip.xyz,public
domain,caipcollect.xyz,public
domain,caip-canada.xyz,public
domain,collectcaip-canada.xyz,public
domain,in0778-et.ca,public
domain,icbccustomers-reminder.info,public
domain,depositfinancialfunds.com,public
domain,directsavetrustweb.com,public
domain,etbenefgrants.com,public
domain,reftelusportal.link,public
domain,retour-taxes-agence.top,public
domain,secureloginasbnz.com,public
domain,mobilitytransferdeposit.com,public
domain,mobilityprepay.cc,public
domain,aupostlivesupport.com,public
domain,mobilityclient-transfer.com,public
domain,auth-acc.info,public
domain,cadlnfcst2022.com,public
domain,medi-aus.info,public
domain,data-check.me,public
domain,service-amzoncanada.com,public
domain,detail-update.info,public
domain,interacalertteam.ca,public
domain,post-alert.info,public
domain,review-asb.online,public
domain,reactivate-cba.online,public
domain,serviceca-alert.info,public
domain,bendigo-security-review-au.com,public
domain,etransfer.online,public
domain,int-er2c.com,public
domain,mytelusnotification.info,public
domain,depot-auspost.com,public
domain,cba-netcode.app,public
domain,login-netbank.ddns.net,public
domain,postcustoms-portal.com,public
domain,secure-web-nexipay.com,public
domain,securise-latoile-connexion-n26.fr,public
domain,nexi.pay-it-appoggiare.com,public
domain,fees.anpostoffice-notice.com,public
domain,etrnsfer.org,public
domain,anpost-importfee-payment.com,public
domain,e-intrac.live,public
domain,fees.postofffice-customs.com,public
domain,td-trust-info.site,public
domain,re-enable-appleid-online.com,public
domain,canadacra-depo.com,public
domain,teluspayment.info,public
domain,telus-etransfer.myvnc.com,public
domain,anpost.ie.alert-importfee.com,public
domain,telus-etransfer.ddns.net,public
domain,customs.fees-anpost.com,public
domain,authentication-td.serveirc.com,public
domain,canadatxtrevenuesagencys021.com,public
domain,logon-aspx.online,public
domain,ca-sh-portalty.com,public
domain,postalservice-customfees.com,public
domain,import-onlinecustoms.com,public
domain,moey-seguranca.com,public
domain,refundprogramtelus.com,public
domain,bilmoblecad.ca,public
domain,analystdata-updates.com,public
domain,amzonhelp.com,public
domain,telus-interac.myvnc.com,public
domain,interac-team.ca,public
domain,secured-caipcanada.xyz,public
domain,secured-caipcanada2022.xyz,public
domain,secured-caipcanadaoct.xyz,public
domain,secured-caipoctcan.xyz,public
domain,secured-cancaip2022.xyz,public
domain,secured-canadacaip.xyz,public
domain,00000int-ca.info,public
domain,td-trust-info.xyz,public
domain,mobility-transfers.com,public
domain,review-anzdevices.online,public
domain,repairnzpost.com,public
domain,amazon-info.live,public
domain,review-mygov-services.net,public
domain,sc0tia.online,public
domain,scotia-online.myvnc.com,public
domain,sc0tia-online.myvnc.com,public
domain,sc0tia-online.ddns.net,public
domain,00281.ddns.net,public
domain,c0mm8ank.ddns.net,public
domain,cba-netcode.myvnc.com,public
domain,my.update-income-verify.net,public
domain,repairbnznz.com,public
domain,mokafinancial.tk,public
domain,etransf-lnterarcref.com,public
domain,cb00428.myvnc.com,public
domain,review-westpacdevices.online,public
domain,mygov-verification-au.com,public
domain,navigation-securepay.info,public
domain,commonwealth-au.ddns.net,public
domain,anpost-importconveyance-feepayment.com,public
domain,identity.auth.atb.personal72.com,public
domain,identity.auth.atb.personal22.com,public
domain,identity.auth.atb.personal27.com,public
domain,anpost-customfees-service.com,public
domain,dispositivos-moey.com,public
domain,anpost.ie.alert-customscharge.com,public
domain,secured-web-login-pstb.com,public
domain,10001inter.com,public
domain,anpost.payfees-online.com,public
domain,www.crahelps.info,public
domain,crahelps.info,public
domain,anpostal.com,public
domain,customs-postalservice.com,public
domain,telus-mobility.refund.gold,public
domain,recovery-relieffunds.com,public
domain,recovery-relieffunds.ca,public
domain,et-3319.ca,public
domain,moey-alerta.com,public
domain,royal-v-b-v.info,public
domain,updtmandate-atb.com,public
domain,telusmobilityreturn.online,public
domain,bmo.livevalidation.online,public
domain,cba-netcode.ddns.net,public
domain,rbccustomers.com,public
domain,customeraccount.ca,public
domain,newrecipientsbnzcancel.com,public
domain,newrecipientasbcancel.com,public
domain,00ecomm.info,public
domain,rbcsecurityservices1.com,public
domain,www.rbcsecurityservices1.com,public
domain,etrsnfer321.com,public
domain,executive-client-reward-coupon.ca,public
domain,executive-member-coupon-reward.ca,public
domain,newrecipientbnzcancel.com,public
domain,etbenefgrants.live,public
domain,crafunds-bankselection.com,public
domain,portal-access-rbc.info,public
domain,portal-rbc-app.info,public
domain,portalweb-rbc.info,public
domain,rbc-portal-web.info,public
domain,rbc-web-portal.info,public
domain,webportal-rbc.info,public
domain,bank-funds-deposit.com,public
domain,federaldirectservice.com,public
domain,federaldirectdeposit.com,public
domain,anualcashback.com,public
domain,acceptetransfer.ca,public
domain,et-0351.ca,public
domain,goodservicestax.ca,public
domain,customersaccount.com,public
domain,dominionpayment.ca,public
domain,interasc.net,public
domain,atb.svcmandateform.com,public
domain,lnterac-cra.com,public
domain,www.crahelp.info,public
domain,crahelp.info,public
domain,anpost.ie-customfees.com,public
domain,suspicioussecure-rbc.art,public
domain,cad-datanotficationcenter.com,public
domain,telsecure-navigation.info,public
domain,depositerror.info,public
domain,fido-interac.info,public
domain,revenu.quebec-retour-impots-client027.ca,public
domain,interactpay.net,public
domain,xn--b1ab7b.com,public
domain,interac.deposit-ca-returns.com,public
domain,service-canadarefund.com,public
domain,mygov-verification-sec.com,public
domain,mokacanada.tk,public
domain,rebate-aus.ddns.net,public
domain,review-outages.online,public
domain,money.deposit.deposit-ca-returns.com,public
domain,my.verify-income-secured.net,public
domain,accxxxx-imidiat.click,public
domain,connect-accxxxx.online,public
domain,accxxxx-imidiat.cfd,public
domain,tl-authenticationsupport.info,public
domain,authtr92741.info,public
domain,applepayaustralia.myvnc.com,public
domain,interatteluscmobilityzcanadas8.com,public
domain,postservice-importfee.com,public
domain,cba-alert.myddns.me,public
domain,mobile-suncorp.com,public
domain,re-enable-appleid-info.com,public
domain,refund-telus.net,public
domain,helpdesk-dashboard-renew.net,public
domain,secured-login-pstb.com,public
domain,anpost.fees-online.com,public
domain,secure-web-login-pstb.com,public
domain,bank-funds.com,public
domain,interacsh.online,public
domain,bill-energy-scheme.com,public
domain,lhv-ee.top,public
domain,annualservicereturn.ca,public
domain,healthcarecanada-on-gov.com,public
domain,telusdeposit.ca,public
domain,cr-refauth.ca,public
domain,livevalidation.online,public
domain,revise-added-attempt.com,public
domain,returntelus.net,public
domain,crahelp.online,public
domain,www.crahelp.online,public
domain,can-revenueagency-on-gov.ca,public
domain,seuriterevenuagency.xyz,public
domain,rbcecurity-info.xyz,public
domain,secuuber-frau.site,public
domain,moviefilm.site,public
domain,goods-servicestax.ca,public
domain,interatcanadacommunityz42.com,public
domain,www.royalbnksecuritysupport.com,public
domain,royalbnksecuritysupport.com,public
domain,sec-amaz-frau.site,public
domain,amazon-reminder.com,public
domain,wallet-applepay.serveirc.com,public
domain,inte-crafunds-bank.com,public
domain,telusbillingservices.com,public
domain,etr4nsfer-inter4c.com,public
domain,telus-emtreturn.com,public
domain,bell-onlinerefund.com,public
domain,etinterac.gl,public
domain,etinterac.tk,public
domain,etinterac.cf,public
domain,caipinteracref001399.com,public
domain,intrascte.com,public
domain,recipientnabcancel.com,public
domain,my.applepay-secure-activity.com,public
domain,k2h8z.ca,public
domain,et-lnterac-sp.k2h8z.ca,public
domain,secure-login-suncorp.com,public
domain,www.inte-rac.online,public
domain,autodeposit.online,public
domain,a5t3m.com,public
domain,et-lnterac-ab.a5t3m.com,public
domain,bit.ly/3ferflu,public
domain,log-co.info,public
domain,telus-refund.interact.ac,public
domain,auto-deposit.in,public
domain,etinterac.ml,public
domain,data-log.info,public
domain,prime-update.ca,public
domain,etranlnterarc.ddns.net,public
domain,review-suspended-applewallet.com,public
domain,renew-helpdesk-dashboard.live,public
domain,postecan2022repay.com,public
domain,service-energy-bill.com,public
domain,bendigo.serveirc.com,public
domain,secure-netbank-transactions.com,public
domain,depositinterac.org,public
domain,cba-logonaspx.myddns.me,public
domain,review-applepay-login.com,public
domain,anpost-customservice-fee.com,public
domain,anpost.ie.parcelminder-alert.com,public
domain,parcelminder-alert.com,public
domain,anpost.ie.parcel-postalert.com,public
domain,re-activate-appleid-online.com,public
domain,20.5.32.218,public
domain,bell-mobility.interact.ac,public
domain,redirectparcel.co,public
domain,financial-funds-deposit.com,public
domain,secured-web-login-anz.com,public
domain,telus-cloud.com,public
domain,review-anzdevices.com,public
domain,applepay365.ddns.net,public
domain,belldepository.com,public
domain,et-6003.ca,public
domain,recompensepay.com,public
domain,govsubvention.info,public
domain,catcinteracref038247.com,public
domain,bell-refund.interact.ac,public
domain,inc1l.art,public
domain,desj-info-net.online,public
domain,intcra-ref.com,public
domain,amazonvrf-user.info,public
domain,rogersinc.art,public
domain,canada-revenue-on.com,public
domain,can-revnueagency-gov.ca,public
domain,anpost-recover.com,public
domain,telusdeposit.com,public
domain,supportedbnz.com,public
domain,www.rbcsecurityroyalverification.com,public
domain,rbcsecurityroyalverification.com,public
domain,annual-rwrd.net,public
domain,nshealth.net,public
domain,interac-quebec.ca,public
domain,et-intcrac.online,public
domain,bank-fund-deposit.com,public
domain,applewallet-activation.org,public
domain,orc-retrn.net,public
domain,orc-secure.net,public
domain,www.orc-retrn.net,public
domain,www.orc-secure.net,public
domain,gasicbcretur2022.us,public
domain,intrasct.com,public
domain,secure-caippay2022.xyz,public
domain,secure-caipclimate.xyz,public
domain,collect-caip2022.life,public
domain,secure-paycaip.xyz,public
domain,secure-paymentcaip.xyz,public
domain,secured-caip2022.live,public
domain,inte-bcfunds-cad.com,public
domain,nbhealth.net,public
domain,etdeposit.ca,public
domain,revenue-can-on-gov.ca,public
domain,executive-member-reward-coupon.ca,public
domain,coupon-reward-executive-members.ca,public
domain,ceeba-netbank.live,public
domain,ceeba-netbank.one,public
domain,santander.deregister-mobile.com,public
domain,cba-netbank.one,public
domain,deregister-mobile.com,public
domain,reward-coupon-member.ca,public
domain,see-member-reward-coupon.ca,public
domain,www.telus.fun,public
domain,capital1send.ca,public
domain,icbc-clients.com,public
domain,cra-revenue-agency.ca,public
domain,helpcra.info,public
domain,www.helpcra.info,public
domain,tel-mobilityreturn.tk,public
domain,costumr-service.top,public
domain,suncorp-security.net,public
domain,et-serviceca.info,public
domain,icbc.etgr6c-return01.ca,public
domain,ce-rbcroyalbank.com,public
domain,ce-rbcroyalbank1.com,public
domain,securedlink928.com,public
domain,et-portalvalt.com,public
domain,tel-mobilityreclaim.tk,public
domain,mygov-au365.ddns.net,public
domain,rtrnfnd-ltd.com,public
domain,bendigo-unusual-device.online,public
domain,review-transactions.online,public
domain,boionline-365.info,public
domain,postalcustoms-service.com,public
domain,365online-boi.info,public
domain,anpost.ie.parcellocker-alerts.com,public
domain,pikucha.site,public
domain,customs-onlineimport.com,public
domain,fus1onfusio247ca.com,public
domain,deposit-interac.org,public
domain,messagecostcofnds-rtrnltd.com,public
domain,goodservicestax.com,public
domain,et-ca-portaly.com,public
domain,ecomm001.ca,public
domain,interacca-eft.tk,public
domain,trackan-post-fees.com,public
domain,parcelhub-alert.com,public
domain,import-anposts-online.com,public
domain,import-anpostonlinefees.com,public
domain,t4p0s.ca,public
domain,et-lnterac-pq.t4p0s.ca,public
domain,claiminterac.org,public
domain,service-secured.info,public
domain,moey-pt.in,public
domain,anpostcustoms-service.com,public
domain,primesecurelink928.com,public
domain,lnterac-help.com,public
domain,mytelusinformation.com,public
domain,onlinewallet-info.com,public
domain,auth-details.info,public
domain,caip-collect.xyz,public
domain,lhv-ee.in,public
domain,intractqc.org,public
domain,canada-revenueagency-on-gov.com,public
domain,moonwavesim247govca.com,public
domain,expresswholesalebenefit.net,public
domain,hsbc-payalert.serveirc.com,public
domain,loghelp.click,public
domain,wholesalerbenefits.net,public
domain,service-secured.top,public
domain,fidoreturn.ca,public
domain,info-alert.online,public
domain,cashback-refund.com,public
domain,redcrosscanada.art,public
domain,activate-appleid-online.com,public
domain,amazonaccsupport.com,public
domain,www.amazonaccsupport.com,public
domain,amazonaccsupport.info,public
domain,www.amazonaccsupport.info,public
domain,bankselection-canadianra.com,public
domain,deposits-bankfunds.com,public
domain,alert-update.online,public
domain,reactivate-anzaccounts.online,public
domain,sn-intrac.info,public
domain,canadadirecttransfer.com,public
domain,canadadirectfunds.com,public
domain,bellreturn.com,public
domain,get-member-personal-reward.ca,public
domain,members-coupon-rebate.ca,public
domain,gst.autodeposit-information.online,public
domain,canada.autodeposit-information.online,public
domain,update.autodeposit-information.online,public
domain,id77483.ca179hd28.xyz,public
domain,id68714.ca25dk875.xyz,public
domain,id55709.ca368iu53.xyz,public
domain,id78499.ca761hg03.xyz,public
domain,id49385.ca833we97.xyz,public
domain,id23046.ca87rdu760.xyz,public
domain,id83980.ca985op53.xyz,public
domain,loghelp.site,public
domain,teluskoodo.support,public
domain,review-suncorp-sec-au.com,public
domain,mobility-update.info,public
domain,mobility-services.info,public
domain,mobile-services.info,public
domain,mygov365.ddns.net,public
domain,cra1nterac.online,public
domain,int-transfer.live,public
domain,my.income-update-secure.xyz,public
domain,checknabau.com,public
domain,anpost.ie-customs-fee.net,public
domain,hsbc-alerts365.serveirc.com,public
domain,anpost.online-fee.com,public
domain,anpost-importfee-pay.com,public
domain,secure-account.website,public
domain,anpost.paycustom-online.com,public
domain,tdassistance.com,public
domain,postalservice-importfee.com,public
domain,review-nabtransactions.info,public
domain,anpost.ie.parcel-auth-alert.com,public
domain,imagin-alerta.com,public
domain,an.postoffice-notices.com,public
domain,eeverify.net,public
domain,import-onlineduty.com,public
domain,parcel-manage-eire.com,public
domain,anpost.ie.parcel-manage-eire.com,public
domain,primecompensation.com,public
domain,cashback-year.com,public
domain,identity.auth.atb.client-24.com,public
domain,bankselection-cadcra.com,public
domain,n-flix-inc.art,public
domain,lhv-kontrollida.com,public
domain,www.e-cragency-nov21.com,public
domain,myblackbeard.online,public
domain,telusre.fund,public
domain,anpost-customs-ie.in,public
domain,mobil-overcharges.com,public
domain,client-id4n89.info,public
domain,import-onlinefeesduty.com,public
domain,upd-bell-9a8.com,public
domain,revenu.quebec-retour-impots-client0196.com,public
domain,anpost.customs-paylink.com,public
domain,e00001-int.ca,public
domain,n1-flix.art,public
domain,postfees-mobile.com,public
domain,etrecovgrants.xyz,public
domain,desjardins.client-id4n89.info,public
domain,enable-appleid.com,public
domain,anpost-customs-ie.co,public
domain,statemntcorrection-mybeii.com,public
domain,invoiceamending-fdo.org,public
domain,lnterasctransf.com,public
domain,cibc.client-id4n89.info,public
domain,statemntcorections-mybeii.com,public
domain,mobileanpost.net,public
domain,collect2022-caipca.xyz,public
domain,collectcaip-2022oct.xyz,public
domain,collectcaip-oct2022.xyz,public
domain,collectcaipoct-2022.xyz,public
domain,collectoct-cacaip.xyz,public
domain,collectoct-caipca.xyz,public
domain,collectoct2022-caip.xyz,public
domain,subventiongouv.info,public
domain,cibc.livevalidation.online,public
domain,ee.co.uk.appreviewal.net,public
domain,td-bank-help.ca,public
domain,secure-acc.site,public
domain,postservice-customfee.com,public
domain,info-alert.site,public
domain,mobile-compensation.xyz,public
domain,benefitsfederalplan.com,public
domain,benefitsfederalplans.com,public
domain,ee.co.uk.billreviewal.net,public
domain,review-anztransactions.link,public
domain,cra.refund.gold,public
domain,online-appleid-activation.com,public
domain,review-unauth-suncorp.com,public
domain,chosenlist.cc,public
domain,c1bc-0nline.serveirc.com,public
domain,secure-auth-mygov.com,public
domain,bendigo-online365.com,public
domain,app-alert.online,public
domain,login-anz365.serveirc.com,public
domain,post-alert.online,public
domain,sec-nab-ib-au.com,public
domain,review-wallet-sec-apple.com,public
domain,review-westpactransaction.info,public
domain,app-auth.online,public
domain,review-cbadevice.info,public
domain,ee.co.uk.billreviewals.net,public
domain,costco-rew.com,public
domain,lhv-autentida.com,public
domain,ee.co.uk.appreviewals.net,public
domain,parcelhub-anpost-alert.com,public
domain,etransfer-impots.com,public
domain,supportedauthbnz.com,public
domain,restore-contactless-appleid.com,public
domain,refund-cra.interac-llc.online,public
domain,clientoperateservice.live,public
domain,an.postservice-noticefee.com,public
domain,anpost-customsonline.com,public
domain,lhvee-autentida.com,public
domain,10001et-in.ca,public
domain,et-interact.com,public
domain,anpost.fee-payment.com,public
domain,amazon.helpservices.support,public
domain,amazon.helpservicesacces.ga,public
domain,bcsuryfsefksfyvs.ga,public
domain,j9dnd7gblcwiuvd2c.ml,public
domain,telusreturn.org,public
domain,online-postalservice.com,public
domain,cashback-2022.com,public
domain,www.nov27-can-ragency.com,public
domain,annual-wholesale.net,public
domain,newfoundlandhealth.net,public
domain,employementserviceca.info,public
domain,net-flixsupportclient404.info,public
domain,telusemtreturn.com,public
domain,financialbenefitpayment.com,public
domain,electronicfundspayment.com,public
domain,refu-crinte.com,public
domain,2022-depositcaip.xyz,public
domain,caip2022-deposit.xyz,public
domain,caip-deposit.xyz,public
domain,claim-telus.com,public
domain,rogerspromotion.org,public
domain,2022-caipdeposit.xyz,public
domain,mybeii-pymntcorrection.com,public
domain,mybeii-pymntresolutions.com,public
domain,anl-reward.net,public
domain,anl-wholesale.net,public
domain,telusmoblty.com,public
domain,tel-mobile.tk,public
domain,tel-mobility.tk,public
domain,myfdo-billcorections.org,public
domain,telusmoblly.com,public
domain,review-auth-apple-pay.com,public
domain,et-ca-sh-portaly.com,public
domain,etranca3345.info,public
domain,caq-info.online,public
domain,accountsecure-login.com,public
domain,auspost-customs.com,public
domain,review-asbtransactions.online,public
domain,meta2eth-merge.com,public
domain,prime-purchaseinfo.com,public
domain,cazdlnfos0977.ca,public
domain,telusmoblity-communication.ca,public
domain,nabcancellationauth.com,public
domain,ecomm101.info,public
domain,h2kbh6u.com,public
domain,ic.bc747642.info,public
domain,ic.bc917740.info,public
domain,ic.bc039824.info,public
domain,ic.bc477632.info,public
domain,k5rds4u.com,public
domain,comm.user-sc-au.com,public
domain,collect-member-reward.ca,public
domain,icbc093873.info,public
domain,icbc098476.info,public
domain,icbc774990.info,public
domain,icbc838760.info,public
domain,icbc.customer08821.ca,public
domain,electronicfundspayments.com,public
domain,financialbenefitspayment.com,public
domain,intersac.ca,public
domain,member-annual-reward.ca,public
domain,get-member-reward.ca,public
domain,bellmobilityeft.tk,public
domain,ib-nab-au.ceeba-netbank.live,public
domain,my.update-income-verify.xyz,public
domain,rogmobileeft.tk,public
domain,netaccountdept.top,public
domain,rbc-client-support.info,public
domain,rbc-support-transac.info,public
domain,rbc-transac-support.info,public
domain,rbc-transac-verif.info,public
domain,rbc-verif-transac.info,public
domain,rbc-support-client.info,public
domain,ib-nab-au.online,public
domain,nabib-auth-au.com,public
domain,my.applepay-card-update.xyz,public
domain,ca-refauth.online,public
domain,reviewgovinfo.com,public
domain,anpost-onlineparceldelivery.com,public
domain,claimsreturn.com,public
domain,intreasct.com,public
domain,intesrac.online,public
domain,fidosolutions-interac.info,public
domain,etdeposit.com,public
domain,crarevenueagency.com,public
domain,mobilityreturn.ca,public
domain,lhv-abi.com,public
domain,tdalertactivity.top,public
domain,freedom-interac.com,public
domain,canada-agencyreturn.top,public
domain,www.intersac.online,public
domain,parcel-secure-eire.com,public
domain,anpost.ie.parcel-secure-eire.com,public
domain,anpost-parcelhub-alert.com,public
domain,ee.co.uk.accounts.limited,public
domain,postal-customservice-fee.com,public
domain,anpost.package-customfee.com,public
domain,ref-sec.net,public
domain,scaccessportal.com,public
domain,lhv-kliendid.com,public
domain,property-services.online,public
domain,intersac.online,public
domain,refund-inter4ct.org,public
domain,electronicfundpayment.com,public
domain,dcn-ie.com,public
domain,etreanc.online,public
domain,bank-selection-cadcra.com,public
domain,clntupdt-atb.com,public
domain,rogerschargeback.ca,public
domain,employementcaemt.online,public
domain,employementca.online,public
domain,cibcassistance.com,public
domain,collectiontranscanada-247.com,public
domain,interacs.online,public
domain,commbank-securesupport.com,public
domain,mybelnet-invoicemodification.org,public
domain,cra-collect.xyz,public
domain,caip-cra.xyz,public
domain,incentive-collect.xyz,public
domain,collection-caip.xyz,public
domain,myrogers.shop,public
domain,collect-incentive.xyz,public
domain,cra-refund.interac-llc.online,public
domain,secure-cancaip.xyz,public
domain,secure-canada-caip.xyz,public
domain,secure-caipcan.xyz,public
domain,secure-caipca.xyz,public
domain,secure-caip2022october.xyz,public
domain,caip-2022october.xyz,public
domain,review-nabtransaction.online,public
domain,auth-onlireu.com,public
domain,etran9333.ca,public
domain,anzhelpme.com,public
domain,lloydauth.com,public
domain,auspost-change-delivery.com,public
domain,inc-rogers.art,public
domain,financialbenefitspayments.com,public
domain,electronicfundpayments.com,public
domain,auspostalauth.com,public
domain,my.secure-income-verify.net,public
domain,canada-revenue-refunds.co,public
domain,serviceca-datadetails-22.info,public
domain,serviceca-datadetails-23.info,public
domain,serviceca-datadetails-24.info,public
domain,serviceca-datadetails-26.info,public
domain,bendigo-personal.com,public
domain,subscription-renewal.com,public
domain,dbs-sg.ddns.net,public
domain,climatecad.ca,public
domain,scotia-billsupport.info,public
domain,scotia-secure-web.info,public
domain,scotia-transac-support.info,public
domain,scotia-transac-verif.info,public
domain,scotia-web-access.info,public
domain,scotia-web-secure.info,public
domain,climatepackage.ca,public
domain,unauth-login-secure.com,public
domain,billenergy-scheme-gov.com,public
domain,suncorp-aus.com,public
domain,lhvee-pangandus.com,public
domain,review-services-mygov.com,public
domain,review-bendigotransaction.info,public
domain,review-anztransaction.info,public
domain,cananda-reveueagencycredits.com,public
domain,hsbc-mt.serveirc.com,public
domain,securehsbcmalta.ddns.net,public
domain,lhv-turvaline-pank.com,public
domain,prime-warning.com,public
domain,nab-app-confirmation.com,public
domain,e-t-inreasc.com,public
domain,intreasce.com,public
domain,telus-interac.ddns.net,public
domain,refund.w-ld.info,public
domain,w-ld.info,public
domain,trackhub-anpost-alert.com,public
domain,annulcashbacks.com,public
domain,anpost.package-customs.com,public
domain,selectionbankcad.com,public
domain,telusclientassist404.info,public
domain,collect-gst.xyz,public
domain,gst-collect.xyz,public
domain,gst-deposit.xyz,public
domain,obtain-gst.xyz,public
domain,collection-gst.xyz,public
domain,members-reward-collect.ca,public
domain,collect-my-member-reward.ca,public
domain,toronto.parking-id7551ca.info,public
domain,financialbenefitpayments.com,public
domain,benefitsfinancialpayment.com,public
domain,fundselectronictransfer.com,public
domain,caq-incitatif.org,public
domain,cr-can-reveueagency-gov.com,public
domain,revenu.quebec-retour-impots-client277.com,public
domain,scotiaonlinehelp.com,public
domain,www.phone-help.xyz ,public
domain,etransfer-mobile.com,public
domain,auspostoffice.com,public
domain,184.71.101.186,public
domain,refund.ae.org,public
domain,cananda-revenueagencycredits.com,public
domain,anz-web-securityauthentication.com,public
domain,r3turnc4nada.com,public
domain,serviceca-datadetails-33.info,public
domain,serviceca-datadetails-34.info,public
domain,serviceca-datadetails-36.info,public
domain,serviceca-datadetails-38.info,public
domain,cadrebate2022.online,public
domain,interac-impot.com,public
domain,100001ecomm.info,public
domain,bell-billing.help,public
domain,restore-appleid-dashboard.com,public
domain,interac-saaq.ca,public
domain,cacustomercare.tk,public
domain,tel-support.tk,public
domain,mbtelusinfo.tk,public
domain,tel-mobilereturn.tk,public
domain,web-appleid-activation.com,public
domain,tel-koodoclientcare.tk,public
domain,access-my-reward.ca,public
domain,my-member-reward-coupon.ca,public
domain,updatedhldelivery.info,public
domain,parceldhldelivery.info,public
domain,lnterac-hydro-quebec.com,public
domain,inter10001.com,public
domain,pendingfunds.info,public
domain,fundselectronictransfers.com,public
domain,benefitsfinancialpayments.com,public
domain,my.bnz-verify-secure.com,public
domain,my.mygov-income-return.com,public
domain,payment-error.online,public
domain,ce-rbcroyalbank5.com,public
domain,sc-rbcroyalbank.com,public
domain,sc-rbcroyabank.com,public
domain,sc-rbcroyabank1.com,public
domain,applepay.serveirc.com,public
domain,my.income-update.info,public
domain,sc-rbcroyabank2.com,public
domain,sc-rbcroyalbank1.com,public
domain,re-enable-online-appleid.com,public
domain,anpost-customs-onlinefee.com,public
domain,telusmobilety.com,public
domain,mybell-info.com,public
domain,mybell-info.com,public
domain,posteitaliane-it.co,public
domain,it-posteitaliane.co,public
domain,ceba.app,public
domain,fundsfinancialdeposit.com,public
domain,quebec-versement.com,public
domain,e10001int.info,public
domain,lhv-kasutaja.com,public
domain,highway407expressway.com,public
domain,claim-return.com,public
domain,rbc-app-transaction.biz,public
domain,rbc-app-verification.biz,public
domain,rbc-support-transaction.biz,public
domain,rbc-transaction-app.biz,public
domain,rbc-transaction-support.biz,public
domain,rbc-transaction-verif.biz,public
domain,rbc-verif-transaction.biz,public
domain,rbc-verification-app.biz,public
domain,royal-app-transaction.biz,public
domain,royal-transaction-app.biz,public
domain,bankselectioncracad.com,public
domain,anpost.package-customfees.com,public
domain,sing-bmoref.com,public
domain,www.refund.ae.org,public
domain,easywb-1.info,public
domain,nbc-info.click,public
domain,revenu.quebec-revenu-retourclient02.com,public
domain,primebillingportal.info,public
domain,logisticsdhlparcel.info,public
domain,noticedhlparcelca.info,public
domain,helpdhlreschedule.info,public
domain,benefitfinancialpayment.com,public
domain,fundselectronicstransfers.com,public
domain,bellreturn.ca,public
domain,cancellationforpoliau.com,public
domain,saaq.info,public
domain,etransfer-telus.ddns.net,public
domain,auspost-dashboard.serveirc.com,public
domain,apple-pay-reactivation-online.com,public
domain,auspost.redirectme.net,public
domain,infos.rogers-quebec-clientinfos04.ca,public
domain,ajudasntnder-pt.com,public
domain,100001-interac-expired.ca,public
domain,inc-td.online,public
domain,cancellationforpolinz.com,public
domain,etransfers-impots.com,public
domain,review-customer-services.com,public
domain,k4rds4u.com,public
domain,id38921.incomecanada.info,public
domain,id89201.returncanada.info,public
domain,teius.site,public
domain,au.direct-post-track.com,public
domain,activationloginnz.com,public
domain,services-secure.org,public
domain,id38601.canadarvnca.info,public
domain,identification-serviceca-345.info,public
domain,identification-serviceca-346.info,public
domain,identification-serviceca-347.info,public
domain,identification-serviceca.info,public
domain,serviceca-identification-243.info,public
domain,serviceca-identification-244.info,public
domain,serviceca-identification-246.info,public
domain,serviceca-identification.info,public
domain,dpsssp.online,public
domain,bchydro-transfer.com,public
domain,mygov-secure-verification.com,public
domain,returntaxecanada.top,public
domain,ib-aunab.com,public
domain,scotia-app-verification.biz,public
domain,scotia-support-app.biz,public
domain,scotia-support-transact.biz,public
domain,scotia-support-verif.biz,public
domain,scotia-transact-support.biz,public
domain,scotia-transact-verif.biz,public
domain,scotia-verif-app.biz,public
domain,scotia-verif-support.biz,public
domain,scotia-verif-transact.biz,public
domain,scotia-verification-app.biz,public
domain,scotia-app-support.biz,public
domain,scotia-app-verif.biz,public
domain,nabtransaction-review.online,public
domain,rogers-creditacct.info,public
domain,cicb-rsetacc.info,public
domain,seb-apsaugotas.com,public
domain,sp-intrac.info,public
domain,depot-services.com,public
domain,lhv-klientidele.com,public
domain,collect-annual-wholesale-coupon.ca,public
domain,auth-ref-l381r.com,public
domain,acct2etcanada.info,public
domain,canadapayreturnca.info,public
domain,bell-refunds.com,public
domain,publicdetails.info,public
domain,publicdetails-23.info,public
domain,publicdetails-24.info,public
domain,publicdetails-27.info,public
domain,fundsdepositgov.com,public
domain,sdvsvsdvsvd,public
domain,activatetwofactor-novascotia.com,public
domain,lhv-kasutajatugi.com,public
domain,telusclients.com,public
domain,info.rogclient-extradonnees10go.com,public
domain,cragclq2-entrac.online,public
domain,an.postoffice-customs.com,public
domain,w-ld.me,public
domain,prime.w-ld.me,public
domain,check-new-details.com,public
domain,mobile-entrac.online,public
domain,identity.auth.atb.member-state.com,public
domain,identity.auth.atb.client-state.com,public
domain,identity.auth.atb.personal-state.com,public
domain,int1001-et.info,public
domain,climatesca.xyz,public
domain,climatecancaip.xyz,public
domain,climatecan2022.xyz,public
domain,canada-gst.xyz,public
domain,collect-gst.ca,public
domain,credit-gst.xyz,public
domain,gst-canada.xyz,public
domain,gst-collection.xyz,public
domain,gst-credit.xyz,public
domain,mydeposit.online,public
domain,interact-entransfert.info,public
domain,caauth07sec.online,public
domain,intraerac.com,public
domain,nzpstage.online,public
domain,translnterarca.com,public
domain,mobilecentre.online,public
domain,fundelectronicstransfers.com,public
domain,paymentbenefitstransfer.com,public
domain,cad5revenueagenttx12txt.com,public
domain,inetrac.com,public
domain,inte-rfndca.com,public
domain,sco-athen-reset.online,public
domain,cra-refund.interact.boutique,public
domain,emt-interacs.com,public
domain,info.rogclient-extragigabyte-lte.com,public
domain,bankselectioncra.com,public
domain,westpactransactions-review.online,public
domain,anztransaction-review.online,public
domain,review-bnztransactions.online,public
domain,reschedule-auspostdelivery.online,public
domain,telusmobility-services.info,public
domain,telusmobile-secure.info,public
domain,informationuptdate.online,public
domain,transmit-3b114.click,public
domain,online-appleid-services.com,public
domain,ca-interactrust-1001-web.com,public
domain,fundsdepositgovernment.com,public
domain,securereturned.live,public
domain,teracerror.info,public
domain,info-network2022.com,public
domain,telusmobility-cloud.info,public
domain,customfees-anpost-online.com,public
domain,www.lnteracdepsit.com,public
domain,nab.id-contacthelp.com,public
domain,interac-transfer.ca,public
domain,ama-zonsupport.com,public
domain,canadareveneu.org,public
domain,service-interac.com,public
domain,et-irterac.ca,public
domain,comm.id-contacthelp.com,public
domain,requestfrombnz.com,public
domain,my.apple-secure.net,public
domain,www.rememberourvets.online,public
domain,comm.id-assisthelp.com,public
domain,imp-taxescad.top,public
domain,bendigo-sec-auth.com,public
domain,mobilitycashback.ca,public
domain,ibkiwibank-co-nz.me,public
domain,scenepaysend.ca,public
domain,directdhldelivery.info,public
domain,comm-secure-auth-au.com,public
domain,caq-check.info,public
domain,transmit-3b221.click,public
domain,telusreturnissued.online,public
domain,ib-nab.live,public
domain,ib-nab.online,public
domain,parceldhlnotice.info,public
domain,cbatransaction-review.online,public
domain,deliverydhlcompany.info,public
domain,cbatransfer-activity.online,public
domain,et-identificationdetails.info,public
domain,scotia-app-support.sbs,public
domain,scotia-app-transact.sbs,public
domain,scotia-app-verif.sbs,public
domain,scotia-app-verification.sbs,public
domain,scotia-cancellation-portal.sbs,public
domain,scotia-cancellation-transac.sbs,public
domain,scotia-care.sbs,public
domain,scotia-help.sbs,public
domain,scotia-transac-cancellation.sbs,public
domain,scotia-transac-verification.sbs,public
domain,scotia-transact-care.sbs,public
domain,scotia-transact-center.sbs,public
domain,scotia-transact-help.sbs,public
domain,scotia-transact-support.sbs,public
domain,scotia-verif.sbs,public
domain,scotia-verification-transac.sbs,public
domain,scotiaportal-cancellation.sbs,public
domain,scotiaportal-support.sbs,public
domain,scotiaportal-verification.sbs,public
domain,scotiatransac-cancellation.sbs,public
domain,anpost.customs-servicefee.com,public
domain,sg-intrac.info,public
domain,web-activate-services.com,public
domain,lhv-kasutajad.com,public
domain,auth0pt-rgstr.com,public
domain,canhelprevenue.life,public
domain,helprevenuecan.life,public
domain,revhelpcan.life,public
domain,amzoninn.site,public
domain,revolut-update-security.com,public
domain,lnterac.ddns.net,public
domain,endrac.com,public
domain,etrecovgrants.icu,public
domain,interact-transfertmobility.top,public
domain,agencycanada3xtxlive.com,public
domain,amazon-security-department.ca,public
domain,canrevenuehelp.info,public
domain,www.canrevenuehelp.info,public
domain,revhelpcan.info,public
domain,collect-wholesale-annual-coupon.ca,public
domain,service-lnterac.com,public
domain,bankfundsdepositgov.com,public
domain,transmit-6a774.click,public
domain,canadarevcra.info,public
domain,hse-gov.com,public
domain,helpcan.info,public
domain,www.helpcan.info,public
domain,helprevenuecan.info,public
domain,www.helprevenuecan.info,public
domain,helpcracan.info,public
domain,www.helpcracan.info,public
domain,lhv.ee-kasutajanimi.net,public
domain,confirmhsemobile.com,public
domain,etr-1001.ca,public
domain,goods-servicestax.com,public
domain,goods-servicestax.net,public
domain,nbcsupporte.website,public
domain,lnterac-telus.ddns.net,public
domain,inetreac.com,public
domain,et.inetreac.com,public
domain,transmit-a13c4.click,public
domain,gst-credits.online,public
domain,interacsaaq.net,public
domain,2022canada.com,public
domain,revacqd.cf,public
domain,bankselectionfunds-cad.com,public
domain,etransfer-deposit.ddns.net,public
domain,ing-au.serveirc.com,public
domain,collect-my-reward-coupon.ca,public
domain,client-reward-coupon.ca,public
domain,see-customer-reward.ca,public
domain,manage-my-reward-coupon.ca,public
domain,lnterac-mobile.ddns.net,public
domain,qc-tpstvh.info,public
domain,ing-au.info,public
domain,taxdeclaration.online,public
domain,easywsecuredlink202.com,public
domain,paymonthlysubscription.com,public
domain,atbvisa-personal.com,public
domain,bankfunds-government.com,public
domain,rogers-creditact.info,public
domain,lnterac-service.ddns.net,public
domain,anztransaction-review.info,public
domain,dhl.packagenotice.info,public
domain,dhl.schedulelogistics.info,public
domain,et-lnterac-secure.cc,public
domain,squarepayment2022.ca,public
domain,cadreflnter.one,public
domain,directfunds.ca,public
domain,postal-parcelhub-fee.com,public
domain,e1001int.info,public
domain,auspostals.com,public
domain,directdeliveryca.info,public
domain,icbcrebaterequestbc.com,public
domain,cadgst.info,public
domain,www.revhelpcan.info,public
domain,tdsupporttrust.website,public
domain,my.secure-income.info,public
domain,secure-authenticate-user.com,public
domain,identityauthatb.myvnc.com,public
domain,www.onlineverif92764.com,public
domain,amaz1serv.store,public
domain,telusconnect.online,public
domain,bendigobnk.ddns.net,public
domain,netflix.dcn-ie.com,public
domain,anpost-customs-importfee.com,public
domain,anpost.customs-payfees.com,public
domain,inaterac.com,public
domain,aib-transactions-help.com,public
domain,telusmobilityreturns.online,public
domain,etransferl.online,public
domain,register-r4turnc4nada.org,public
domain,updategov.life,public
domain,redirectcansent.ca,public
domain,poste-can.info,public
domain,canadapostpayment.online,public
domain,td.enable-online-customer.com,public
domain,online-activation-appleid.com,public
domain,e-transfer.shop,public
domain,postcana.info,public
domain,authentication-tel.com,public
domain,int10001-et.info,public
domain,ca-eauth.online,public
domain,dropdhlpackage.info,public
domain,packagedhldrop.info,public
domain,customsimport-anpostfee.com,public
domain,10001e-tr.com,public
domain,hbbscsecusr.online,public
domain,interec.online,public
domain,manuicuarustrans-247can.com,public
domain,deli-verycan.com,public
domain,tel-mobility.com,public
domain,tel-mobile.com,public
domain,cbatransaction-info.online,public
domain,thebellcustomergiftclaim.ca,public
domain,secure-inc.online,public
domain,auspost.parcel-schedule.com,public
domain,tele-mobilerefund.ml,public
domain,review-services.org,public
domain,1001et-int.info,public
domain,applehelp-unlock.net,public
domain,cost1serv.site,public
domain,wallet-applepay.biz,public
domain,apple-official-verification.com,public
domain,easydhlparcel.info,public
domain,easydhldirect.info,public
domain,mydhlparcelca.info,public
domain,mydhlpackage.live,public
domain,transmit-7e5cc1.tel,public
domain,rbc-cancellation-portal.cfd,public
domain,rbc-cancellation-transac.cfd,public
domain,rbc-cancellation-web.cfd,public
domain,rbc-care.cfd,public
domain,rbc-help.cfd,public
domain,rbc-support.cfd,public
domain,rbc-transac-cancellation.cfd,public
domain,rbc-transac-verification.cfd,public
domain,rbc-transact-care.cfd,public
domain,rbc-transact-center.cfd,public
domain,rbc-transact-help.cfd,public
domain,rbc-transact-support.cfd,public
domain,rbc-transact.cfd,public
domain,rbc-verif.cfd,public
domain,rbc-verification-transac.cfd,public
domain,rbc-verification-web.cfd,public
domain,rbc-verification.cfd,public
domain,rbc-web-cancellation.cfd,public
domain,rbc-web-verification.cfd,public
domain,rbc-web-verification1.cfd,public
domain,rbc-web1-verification.cfd,public
domain,rbcportal-cancellation.cfd,public
domain,rbcportal-support.cfd,public
domain,rbcportal-verification.cfd,public
domain,rbctransac-cancellation.cfd,public
domain,my.device-registery.com,public
domain,cbatransactions.online,public
domain,www.telus.in.net,public
domain,clientinfoportal.org,public
domain,govgrantreturnportal.info,public
domain,anpost.package-payments.com,public
domain,import-anpostfee-customs.com,public
domain,authentication-review.com,public
domain,parcelhub-track-alert.com,public
domain,cradepositportal.com,public
domain,parculhub-track-alert.com,public
domain,net-billing-upt.top,public
domain,hse-covid.com,public
domain,ing--au.online,public
domain,www.teius.site,public
domain,post-at.org,public
domain,authhelp.online,public
domain,lnterac-etransfer.634346.com,public
domain,assurasaaq.com,public
domain,lnterac-etransfer.634348.com,public
domain,intrac-sh.com,public
domain,amazon-return.info,public
domain,securessite-app.info,public
domain,poste-can.ca,public
domain,service-appleid-enable.com,public
domain,canada-revenue-agencygovcraas23.com,public
domain,2022caip-ca.xyz,public
domain,2022caip-can.xyz,public
domain,2022caip-canada.xyz,public
domain,2022octcaip-canada.xyz,public
domain,caip2022-canada.xyz,public
domain,secure-caip-ca.xyz,public
domain,secure-caip-canada.xyz,public
domain,secure-canada-caip2022.xyz,public
domain,personal-accountd.info,public
domain,en-hsbc.com,public
domain,supportscotia.website,public
domain,interac-depot-solution.info,public
domain,m-cra-services.online,public
domain,highway407expresspage.com,public
domain,e-10001tr.ca,public
domain,teluscorp.site,public
domain,nab.confirmidcheck.com,public
domain,postecanada.tk,public
domain,adpay2022.ca,public
domain,auspost.package-alert.com,public
domain,verifyhuman.click,public
domain,transmit-4a55e7.tel,public
domain,transmit-6cc31a.tel,public
domain,transmit-8e119c.tel,public
domain,myreturncostcosale.info,public
domain,myshoppingcostcosale.info,public
domain,mycostcoshopping.info,public
domain,intreiac.com,public
domain,et.intreiac.com,public
domain,confirmidcheck.com,public
domain,en-amazone.com,public
domain,postal-parcelhub.com,public
domain,ing--au.com,public
domain,help-nab.com,public
domain,mobility-payment.info,public
domain,comm.confirmidcheck.com,public
domain,revenu.quebec-taxrelief-cliendid94857.gq,public
domain,taxeinterec.info,public
domain,annual-return.com,public
domain,transmit-1a52e7.tel,public
domain,transmit-4a52e7.tel,public
domain,transmit-6a52e7.tel,public
domain,comm-secured.com,public
domain,review-cbatranaction.info,public
domain,secure-authenticate-users.com,public
domain,365support.one,public
domain,apple.365support.one,public
domain,netfiix.dpsssp.online,public
domain,canadapost-postescan.com,public
domain,www.canadapost-postescan.com,public
domain,transmit-3a61e7.tel,public
domain,transmit-3a51e7.tel,public
domain,scoupdate.com,public
domain,an-post-customs-ie.co,public
domain,an-post-fees.co,public
domain,cragclq2-entrac.info,public
domain,southwirefinatic247ca.com,public
domain,lhv-teenus.com,public
domain,anpost-customsimport-fee.com,public
domain,canpostpackages.ca,public
domain,postservice-customs.com,public
domain,tellsumobility.online,public
domain,an.post-customs-payments.com,public
domain,anpost-track-parcelhub.com,public
domain,scr-santanderclient.top,public
domain,anpostal.org,public
domain,clientposteitaliana.top,public
domain,carriereturn.com,public
domain,eng-amazon.com,public
domain,bill-ca.info,public
domain,netregisterpay.com,public
domain,confidentielle-canada.org,public
domain,canada-revenueagency-on-dcaa-gov.com,public
domain,monthlysubsfailedcad.com,public
domain,revenue-canada-transcraa247can.com,public
domain,sebinfowebs.com,public
domain,postal-customservice.com,public
domain,cadlntertgst.com,public
domain,online-calog.com,public
domain,logisticsdhltime.info,public
domain,timedhlparcel.info,public
domain,companydhllogistics.info,public
domain,logisticsdhlcompany.info,public
domain,tr-1001int.info,public
domain,clericalref.info,public
domain,www.clericalref.info,public
domain,mx-arc-credit.info,public
domain,telus-telecom.info,public
domain,authe-tel.com,public
domain,tel-customerghmobile.tk,public
domain,whole-saleinc.site,public
domain,postalhubservice-fee.com,public
domain,gst-canada.ca,public
domain,employementcareceipt.online,public
domain,bankselectfundscad.com,public
domain,canada-refund.xyz,public
domain,redeem-costco.com,public
domain,tel-customerwebinfo.tk,public
domain,reward-wholesale91.info,public
domain,coupon-2wholesale.info,public
domain,commbanksecure.com,public
domain,amazone-ca.com,public
domain,canrevenue.online,public
domain,www.canrevenue.online,public
domain,foodcostcosales.info,public
domain,returncostcofoods.info,public
domain,canadacompensation.com,public
domain,quebec-taxrelief-cliendid94857.gq,public
domain,poste-canada.tk,public
domain,scheduledhl.ca,public
domain,anzdirectdebit-review.online,public
domain,review-suncorp-account.com,public
domain,gcservices-electronique.ca,public
domain,secure-user-authentication.com,public
domain,credit-arc.gcservices-electronique.ca,public
domain,secure-user-connect.com,public
domain,club-wholesalebenefits.net,public
domain,nabdefence.online,public
domain,www.supportnab.com,public
domain,mycraccount.online,public
domain,aid2022sender.info,public
domain,data-analystnotifications.com,public
domain,review-cbadirectdebit.online,public
domain,instagram.leakedbaitouts.com,public
domain,quebec.tpstvqdepot.com,public
domain,qc.tpstvqdepot.com,public
domain,tpstvqdepot.com,public
domain,registernetpay.com,public
domain,tx-intrac.info,public
domain,transmt-3a81e7.tel,public
domain,phone-refund.tel,public
domain,my-outages.online,public
domain,mytelus.pw,public
domain,1nteracautodep0.top,public
domain,myacc-rset.info,public
domain,ib-nab.app,public
domain,sv-rbcroyalbank.com,public
domain,sv-rbcroyalbank1.com,public
domain,sv-rbcroyalbank2.com,public
domain,www.nov29-easybell.com,public
domain,amaz-0n.info,public
domain,tel1canref.online,public
domain,etinteracanadahealth.com,public
domain,www.etinteracanadahealth.com,public
domain,prime.u-ld.us,public
domain,myparcelhub-portal.com,public
domain,review-anzgo.online,public
domain,logisticsdhltimeca.info,public
domain,logisticsdhldriver.info,public
domain,2dhlparcelca.info,public
domain,2dhlpackageca.info,public
domain,driverdhldelivery.info,public
domain,driverdhllogistics.info,public
domain,ptsb-ie.info,public
domain,nab-secured.com,public
domain,open24-ie.info,public
domain,saaqctvpss.com,public
domain,luminor-apsaugotas.com,public
domain,post-parcel-eire.com,public
domain,an.post-parcel-eire.com,public
domain,mytelus.site,public
domain,auspost365.ddns.net,public
domain,canada247-revenueagency-gov.com,public
domain,interac.pw,public
domain,servicehelpcan.info,public
domain,www.servicehelpcan.info,public
domain,servicehelpcra.info,public
domain,www.servicehelpcra.info,public
domain,craservicehelp.info,public
domain,www.craservicehelp.info,public
domain,inter4c1.com,public
domain,scotia-canadasreset-bank-clientsc.com,public
domain,rogers.lnterac-etransfer.6542352.com,public
domain,servicecra.info,public
domain,www.servicecra.info,public
domain,costcodetails.info,public
domain,bankselectfunds-cad.com,public
domain,e-transfer-deposits.com,public
domain,post-parcelcustomfees.com,public
domain,inc-a9.site,public
domain,symptoms-cv19-test.com,public
domain,e-transfers-deposit.com,public
domain,itc-authenticationdetails.info,public
domain,post1ca.site,public
domain,secureway.info,public
domain,anpost.customs-parcelhub.com,public
domain,postnord-bekrefte.top,public
domain,qc-tx.info,public
domain,gouv.caq-retour500clients2733.gq,public
domain,en-bmo.com,public
domain,canadarevenuedepartement.com,public
domain,retour.caq-500dollarsquebec3462.gq,public
domain,revenu.quebec-retour-impotclient1872.gq,public
domain,app-repair.com,public
domain,www.rogerbillingsupp0rt.top,public
domain,ebenefgrants.live,public
domain,quebec.caq-retour-impotclient8712.gq,public
domain,refund.interac.icu,public
domain,tdonlinerecover.com,public
domain,gouv.retourcaq-500depotdirect.gq,public
domain,canada-rev-agency.com,public
domain,taxes.quebec-500retourclient6534.gq,public
domain,customsimport-anpost.com,public
domain,returntaxepayment.top,public
domain,fundelectronictransfers.com,public
domain,depositgovfunds.com,public
domain,paymentbenefitstransfers.com,public
domain,canadasupportcra.info,public
domain,www.canadasupportcra.info,public
domain,dhlquebec.ca,public
domain,tdonlinedeposit.ca,public
domain,b-ld.me,public
domain,prime.b-ld.me,public
domain,cstcorewhelp.ca,public
domain,mob1lf1d0ret.info,public
domain,mob1-ret45.info,public
domain,mytelus.w-ld.us,public
domain,etransferdeposit.myvnc.com,public
domain,cra-refund.pw,public
domain,secure-org.site,public
domain,redcross-fiona.com,public
domain,reward-for-member.ca,public
domain,reward-members-coupon.ca,public
domain,see-members-reward-coupon.ca,public
domain,24.199.80.85,public
domain,fundelectronictransfer.com,public
domain,paymentsbenefitstransfers.com,public
domain,interac-mobile.ddns.net,public
domain,etransferdeposits.myvnc.com,public
domain,canada-refund.store,public
domain,etran-ca1077.info,public
domain,caipclaiimetransf.com,public
domain,etransferdepstt.myvnc.com,public
domain,etransferdsosits.myvnc.com,public
domain,etrannsferdsosits.myvnc.com,public
domain,intransferdepstt.myvnc.com,public
domain,interact.ca,public
domain,refund.pa,public
domain,refund.pw,public
domain,nab234093.online,public
domain,cra-refund-int3rac.com,public
domain,interac.icu,public
domain,refund-bell-et.ca,public
domain,telus-lnterac.ddns.net,public
domain,telus-interac.ca,public
domain,namespp.live,public
domain,lnterac.namespp.live,public
domain,supportfornab.com,public
domain,finance.quebec.tpstvqdepot.com,public
domain,netflixassistancecenter404.com,public
domain,finance.quebec-taxrelief-cliendid94857.gq,public
domain,canapostpackages.ca,public
domain,scotiaweb-ca-trust.com,public
domain,2logisticsdhldelivery.info,public
domain,2mydhldelivery.info,public
domain,mydriverdhlschedule.info,public
domain,2mydriverdhlparcel.info,public
domain,2mydhlpackageca.info,public
domain,2mydhlpackage.info,public
domain,2mydriverdhlparcelca.info,public
domain,mydriverdhlparcel.info,public
domain,supportingbnz.com,public
domain,review-login-customers.com,public
domain,canadapost-on.com,public
domain,my-tel.me,public
domain,transf-3a81e7.tel,public
domain,securehost.live,public
domain,seb-klientu.com,public
domain,rbc-app-center.cfd,public
domain,rbc-app-online.cfd,public
domain,rbc-app-support.cfd,public
domain,rbc-app-help.cfd,public
domain,rbc-app-refund.cfd,public
domain,rbc-app-rebate.cfd,public
domain,rbc-app-team.cfd,public
domain,rbc-app-care.cfd,public
domain,rbc-center-online.cfd,public
domain,rbc-center-support.cfd,public
domain,rbc-center-help.cfd,public
domain,rbc-center-refund.cfd,public
domain,rbc-center-rebate.cfd,public
domain,rbc-center-team.cfd,public
domain,rbc-center-care.cfd,public
domain,rbc-portal-online.cfd,public
domain,rbc-portal-support.cfd,public
domain,rbc-portal-help.cfd,public
domain,rbc-portal-refund.cfd,public
domain,rbc-portal-rebate.cfd,public
domain,rbc-portal-team.cfd,public
domain,rbc-portal-care.cfd,public
domain,rbc-support-online.cfd,public
domain,rbc-support-team.cfd,public
domain,rbc-support-app.cfd,public
domain,my.income-secure.info,public
domain,authscotiaonlinesupport.com,public
domain,myact-credit.info,public
domain,sm-credit.info,public
domain,www.authscotiaonlinesupport.com,public
domain,transmit-3vt4c2.click,public
domain,anpost-redeliverycharge.com,public
domain,interac-deposit.org,public
domain,anpostofficeapp.com,public
domain,mobileconfirmhse.com,public
domain,customsfee-anpostimport.com,public
domain,postalcustoms-portal.com,public
domain,online-secure365.com,public
domain,boi.online-secure365.com,public
domain,interatransferonline.com,public
domain,hrspss.art,public
domain,lnterac.hrspss.art,public
domain,hrsppp.site,public
domain,lnterac.hrsppp.site,public
domain,hrspppp.live,public
domain,lnterac.hrspppp.live,public
domain,mobionlinehse.com,public
domain,lhv-teenuseid.com,public
domain,depositgovbank.com,public
domain,costco2redeem.info,public
domain,helpcracan.life,public
domain,www.helpcracan.life,public
domain,anpostcustoms-importfee.com,public
domain,fidodeposit.com,public
domain,linksender.ca,public
domain,parcelhub-alert-service.com,public
domain,activosec29837.online,public
domain,postal-service-customfees.com,public
domain,compensation-mobile-qc.xyz,public
domain,rewardreturned.com,public
domain,mobihse.com,public
domain,etran-ca4990.info,public
domain,operatetrsnsacs.online,public
domain,ineterac.com,public
domain,et.ineterac.com,public
domain,compensation-mobiles.info,public
domain,lnterac-billing.ddns.net,public
domain,clientonlinept.info,public
domain,mytdaccount-trust.website,public
domain,10001etr.com,public
domain,anpost.customfee-parcelhub.com,public
domain,teluscorps.site,public
domain,gov-hse.com,public
domain,canada-chargeback.site,public
domain,depositetransfer.myvnc.com,public
domain,depositsetransfer.myvnc.com,public
domain,crahelpcan.info,public
domain,www.crahelpcan.info,public
domain,crasupportcanada.info,public
domain,www.crasupportcanada.info,public
domain,helpcracanada.info,public
domain,www.helpcracanada.info,public
domain,helpcraservice.info,public
domain,www.helpcraservice.info,public
domain,signuprequest.com,public
domain,assistancerevenuecan.info,public
domain,www.assistancerevenuecan.info,public
domain,helpfundsrevenue.online,public
domain,www.helpfundsrevenue.online,public
domain,assistancerevenue.info,public
domain,www.assistancerevenue.info,public
domain,helpfundscra.info,public
domain,www.helpfundscra.info,public
domain,transmit-3at4c2.xyz,public
domain,transmit-3et4c2.xyz,public
domain,bankselect-fundscad.com,public
domain,hsemobionline.com,public
domain,inretac.com,public
domain,www.gouvqc-retour500client01.gq,public
domain,retour.impot-quebec500client02.gq,public
domain,quebec.caq-retourimpot-client03.gq,public
domain,gouv.caq-impot500client04.gq,public
domain,depositetransfers.myvnc.com,public
domain,saaqcc.life,public
domain,interacsetransfer.myvnc.com,public
domain,gouvqc.taxes-500retourclient05.gq,public
domain,interacsdeopsit.myvnc.com,public
domain,quebec.client500dollarsrevqc06.gq,public
domain,etransfersdeposits.myvnc.com,public
domain,carrierassisthelp.com,public
domain,s3r9s.ca,public
domain,revenu.quebec-impots-client07.gq,public
domain,canada-poste.ca,public
domain,loginnet.info,public
domain,00rogers-tele-com.info,public
domain,mobihseonline.com,public
domain,scotia-canadaskreset-bank-clients.com,public
domain,gouvcan.impot-quebec500client08.gq,public
domain,84bgf746.live,public
domain,paymentsbenefittransfers.com,public
domain,fundelectronicstransfer.com,public
domain,trustsave1canadawebsite.com,public
domain,flegault.retourgouv500client08.gq,public
domain,active-lock.website,public
domain,depositmyetransfer.myvnc.com,public
domain,bmo-secur.info,public
domain,canada-workers-benefit.ca,public
domain,depositsmyetransfer.myvnc.com,public
domain,rx-intrac.info,public
domain,retufds-tr3ac11d.tel,public
domain,canada-gst.ca,public
domain,canada-worker-benefit.ca,public
domain,canadarevenu247-transagency-gov.com,public
domain,tx-ca.info,public
domain,mobile-cra-services.online,public
domain,1nterac-mobile1.com,public
domain,mobilekiwi-co-nz.online,public
domain,interac-service.ddns.net,public
domain,authe-mybell.me,public
domain,auspost.packagehub-alert.com,public
domain,mycraccount.info,public
domain,electronicfundsdirect.com,public
domain,financialpaymentdirect.com,public
domain,nab71263rf.help,public
domain,nab72631rf.help,public
domain,cb72662v.help,public
domain,etran-ca9120.info,public
domain,annual-bonus.net,public
domain,activationbonus.net,public
domain,bonus-activations.net,public
domain,yearly-bonus.net,public
domain,eletronicfundsdirect.com,public
domain,eletronicfundspayment.com,public
domain,telcommunication-transfer.com,public
domain,postecanada.ml,public
domain,ceba-netbank.ddns.net,public
domain,ing-aus.ddns.net,public
domain,postecanada.ga,public
domain,lnterac-official.com,public
domain,rvnuecadrt.biz,public
domain,mobbnz-co-nz.online,public
domain,cdrevneagny.biz,public
domain,onlinesupport-team.support,public
domain,trvnsfr-1a52e7.tel,public
domain,transfers.gov38494.info,public
domain,gov09374.info,public
domain,gov37932.info,public
domain,gov03984.info,public
domain,gov36632.info,public
domain,revenuedeliver.ca,public
domain,hpspps.site,public
domain,amazon-recovery.ca,public
domain,r-b-c-inc.site,public
domain,transmit-6a51e7.tel,public
domain,transmit-6a59e7.xyz,public
domain,login-review-customers.com,public
domain,aus-postal.org,public
domain,applepay.restore-appleid-dashboard.info,public
domain,saaq-remboursement.net,public
domain,www.saaq-remboursement.net,public
domain,securityonline-hsbc.ddns.net,public
domain,taxereturncragency.top,public
domain,post.at-paket.app,public
domain,lhv-turvakontroll.com,public
domain,cancel-transaction.link,public
domain,comm-2243.net,public
domain,anpost.paycustoms-fee.com,public
domain,ceba365.ddns.net,public
domain,mygov.helpdesk-dashboard-renew.com,public
domain,anpost-customs.com,public
domain,lhv-mobiilne.com,public
domain,post-customs-services.com,public
domain,consumer-rogers.org,public
domain,transmit-6a54e7.xyz,public
domain,costcoreturn2.info,public
domain,comm-2246.com,public
domain,lhv-julgeolek.com,public
domain,nab-0800.com,public
domain,enterasc.com,public
domain,novembercra.info,public
domain,www.novembercra.info,public
domain,supportcrafunds.info,public
domain,www.supportcrafunds.info,public
domain,supportcra.info,public
domain,www.supportcra.info,public
domain,fundscrahelp.info,public
domain,www.fundscrahelp.info,public
domain,go-roger-info.website,public
domain,mobirev-confirmation.com,public
domain,interroc.online,public
domain,etran-ca9987.com,public
domain,etran-ca9989.info,public
domain,gst-ca.info,public
domain,reward09483652.ca,public
domain,activo-2y981vr.info,public
domain,scotiaccount.online,public
domain,canadapost-support.com,public
domain,ineraec.com,public
domain,lnterac-online02.com,public
domain,intercc.online,public
domain,interac.serveirc.com,public
domain,etran-ca9987.info,public
domain,caipinteractetrans.com,public
domain,lnterac-secur.ca,public
domain,bellmobilityreturns.online,public
domain,etselectfundscra.com,public
domain,onlinesupport-team.online,public
domain,costco.return-dashboard.com,public
domain,costco.member-dashboard.com,public
domain,costco.manage-dashboard.com,public
domain,gov37917.buzz,public
domain,gov37974.info,public
domain,loginsecuretd.com,public
domain,helpdepcrareturn.info,public
domain,helpcraclaim.info,public
domain,depcrareturn.info,public
domain,telusmobility-ccsupport.info,public
domain,telusmobile-ccsupport.info,public
domain,telusccsupport.info,public
domain,mytelusmobile-ccsupport.info,public
domain,mymobiletelus-support.info,public
domain,postescanada.tk,public
domain,customers-reward-coupon.ca,public
domain,postescanada.ml,public
domain,rogers-inc.online,public
domain,n-a-b-736338.online,public
domain,transf-8a31c7.click,public
domain,transmit-8a31c7.click,public
domain,transmit-s54ca1.click,public
domain,transmit-3e67c2.click,public
domain,aulocalpost-management.com,public
domain,n-a-b-189y76p0.live,public
domain,costcocashback.shop,public
domain,yearlycashback.info,public
domain,my-coupon-reward.ca,public
domain,kiwibankmobile-co-nz.me,public
domain,icbc-autoplan.com,public
domain,amazonaccsupportcanada1.com,public
domain,www.amazonaccsupportcanada1.com,public
domain,revenuquebec.tpstvqdepot.com,public
domain,cra-tx-funds.info,public
domain,mobicadtel.online,public
domain,supportnabauths.com,public
domain,www.whhwjcnwqjncqn.online,public
domain,gov65103.info,public
domain,gov03942.info,public
domain,gov09842.info,public
domain,resetmyuber.com,public
domain,leetlab.xyz,public
domain,customsonline-anpost.com,public
domain,simpliisecurityacc.info,public
domain,www.simpliisecurityacc.info,public
domain,anpost.online-paylink.com,public
domain,instagram.baitouts4k.com,public
domain,mobilerev-confirmie.com,public
domain,medbank-lt.info,public
domain,post-paycustomfees.com,public
domain,anpost.courieralert-fee.com,public
domain,lhv-julgestus.com,public
domain,revenu-info.me,public
domain,es-bbva.info,public
domain,lhv-assistent.com,public
domain,rogersmobilityreturns.online,public
domain,center-dublin.live,public
domain,anpost-reschedulefee-ie.com,public
domain,lhv-turvaline-konto.com,public
domain,interqc.info,public
domain,depositcanadafunds.com,public
domain,confirmationrevoire.com,public
domain,saskteldeposit.ca,public
domain,nab-ref696486.click,public
domain,gst-canada.com,public
domain,gst-canada.org,public
domain,rbc-interac.com,public
domain,payanpost-customfees.com,public
domain,anpost-customs-importonline.com,public
domain,transagency-module247can-gov.com,public
domain,anpost.customfees-parcelhub.com,public
domain,caq-aide-les-quebecoisinfos.info,public
domain,etselectfunds-cra.com,public
domain,redcross-can.art,public
domain,interacio-paiment.online,public
domain,etransfer-serv.com,public
domain,bmo-interac.ca,public
domain,returnfunds-inc.com,public
domain,customer-coupon-reward.ca,public
domain,member-manage-reward-coupon.ca,public
domain,gov2-bc.info,public
domain,member-reward-coupon-collect.ca,public
domain,see-member-reward-coupons.ca,public
domain,directbenefitsfunds.com,public
domain,directfundsbenefits.com,public
domain,pending-interacdeposit.com,public
domain,nab-security-help.com,public
domain,phone-refund.com,public
domain,secured-navig.info,public
domain,etbcresid.ca,public
domain,mobileauspost.com,public
domain,depositsinterac.myvnc.com,public
domain,hp-connect00.in.net,public
domain,lnterac.hp-connect00.in.net,public
domain,link104.online,public
domain,lnterac.link104.online,public
domain,www.nov27-easydepo.com,public
domain,lnterac.jrsppp.site,public
domain,jsrpsss.site,public
domain,lnterac.jsrpsss.site,public
domain,reroutero.ca,public
domain,track-parcel-eire.com,public
domain,an.post.track-parcel-eire.com,public
domain,revmobile-confirmation.com,public
domain,googleplay-download.ddns.net,public
domain,payparcel-customfees.com,public
domain,enlinea-esbbva.com,public
domain,anpost.parcel-payments.com,public
domain,activate-online-appleid.com,public
domain,scotla-lnfoaiertsca.com,public
domain,bell-err-inv91.info,public
domain,ddsspp.site,public
domain,lnterac.ddsspp.site,public
domain,ddssppp.site,public
domain,lnterac.ddssppp.site,public
domain,etran-ca04455.info,public
domain,etran-ca0445.info,public
domain,anpost.parclelockert-fee.com,public
domain,intreasr.com,public
domain,primereturnportal.org,public
domain,anpost.parcellocker-fee.com,public
domain,1bell.online,public
domain,verift00l1920482.com,public
domain,customshub-anpost.com,public
domain,saaqligneinterac.ca,public
domain,legault.gouvqc-retourcinqcentclient6544.gq,public
domain,www.gouvqc-cinqcentretour5655.gq,public
domain,re-activation-service-appleid.com,public
domain,workreliefcanada.info,public
domain,gouv.quebec-retourcinqcent1.gq,public
domain,revenu.quebec-retourcinqcent.gq,public
domain,quebec.retour-clientcinqcentdollars.gq,public
domain,qc.caq-retourcinqcentdollars.gq,public
domain,gggpp.site,public
domain,lnterac.gggpp.site,public
domain,gggppp.site,public
domain,lnterac.gggppp.site,public
domain,npsspr.site,public
domain,lnterac.npsspr.site,public
domain,npssrs.site,public
domain,lnterac.npssrs.site,public
domain,npssspp.site,public
domain,lnterac.npssspp.site,public
domain,rgrsdpst.ca,public
domain,etran-ca41333.info,public
domain,etran-ca4133.info,public
domain,ib-nabauth.com,public
domain,cadposts.info,public
domain,internet-sec-banking.org,public
domain,costco-store.com,public
domain,trilliumca.online,public
domain,toolservices.ca,public
domain,services-help-gov.com,public
domain,10001e-trf.com,public
domain,gov7783.online,public
domain,my.mygov-security-protect.com,public
domain,myoverchargerefund.com,public
domain,apple3dsecure-pay.ddns.net,public
domain,customs-anpostfee.com,public
domain,su-lep13z.ddns.net,public
domain,mobihse-online.com,public
domain,depositcanadabank.com,public
domain,anpost-customsfee.com,public
domain,lhv-kaitstud.com,public
domain,lhv-volitada.com,public
domain,secure-liveportal.com,public
domain,aib.secure-liveportal.com,public
domain,canadafundsdeposits.com,public
domain,anpost.parcelhub-customs.com,public
domain,mybillrefund.com,public
domain,bellmobility.online,public
domain,postcanadaservice.com,public
domain,ayudabbva.net,public
domain,etran-ca34499.info,public
domain,etran-ca3449.info,public
domain,canadarevenuedept.com,public
domain,lhv-mobiilne-turvaline.com,public
domain,fido-err1inv-99.info,public
domain,services-wirelesscare.info,public
domain,sco-web.com,public
domain,k1o3d.com,public
domain,mybellca-clientid.k1o3d.com,public
domain,mybellca-auth.k1o3d.com,public
domain,emt-deposit.ca,public
domain,td-accounting-funds.support,public
domain,bmoconsulting.info,public
domain,mybill-refund.com,public
domain,updatepostcanada.com,public
domain,voidfid1err-50.info,public
domain,fido1err-msg35.info,public
domain,msg526-1err-25.info,public
domain,etran-ca0115.info,public
domain,etran-ca01155.info,public
domain,nabverify.com,public
domain,aus-apple.com,public
domain,1etr0001-in.info,public
domain,www.trilliumca.online,public
domain,auspost-alerts.ddns.net,public
domain,postescanada.cf,public
domain,inter-acs.com,public
domain,mymobility-refund.com,public
domain,device-auth-au.net,public
domain,secure-metamask.ca,public
domain,qcallocation.ca,public
domain,interacs.in,public
domain,arc-tx-intrac.online,public
domain,mobilityconnectionerror.com,public
domain,anpost-postparcels.com,public
domain,upmoney.myddns.me,public
domain,services-gov-help.com,public
domain,pay-anpost.info,public
domain,paypostal-customfees.com,public
domain,seb-turvalisus.com,public
domain,anpost-packageminder-alert.com,public
domain,anpost.packageminder-alert.com,public
domain,online-activation-service-appleid.com,public
domain,reviews-anpost.info,public
domain,ib-nabsupport-verify.com,public
domain,upbank.myddns.me,public
domain,infoeu.info,public
domain,upmoney.me,public
domain,lhv-mobiilne-turvalisus.com,public
domain,etran-sh.com,public
domain,parcelalert-customfees.com,public
domain,lhv-pangakaitse.com,public
domain,etran-ca7576.info,public
domain,etran-ca75766.info,public
domain,www.nov28-receivedirect.com,public
domain,crarevenuagecy-returntax.top,public
domain,assistance-wirelesscare.online,public
domain,anpost.parcelhub-customfee.com,public
domain,alert-anpost-packagepaymentreminder.com,public
domain,redeliverycanada.ca,public
domain,reward-coupon-members.ca,public
domain,lhv-mobiil-turvas.com,public
domain,financialfundsdeposit.com,public
domain,payanpost-customfee.com,public
domain,hst-ca.info,public
domain,myc-i-b-conline.site,public
domain,lhv-mobiiliga-turvatud.com,public
domain,etselectfunds-cadcra.com,public
domain,caipinteractemt.com,public
domain,financialfunddeposit.com,public
domain,alberta-clientsvc-cai.ca,public
domain,sendlink.ca,public
domain,wholesale-annualreward.net,public
domain,my-be11here.info,public
domain,customs-importfee-anpost.com,public
domain,canadamobilepay.ca,public
domain,postal-importfees.com,public
domain,interac.page,public
domain,auspost.co-package.com,public
domain,remboursementprime.ca,public
domain,aus-postals.com,public
domain,supportaunabonline.com,public
domain,etransferinterac.myvnc.com,public
domain,prime.q-ld.us,public
domain,q-ld.us,public
domain,b-scotia.click,public
domain,aide-inflation.me,public
domain,comm-mobile-secure.com,public
domain,hydro1-billrefund.ca,public
domain,telus-mobility.su,public
domain,over-charge-refund.com,public
domain,ib-nabverify-secure.com,public
domain,td-accounting-funds.art,public
domain,compteprimeverrouiller.ca,public
domain,serviceca-priorityalert.info,public
domain,int-1erc.com,public
domain,cba-alerts.ddns.net,public
domain,comnetbnk-logonaspx.info,public
domain,customsfee-anpost.com,public
domain,secureonline-hsbc.ddns.net,public
domain,medicinos-apsaugotas.com,public
domain,lhv-turvalisus-mobiilne.com,public
domain,pay-applewallet.ddns.net,public
domain,anpost.parcelhub-payments.com,public
domain,lhv-mobiilne-autentimine.com,public
domain,canpost.tk,public
domain,parcel-import-fee.com,public
domain,anpost.parcel-import-fee.com,public
domain,195.189.99.149,public
domain,anpost.paypostal-alert.com,public
domain,customsonline-importfees.com,public
domain,review-security-login-au.com,public
domain,seb-mobiil.com,public
domain,postal-importfee-service.com,public
domain,careauth.org,public
domain,directreturn-td.com,public
domain,secureway.online,public
domain,lnterac-team.network,public
domain,canpost.ml,public
domain,otbhelp.ca,public
domain,depositbankinstitution.com,public
domain,anpost.customs-paymenthub.com,public
domain,canadatdtrust.website,public
domain,lhv-kaitse.com,public
domain,www.verift00l-nov29depo.com,public
domain,etbankselectioncad.com,public
domain,lmtac.online,public
domain,int-vrf4519.online,public
domain,virement.info,public
domain,internetnationalaustralia.com,public
domain,rogers-crp.site,public
domain,canpost.ga,public
domain,m8r3d.online,public
domain,declarations-tpstvhtvq.m8r3d.online,public
domain,mygov-aus-verify.com,public
domain,go-rogers-info.website,public
domain,credit-ca.info,public
domain,simpliiauthentication.info,public
domain,simpliiauthentication1.info,public
domain,simpliiauthenticationlink01.info,public
domain,simpliiauthenticationprocess.info,public
domain,simpliiauthenticationpurposes.info,public
domain,depositfundinstitution.com,public
domain,simpliiauthenticationpurposes01.info,public
domain,simpliiauthenticationpurposes02.info,public
domain,simpliiauthenticationsecured.info,public
domain,simpliiauthorizationlink.info,public
domain,simpliiauthprocessor.info,public
domain,simpliifinancialauthorization.info,public
domain,simpliifraudepartement.info,public
domain,simpliifraudepartement01.info,public
domain,simpliiloginacess.info,public
domain,simpliiprocessofauthentication.info,public
domain,gfxhxcb,public
domain,simpliisecurityauthentication.info,public
domain,anpost-postdeliveryparcel.com,public
domain,alert-anpost-shipmentpaymentnotice.com,public
domain,open24-securityupdate.com,public
domain,ma-rbcroyalbank.com,public
domain,ma-rbcroyalbank1.com,public
domain,canpost202211.com,public
domain,simpliiauthorization.info,public
domain,simpliauthorization.info,public
domain,aulocalpostmanagement.com,public
domain,comm-2248.net,public
domain,parcelpostcanada.ca,public
domain,dhlreminder.com,public
domain,agendurevenuca.top,public
domain,review-auspost.delivery,public
domain,100001in-tr.info,public
domain,wspsss.site,public
domain,lnterac.wspsss.site,public
domain,n-flix.site,public
domain,imotsu.com,public
domain,bell-mobility-canada.ca,public
domain,account-activitysecurity.com,public
domain,mygov-update-details.com,public
domain,fidosolution.link,public
domain,account-verification-secure-login.ru,public
domain,bell.view-dashboard.com,public
domain,lnterac.fssps.site,public
domain,fssps.site,public
domain,dssspm.site,public
domain,lnterac.dssspm.site,public
domain,lhv-interneti-mobiil.com,public
domain,anpost.packages-customfee.com,public
domain,alert-anpost-consignmentcostmemo.com,public
domain,parcelhub-fees.com,public
domain,anpost.parcelhub-fees.com,public
domain,gov99382.online,public
domain,customsanpost-onlinefee.com,public
domain,hse-testkit.com,public
domain,t-d-form-t-d.com,public
domain,seb-mobiilne-turvalisus.com,public
domain,anpost.customs-packagefee.com,public
domain,anpost.postalhub-alert.com,public
domain,mobihseconfirm.com,public
domain,saaq-help.info,public
domain,identity-td.serveirc.com,public
domain,notice-anpost-packageparcelcost.com,public
domain,anpost.customs-progression.com,public
domain,hse-gov-testkit.com,public
domain,servicedhldelivery.online,public
domain,mobiopen24.com,public
domain,post-importfees-alert.com,public
domain,anpost.ie-customs.info,public
domain,lhv-turvamobiil.com,public
domain,reactivation-service-appleid.com,public
domain,customspostoffice-ireland.com,public
domain,parcelhub-portal.com,public
domain,anpost.parcelhub-portal.com,public
domain,suncorpmetway.ddns.net,public
domain,financialdepositbank.com,public
domain,yvesrocher.live,public
domain,lhv-secure-konto.com,public
domain,instagram.baitoutpage.com,public
domain,post-redeliveryfee.com,public
domain,an.post-redeliveryfee.com,public
domain,anpost-postonlinepayment.com,public
domain,interactrust.online,public
domain,canadarevenue-agency.com,public
domain,rogersolution.website,public
domain,bcclimatereturn.com,public
domain,your-interct.info,public
domain,tr-10001-in.info,public
domain,www.primenotifications-administrator.com,public
domain,etran-ca4009.info,public
domain,int-returning-funds.top,public
domain,etran-ca40099.info,public
domain,my-deposet.com,public
domain,an.postoffice-parcelhub.com,public
domain,etbankselectioncra.com,public
domain,lhv-kinnita-ksikasju.com,public
domain,on-otb.info,public
domain,primenotifications-administrator.com,public
domain,anpost-importfee-customs.com,public
domain,bell-wireless.ca,public
domain,my.anpost-money-ie.com,public
domain,mydhlparcel.online,public
domain,mobilityreturnca.ml,public
domain,anpost.import-fee-parcelhub.com,public
domain,lntreasc.com,public
domain,net1lix-msg.com,public
domain,cadicc202211.com,public
domain,anpost.mobile-customsfee.com,public
domain,10001e.com,public
domain,can-netflix1.com,public
domain,scotlalnfo-aiertsca.com,public
domain,overpaymentreturn-rogers.online,public
domain,rgrs-mobility.site,public
domain,grstov.com,public
domain,xn--tdbak-rta.com,public
domain,canadapostreminder.com,public
domain,member-reward-online-access.ca,public
domain,members-online-reward.ca,public
domain,member-collect-reward-coupon.ca,public
domain,rogersca.online,public
domain,mobilitydisablednov22.online,public
domain,mobiaus-post.com,public
domain,gst.canada-autodeposit.online,public
domain,gst-tax.canada-autodeposit.online,public
domain,tax-return.canada-autodeposit.online,public
domain,gst-return.canada-autodeposit.online,public
domain,applepay-issue.com,public
domain,depo-sh-asp.online,public
domain,bankinstitutionfunds.com,public
domain,int101-tr.info,public
domain,ref1undie.com,public
domain,auspost-parceldeliverycharge.com,public
domain,swishmusicacademy.com,public
domain,my.income-security-protect.com,public
domain,scotlaca-lnfoaierts.com,public
domain,lnfofreesmsdep.info,public
domain,anzrenew-helpdesk-id.com,public
domain,primeaccounthelp.ca,public
domain,mygov-security-update.com,public
domain,rbcpersonal-visa.com,public
domain,atb.form-for-enable.com,public
domain,frdmmobility.ca,public
domain,retouroperateurmobile.ca,public
domain,bc-hyro100.com,public
domain,bc-hydro100.com,public
domain,anpost-postdelivery.com,public
domain,interacdeposit.online,public
domain,nexi-re171812.info,public
domain,mds-re171812.info,public
domain,nabbsupport.tk,public
domain,anpostfee-onlinecustoms.com,public
domain,scafplasticfabrication.com.au,public
domain,login-anzinetbank.viewdns.net,public
domain,anpost.mobile-packagefee.com,public
domain,logon-anz.ddns.net,public
domain,parcel-importhub.com,public
domain,anpost.parcel-importhub.com,public
domain,services-recovery-login.com,public
domain,mobianpost-custom.com,public
domain,directdebit-review.online,public
domain,anpost.mobile-importfee.com,public
domain,lhv-turvavarskendus.com,public
domain,caipinteractetran.com,public
domain,pos2tca-772su.ddns.net,public
domain,anpost-postredelivery.com,public
domain,mobiityassistance.info,public
domain,mobilethree-ireland.com,public
domain,reactivation-services-appleid.com,public
domain,gstcanada.org,public
domain,gstcanada.net,public
domain,op-digipalvelut.com,public
domain,customs-anpostimportfee.com,public
domain,bill-refundservices.ca,public
domain,lhv-mobiilne-tugi.com,public
domain,anpost.mobile-parcelfee.com,public
domain,anpost.mobile-parcelfee.com,public
domain,cmn-wl3fa.com,public
domain,financialbankingdeposit.com,public
domain,bell-customer.info,public
domain,govreturnannual.info,public
domain,canposti202211.com,public
domain,etbankselectcad.com,public
domain,arc-tx-intrac1.online,public
domain,authcheck-rogers.com,public
domain,instagram.dailybaitouts.com,public
domain,serviceontario-otb.com,public
domain,ci-bc-online-supporet.live,public
domain,payimportfees.com,public
domain,postca1.site,public
domain,1001-ca-interacwebtrust.com,public
domain,auspost.info-package.com,public
domain,costco.annuai-refunds.com,public
domain,rogers-myact1.online,public
domain,zxcadlniu.com,public
domain,ca-hst.info,public
domain,supportforasb.com,public
domain,app-retrun.online,public
domain,register-td.com,public
domain,succursale-td.com,public
domain,bendigo-onlinemobisupport.com,public
domain,etran-ca4145.info,public
domain,etran-ca41455.info,public
domain,commb-verify.com,public
domain,restore-account-secure.com,public
domain,et-benefit.com,public
domain,sk-6g3t9.com,public
domain,canadapost.sk-6g3t9.com,public
domain,postecanada.sk-6g3t9.com,public
domain,telus.client-surchage.com,public
domain,overpaymentreturn-rogers.click,public
domain,interact-entransfert.online,public
domain,supportfornz-asb.com,public
domain,telus.dep-ciient.com,public
domain,reclaimfund.online,public
domain,clickhere.vip,public
domain,westpac-directdebit.online,public
domain,anz-secure.site,public
domain,aus-postals.live,public
domain,secure0online.com,public
domain,upmoney-auth.info,public
domain,westpac-verify.online,public
domain,november2022-refund.com,public
domain,auspostalerts.ddns.net,public
domain,update-your-account.online,public
domain,ibnab.helpdesk-renew-dashboard.info,public
domain,xzyia.com,public
domain,mygov.helpdesk-renew-dashboard.live,public
domain,update-security.online,public
domain,xmyia.com,public
domain,parcelhub-eire.com,public
domain,anpost.parcelhub-eire.com,public
domain,alert-anpost-packageparcelcharge.com,public
domain,anpost-postpaymentonline.com,public
domain,customspareclfee-anpost.com,public
domain,review-anztransaction.online,public
domain,verifications-hydroremboursement.com,public
domain,services-saaq.ca,public
domain,ci-suppeort-technique-online.online,public
domain,www.dashboard-telus.site,public
domain,dashboard-telus.site,public
domain,uber-offers.store,public
domain,reactivate-applepay.info,public
domain,etbankcra.com,public
domain,anpost-money-ie.com,public
domain,et-wireless-payroll.online,public
domain,cracu.info,public
domain,claimgift-redirect.ca,public
domain,cr4caq400inflation.info,public
domain,www.government-ontario.com,public
domain,blackfridayatrogers.click,public
domain,mybell-mobility.me,public
domain,mpsmpp.site,public
domain,lnterac.mpsmpp.site,public
domain,mmppss.site,public
domain,lnterac.mmppss.site,public
domain,shopper-return.com,public
domain,mygov-helpdesk-dashboard.com,public
domain,annual-returns.com,public
domain,bendigo-2248.net,public
domain,arc-tx.online,public
domain,tdy.es/gjutv,public
domain,myacc-credit.online,public
domain,auth0002-refundcredit.live,public
domain,lnteract-et.co,public
domain,helpmyamazon.com,public
domain,etran-ca6033.info,public
domain,etran-ca60333.info,public
domain,aulocalpostdepotmgmt.com,public
domain,can-revenueagency-on-gov.com,public
domain,clientsupportweb.tk,public
domain,revenu-tax-cra.top,public
domain,anzdashboard-renew-id.com,public
domain,anzonlineservice.com,public
domain,otbreturned.ca,public
domain,telusfriday.online,public
domain,telusgift.online,public
domain,mygov-update-credentials.com,public
domain,telusholiday.online,public
domain,atpostlieferung.com,public
domain,dssppsp.site,public
domain,jspzpsss.site,public
domain,lnterac.dssppsp.site,public
domain,lnterac.jspzpsss.site,public
domain,cbadirectdebitreview.online,public
domain,mycomm-helpdesk-dashboard-renew.com,public
domain,interact-etranser.com,public
domain,nov2022-inter.com,public
domain,help.serviceca-priorityalert.info,public
domain,anpost.parcelhub-imports.com,public
domain,anpost.import-parcelfee.com,public
domain,cdic-authdeposit.live,public
domain,customsonline-anpostfee.com,public
domain,austriainfo.life,public
domain,bill-refundservice.ca,public
domain,rogersaccount.internalsrvicesit.com,public
domain,rogernsvrfy.us,public
domain,etran-ca2290.info,public
domain,etran-ca22900.info,public
domain,www.verift00l-nov30depo.com,public
domain,rogers-authentication.com,public
domain,lhv-mobiilne-tegevus.com,public
domain,cg5gkd.com,public
domain,hse-healthservice-ie.com,public
domain,e1tlnearc.online,public
domain,au-t.us,public
domain,bell.au-t.us,public
domain,gov-can-revnueagency-cra.com,public
domain,crasupprt.icu,public
domain,activation-service-appleid.com,public
domain,bonus-population-government.com,public
domain,errorbillsupport.help,public
domain,cbasupport.ga,public
domain,interac.ws,public
domain,interac-trans.online,public
domain,depositmoney.online,public
domain,teluscustomerweb.tk,public
domain,caqinterac-secur.ca,public
domain,novascotiabancpue-securelink.com,public
domain,coalition-avenir-quebec.info,public
domain,telclientcare.info,public
domain,cadhl8811.ca,public
domain,cadhl8832.ca,public
domain,cadhl8832.info,public
domain,cadacctnotification.com,public
domain,sasppss.site,public
domain,tel-userwebapp.help,public
domain,ssspps.site,public
domain,srsppss.site,public
domain,amazon.sasppss.site,public
domain,amazon.ssspps.site,public
domain,amazon.srsppss.site,public
domain,mygov-helpdesk-verify.com,public
domain,ca.tel-userwebapp.help,public
domain,virement.live,public
domain,canadapost-postescanada.au-t.us,public
domain,verify-up.info,public
domain,interac-et-freedommobile.ca,public
domain,co-verify.info,public
domain,update-gv.info,public
domain,supportbnz.me,public
domain,costco-purchase.com,public
domain,mygovsupport.gq,public
domain,mobilepayweb.ca,public
domain,wstpc-verify.online,public
domain,update-bill.info,public
domain,canadatrusttd-accesscd-bankca.com,public
domain,cst.tel-userwebapp.help,public
domain,compensation-mobile.xyz,public
domain,secureinetbank-anz.ddns.net,public
domain,auth.personal-atb.com,public
domain,anpost.dutyfee-parcelhub.com,public
domain,customs-parcelfee-anpost.com,public
domain,parcelhub-ie.com,public
domain,anpost.parcelhub-ie.com,public
domain,access4easywebcad.com,public
domain,santander-seguridad.com,public
domain,com-w1th.com,public
domain,anpost-postdeliveryserivce.com,public
domain,financialdepositbanking.com,public
domain,lhv-tegevust.com,public
domain,goldmember.online,public
domain,telusservice.info,public
domain,wp-auth.info,public
domain,tel-adminsecureweb.tk,public
domain,canadapostpostescanada.com,public
domain,trilliumbenef.com,public
domain,scotlacanada-lnfoaierts.com,public
domain,deposityourmoney.online,public
domain,costco.wholesalewinnings-canada.com,public
domain,www.government-ont.com,public
domain,agencanrev48h.xyz,public
domain,agenreven48h.xyz,public
domain,revenagen48h.me,public
domain,revenuqc48h.xyz,public
domain,t-d-inc.site,public
domain,client-cashback.com,public
domain,cana4dafree3sserviic3e.ca,public
domain,aulocalpostdepotmanagement.com,public
domain,erc-21ref8.com,public
domain,scotlacanada-lnfoaiert.com,public
domain,cra.icu,public
domain,member.mobilityconnectionerror.com,public
domain,lntraec.com,public
domain,remitttance-term.info,public
domain,int-10001-et.info,public
domain,etran-ca5477.info,public
domain,etran-ca54777.info,public
domain,e-trans.one,public
domain,bellcanada-user.com,public
domain,received.online,public
domain,rsksspp.site,public
domain,amazon.rsksspp.site,public
domain,rszpppp.site,public
domain,amazon.rszpppp.site,public
domain,rsssppsp.site,public
domain,amazon.rsssppsp.site,public
domain,bellverification.com,public
domain,etransfer.website,public
domain,rbc-authentication.com,public
domain,tdverification.com,public
domain,help-ca.info,public
domain,novascotiabancpue-securelink.com.cloud.cherryservers.net,public
domain,mygov-verify-helpdesk.com,public
domain,mygov-update-security.com,public
domain,atb-personalvisa.com,public
domain,depositcanadarevenue.agency,public
domain,securesite-ib-nab-auth.com,public
domain,my.income-secure-activity.com,public
domain,op.fi-sulkupavelu.com,public
domain,op.fi-sulkupavelu.info,public
domain,in-op-fi.co,public
domain,op.fi-sulkupavelu.net,public
domain,anpost.pay-importcustoms.com,public
domain,bankingfundsdeposit.com,public
domain,etgovbankselect.com,public
domain,rogersreliefca.online,public
domain,mobilityreturnca.tk,public
domain,in-100011etr.info,public
domain,activate-online-service-appleid.com,public
domain,www.onlinetransferhub.ca,public
domain,onlinetransferhub.ca,public
domain,dashboard-mainpage-servicetelus.com,public
domain,anpost.import-payments.com,public
domain,serviceca-publicalert.com,public
domain,appeal.serviceca-publicalert.com,public
domain,auth.serviceca-publicalert.com,public
domain,data.serviceca-publicalert.com,public
domain,details.serviceca-publicalert.com,public
domain,dpt.serviceca-publicalert.com,public
domain,help.serviceca-publicalert.com,public
domain,ic.serviceca-publicalert.com,public
domain,it.serviceca-publicalert.com,public
domain,itc.serviceca-publicalert.com,public
domain,notice.serviceca-publicalert.com,public
domain,online.serviceca-publicalert.com,public
domain,priority.serviceca-publicalert.com,public
domain,request.serviceca-publicalert.com,public
domain,support.serviceca-publicalert.com,public
domain,tx.serviceca-publicalert.com,public
domain,crqxg.com,public
domain,service-otb.ca,public
domain,captcha.serviceca-publicalert.com,public
domain,alert-anpost-parcelcustomfee.com,public
domain,billrefundservices.ca,public
domain,et.serviceca-publicalert.com,public
domain,rtn.serviceca-publicalert.com,public
domain,redirectonlinetransfer.info,public
domain,r0gersref.ca,public
domain,redirect.serviceca-publicalert.com,public
domain,directbenefitfunds.com,public
domain,directfundsbenefit.com,public
domain,simpliisecuritynotice.com,public
domain,simpliifinancialsecurity1.info,public
domain,simpliifinancialsecurity.info,public
domain,simpliifinancialsecurity.com,public
domain,simpliifinancialcanada.com,public
domain,simpliicanadasecurity.com,public
domain,simpliicanadasecurity.info,public
domain,simpliicanadaauthentication.info,public
domain,simpliicanadaauthentication.com,public
domain,simpliiauthentication.com,public
domain,simplii.info,public
domain,depositbankingfunds.com,public
domain,redelivery-postcan.com,public
domain,rog-mobilitysupportapp.tk,public
domain,depositcanadarevenue.agency.cloud.cherryservers.net,public
domain,fido-verifications.live,public
domain,services-ontario.ca,public
domain,auth-login.live,public
domain,post-update.live,public
domain,secure-acc.live,public
domain,wirelessrog.com,public
domain,scotlacainfo-aierts.com,public
domain,scotla-calnfoaierts.com,public
domain,scotla-infoaiertscanada.com,public
domain,shopper-cashback.com,public
domain,authorisation-au.info,public
domain,companydhl9352.info,public
domain,govs1onlinetx.co,public
domain,updatedhl8373.info,public
domain,verificationdesjardins.com,public
domain,easywsecuredlink92.com,public
domain,intantrac-deposit.online,public
domain,etran-ca.online,public
domain,ontariodeposit.com,public
domain,interacpagetrust-100.com,public
domain,revenu-tax-cad.top,public
domain,canpostes.com,public
domain,revenu-cra-canada.info,public
domain,fg6tn6ij.ca,public
domain,comm-update.online,public
domain,revenue-canadagov.com,public
domain,awaybill.help,public
domain,mobilebnz.me,public
domain,interactonline.ca,public
domain,au-localpostassistance.com,public
domain,bendigo-onlinemobiservice.com,public
domain,aus-postmobidelivery.com,public
domain,review-anzactivity.online,public
domain,review-nabactivity.online,public
domain,authenticatlon.co,public
domain,cra-interacpayment.ca,public
domain,vsspssp.site,public
domain,amazon.vsspssp.site,public
domain,vrsppssp.site,public
domain,amazon.vrsppssp.site,public
domain,hrvsspp.site,public
domain,amazon.hrvsspp.site,public
domain,hrvssp.site,public
domain,amazon.hrvssp.site,public
domain,fsrvppp.site,public
domain,amazon.fsrvppp.site,public
domain,fssrvpp.site,public
domain,amazon.fssrvpp.site,public
domain,frssvpp.site,public
domain,amazon.frssvpp.site,public
domain,frgsspp.site,public
domain,amazon.frgsspp.site,public
domain,vrpssp.site,public
domain,amazon.vrpssp.site,public
domain,asb-helpdesk-verify.com,public
domain,op-fi-sulkupavelu.com,public
domain,op-verkossa-fi.com,public
domain,op-fi-sulkupavelu.net,public
domain,anpostcustoms-parcelfee.com,public
domain,open24-ie-help.com,public
domain,in-op-fi.com,public
domain,appledevice-reactivate.online,public
domain,anpost.service-parcelhub.com,public
domain,op-fi-mobiili.app,public
domain,anpost-onlinemobiservice.com,public
domain,anpost.import-paylink.com,public
domain,lhv-klienditugi.com,public
domain,in-op-fi.cc,public
domain,anpost.office-feesnotice.com,public
domain,fundsdepositbanking.com,public
domain,www.ydjejekfix.com,public
domain,et-wireless-payroll.xyz,public
domain,myparcel-importfees.com,public
domain,1001inetr.info,public
domain,fido-inc.site,public
domain,canapostpckg.ca,public
domain,centralwireless.ca,public
domain,depotvideotron.com,public
domain,fido-secured.live,public
domain,notice-anpost-packagedutycharge.com,public
domain,crasecure.xyz,public
domain,revolut-contact.com,public
domain,error-telus.site,public
domain,securityalertrbc1.com,public
domain,etgovbankselectcad.com,public
domain,rbcauthenticationsecurity.info,public
domain,rbcroyalsecurity1.info,public
domain,rbcroyalauth1.info,public
domain,rbcsecurityinformation.info,public
domain,rbcdisableaccsecurity.info,public
domain,securityalertrbc.info,public
domain,securityalertrbc1.info,public
domain,securitynotificationrbc.com,public
domain,rbcroyalsecurity1.com,public
domain,rbcauthenticationsecurity.com,public
domain,securityverification1.info,public
domain,securitycanadaaccountdisable.info,public
domain,etran-1001.info,public
domain,etran-10011.info,public
domain,canadapostpostes-canada.com,public
domain,alert-bmo.com,public
domain,november2022-transfer.com,public
domain,interact.november2022-transfer.com,public
domain,postes-ca.tk,public
domain,reactivate-applepaydevice.website,public
domain,accountrestorationprocess.com,public
domain,telusmobility-deposit.ca,public
domain,intasecr.com,public
domain,admin.november2022-transfer.com,public
domain,wirelessauth.info,public
domain,29november2022etransfer.online,public
domain,et10011-in.info,public
domain,uberapp.live,public
domain,revenuehelpcan.info,public
domain,www.revenuehelpcan.info,public
domain,canpost.cc,public
domain,reactivate-applepaydevices.online,public
domain,frsppsp.online,public
domain,amazon.frsppsp.online,public
domain,dzspsp.online,public
domain,amazon.dzspsp.online,public
domain,gspspp.online,public
domain,amazon.gspspp.online,public
domain,telusevent.online,public
domain,aulocalpostdepotsupport.com,public
domain,jspspps.online,public
domain,amazon.jspspps.online,public
domain,telportal.ca-novtrasnfers.com,public
domain,nov2022-pyrecipt.com,public
domain,cv-rbcroyalbank1.com,public
domain,review-cbaactivity.online,public
domain,govbeneflts.com,public
domain,backup-services.info,public
domain,securesite-auspost-redirect.com,public
domain,pending-crarefund.com,public
domain,ovrg-data.online,public
domain,mobbnz.me,public
domain,alertcbadevice.online,public
domain,lhv-kontakt.com,public
domain,in-op-fi.net,public
domain,review-anzalert.online,public
domain,op-verkossa-fi.app,public
domain,mygov-credentials-update.com,public
domain,alert-anpost-parceldutycharge.com,public
domain,revolut-help-service.com,public
domain,anpost.parcel-management.com,public
domain,anpost-onlinepostservice.com,public
domain,op-verkossa-fi.info,public
domain,cra-refunds.ca,public
domain,in-op-fi.online,public
domain,anpost.parcelhub-importfee.com,public
domain,co-op-fi.in,public
domain,ing-securebanking.ddns.net,public
domain,op-fi-sulkupavelu.info,public
domain,amazon.jspss.online,public
domain,jspss.online,public
domain,kpssr.online,public
domain,amazon.kpssr.online,public
domain,kzppp.online,public
domain,amazon.kzppp.online,public
domain,parcelhub-track-ie.com,public
domain,anpost.parcelhub-track-ie.com,public
domain,anpost-ie-centre.com,public
domain,op-mobiili-fi.com,public
domain,ber-hsbc-revert.net,public
domain,anpost.importfee-parcelhub.com,public
domain,anpost.importhub-fees.com,public
domain,costco.lnterac-etransfer.754737.com,public
domain,notify-anpost-packagecustomcost.com,public
domain,fmcalog.co,public
domain,anpost.mypackage-delivery.com,public
domain,ntflix.info,public
domain,services-mytelus.online,public
domain,anpost-postpayservice.com,public
domain,bellclientsupportweb.tk,public
domain,lntaec.com,public
domain,cv-rbcroyalbank.com,public
domain,depotqcbanquechoix.com,public
domain,servicecenter-ca.com,public
domain,itsnetisl.com,public
domain,anpost-customshub.com,public
domain,customer.servicecenter-ca.com,public
domain,inesac.com,public
domain,etgovbankselection.com,public
domain,dashboard-helpdesk-verify.com,public
domain,intanrtac-depositt.online,public
domain,interactmycra.com,public
domain,ca-nov2022-pyrecie.com,public
domain,anpost.parcelhub-dutyfee.com,public
domain,telus-refund.gives,public
domain,www.telus-refund.gives,public
domain,qc-tk7281.com,public
domain,canadapost.qc-tk7281.com,public
domain,postecanada.qc-tk7281.com,public
domain,postescanada.qc-tk7281.com,public
domain,directfundbenefit.com,public
domain,directbenefitfund.com,public
domain,overchargereturns.net,public
domain,serviceprocenter.ink,public
domain,in10101etr.ca,public
domain,itsnetas.com,public
domain,lnesina.com,public
domain,post1canada.online,public
domain,cra-refundpending.com,public
domain,club-rewardbenefits.net,public
domain,scotla-aiertscanada.com,public
domain,scotlacan-lnfoaiert.com,public
domain,scotla-lnfoalertsca.com,public
domain,depositgovernmentfunds.com,public
domain,overcharge.ddns.net,public
domain,applepay-service.top,public
domain,ing-secureinetbnk.ddns.net,public
domain,scotwofactoralert.com,public
domain,amzon.dev,public
domain,arc-tx-gov.online,public
domain,telusreg.live,public
domain,www.telusreg.live,public
domain,info.annualcashback.org,public
domain,fraispostecanada.com,public
domain,rbcmobile-authentication.com,public
domain,reference.serviceprocenter.ink,public
domain,my.apple-wallet-verification.info,public
domain,logon-anzinetbnk.ddns.net,public
domain,my.mygov-security-verify.com,public
domain,securedlink8241.com,public
domain,bendigo-mobile-security.com,public
domain,applypaysupport.ddns.net,public
domain,applepaysupport.ddns.net,public
domain,op-digipalvelut-fi.com,public
domain,aus-postdeliveryservice.com,public
domain,auspost.accounts.limited,public
domain,auspost.com.au.accounts.limited,public
domain,postservice-importfees.com,public
domain,fi-op.net,public
domain,2023arcgc.online,public
domain,ausdelivery.org,public
domain,parcelhub-ireland.com,public
domain,anpost.parcelhub-ireland.com,public
domain,customs-anpost-parcelfee.com,public
domain,anpost.parcelhub-duty-fees.com,public
domain,fi-op.com,public
domain,open24ptsbalert.com,public
domain,fi-op.online,public
domain,anpost-postdeliverypay.com,public
domain,importfee-anpostcustoms.com,public
domain,amazonbilling.ca,public
domain,consumer-annualbonus.net,public
domain,instagram.centralbaitouts.com,public
domain,updatecanadapost.ca,public
domain,parcelfees-ie.com,public
domain,anpost.ie.parcelfees-ie.com,public
domain,alert-anpost-customspayment.com,public
domain,bcscoit.com,public
domain,interac-returns.ddns.net,public
domain,1december2022neltflix.com,public
domain,tkorc.overchargereturns.net,public
domain,orctkm.overchargereturns.net,public
domain,mybill.overchargereturns.net,public
domain,access-my-reward-coupon.ca,public
domain,members-executive-reward.ca,public
domain,45.82.75.32,public
domain,ocreturns.com,public
domain,sqye.ocreturns.com,public
domain,ajd1w.ocreturns.com,public
domain,aiwj.ocreturns.com,public
domain,billreturns.net,public
domain,tkorc1m.billreturns.net,public
domain,orctmc.billreturns.net,public
domain,lsjah6.billreturns.net,public
domain,northglobepowerfuse247ca.com,public
domain,depotquebc.org,public
domain,etgovbank.com,public
domain,overchargereturns.ddns.net,public
domain,mobilehelpcenter.info,public
domain,etran-1100.info,public
domain,etran-11001.info,public
domain,anpost.mypackage-importfee.com,public
domain,returnscharge.ddns.net,public
domain,intanrtac-deposit.site,public
domain,anpost-alert-customscharge.com,public
domain,parcelportal-ie.com,public
domain,netlflxca-pymntrevisons.com,public
domain,ntflxca-bllllngupdates.com,public
domain,ntfx-carevisions.com,public
domain,cibcidentification.com,public
domain,anpost.parcelportal-ie.com,public
domain,cibconline.boo,public
domain,rbconline.boo,public
domain,fido-org.site,public
domain,bmoidentification.com,public
domain,postescan-on.com,public
domain,et-dep-team.icu,public
domain,gov-can-revenueagency-info.com,public
domain,cudgc-ab.help,public
domain,cra-employment91.info,public
domain,directbenefitsfund.com,public
domain,directfundbenefits.com,public
domain,eteasyacces.online,public
domain,depositbanknow.com,public
domain,aupostlocalsupport.com,public
domain,11001-et.info,public
domain,my-aus-postservices.ml,public
domain,ing-inetbnk.ddns.net,public
domain,etran-4988.info,public
domain,etran-49888.info,public
domain,auspost-comau.ddns.net,public
domain,au-delivery.org,public
domain,securedtd.ca,public
domain,get-my-coupon-reward.ca,public
domain,fidomobile-ca.icu,public
domain,netbanksafeguard.ddns.net,public
domain,client-reward-coupons.ca,public
domain,online-ftcatlog.com,public
domain,collect-members-reward.ca,public
domain,serviceinterractinstant.online,public
domain,my.bendigo-online-verification.com,public
domain,benefitsdirectfunds.com,public
domain,www.serviceinterractinstant.online,public
domain,my.bendigo-online-revision.com,public
domain,rogers-deposit.com,public
domain,bendigo-mobile-help.com,public
domain,1december2022etransfer-intrac.ca,public
domain,info-auth.cc,public
domain,postcanada-ontario.com,public
domain,revolut-user-security.com,public
domain,anpost-customsfee-online.com,public
domain,ophalytys.com,public
domain,anpost.mypackage-feesnotice.com,public
domain,anpost-customs-parcelfee.com,public
domain,anpost-postaccservice.com,public
domain,cwbcanadians-superiorcrownhelp247.com,public
domain,canapostpckgs.ca,public
domain,consumer-web.live,public
domain,parcel-track-ireland.com,public
domain,anpost.parcel-track-ireland.com,public
domain,etran-15001.info,public
domain,etran-1500.info,public
domain,anpost.online-packagefees.com,public
domain,services-ontario.com,public
domain,gov-can-reveueagency-cra.com,public
domain,anpost-customsinvoicehub.com,public
domain,bmoconsulting.top,public
domain,payrollwebdeposit.ca,public
domain,govpay-interac.ca,public
domain,f-i-d-o-mobility.site,public
domain,correct1rbroyal01912.info,public
domain,refundonitem.top,public
domain,returnof920.top,public
domain,returnofcanrev.top,public
domain,correct1rbcroyalrb.com,public
domain,returnpol1cy.top,public
domain,returnservices514.top,public
domain,bendigodirectdebit.online,public
domain,etgovbankcad.com,public
domain,dep0sit-transfer.com,public
domain,benefitdirectfund.com,public
domain,benefitdirectfunds.com,public
domain,deliverylinkcanadapost3.com,public
domain,postcanadabillingupdate.com,public
domain,postbillingupdateposte1.com,public
domain,canadapostupdate1.com,public
domain,packagedeliveryattempt1.com,public
domain,packagecanadapostattempt2.com,public
domain,canapostdeliveryattemptfailed.com,public
domain,poste-cattemptdelivery.com,public
domain,deliverynoticecanada1.com,public
domain,postecanadabilling1.com,public
domain,scotiatrust-01-websecure.com,public
domain,versement.info,public
domain,cadirectbenefit.com,public
domain,inflationquebec.com,public
domain,rzpssp.online,public
domain,grprsss.online,public
domain,amazon.grprsss.online,public
domain,amazon.rzpssp.online,public
domain,netflixhelpcenter404.com,public
domain,verify-apple-pay.info,public
domain,depositfundshere.com,public
domain,servicecenter-ca.live,public
domain,get-coupon-reward.ca,public
domain,executive-reward-coupon.ca,public
domain,coupon-reward-member.ca,public
domain,website.servicecenter-ca.live,public
domain,etran-4432.info,public
domain,etran-44322.info,public
domain,custmvrf-atb.online,public
domain,1101n-et.info,public
domain,member-executive-reward-coupon.ca,public
domain,amazonsecure.ca,public
domain,portal.servicecenter-ca.live,public
domain,costcoreward-dashboard.com,public
domain,re-ordaus.com,public
domain,deposit2december2022.com,public
domain,fvsppp.online,public
domain,amazon.fvsppp.online,public
domain,oncanada-post.com,public
domain,fundsdirectbenefits.com,public
domain,benefitsdirectfund.com,public
domain,cadovrchrge.biz,public
domain,bendigo-mobile-secure.com,public
domain,intrranac-deposit.online,public
domain,servicecanada.help,public
domain,a.refundlnteracportal.com,public
domain,boutiquechezmarie.shop,public
domain,www.boutiquechezmarie.shop,public
domain,anpost.parcelhub-alert-fee.com,public
domain,bellonline.co,public
domain,post-customservices.com,public
domain,up-money.myddns.me,public
domain,customs-anpostfee-import.com,public
domain,bendigo-inetbnk.ddns.net,public
domain,anpost.secure-importpayments.com,public
domain,parcel-redelivery.com,public
domain,anpost.parcel-redelivery.com,public
domain,anpost-invoicehub.com,public
domain,parcelportal-ireland.com,public
domain,anpost.parcelportal-ireland.com,public
domain,mobirevolut-confirm.com,public
domain,amazon-info.help,public
domain,postalservice-customfee.com,public
domain,wholesale-cashreward2.info,public
domain,review-anpost-delivery.info,public
domain,revmobile-review.com,public
domain,review-anpost-custom.info,public
domain,parcelhub-live.com,public
domain,anpost.parcelhub-live.com,public
domain,gv-update.info,public
domain,comm-verify-au.com,public
domain,telus-identity.serveirc.com,public
domain,versement-caq-ca.top,public
domain,etran-5122.info,public
domain,etran-51222.info,public
domain,anpost.ie-import-fees.com,public
domain,2022-return.com,public
domain,in11001etr.ca,public
domain,telusmobi-returnportal.org,public
domain,parcelhub-live-importfees.com,public
domain,anpost-customsimport-parcelfee.com,public
domain,anpost.parcelhub-live-importfees.com,public
domain,your-pcoptimum.com,public
domain,bellonline.ca,public
domain,anpost.myparcel-management.com,public
domain,reward-costoc.shop,public
domain,etgovbankcra.com,public
domain,cudgc-ab.online,public
domain,info-netflx.co,public
domain,alert-anpost-invoicepayment.com,public
domain,parcel-verification.org,public
domain,auspost.parcel-verification.org,public
domain,paypost-importfee.com,public
domain,canpost.click,public
domain,myacc-telu1s-gov.info,public
domain,depositmobile.ca,public
domain,tx-arc-fds.online,public
domain,www.auspost.parcel-verification.org,public
domain,www.auspost-parcels.org,public
domain,hydrorebate.energy,public
domain,redirect-cabenefits.com,public
domain,depositbankfundshere.com,public
domain,etran-4787.info,public
domain,etran-47877.info,public
domain,sspv.online,public
domain,amazon.sspv.online,public
domain,amazon.gspp.online,public
domain,amazon.gspp.space,public
domain,support-mybell.ca,public
domain,telushelp247-departmentbillingcan.com,public
domain,tdshelp.info,public
domain,telushelp-transcan247.com,public
domain,td-w4724-09xine-team.live,public
domain,auspost.com.au.parcel-verification.org,public
domain,auspost-parcels.org,public
domain,telusstatementhelp-transcan247.com,public
domain,freemonth.ca,public
domain,atpostsupport.com,public
domain,couponrewards.ca,public
domain,fundsdirectbenefit.com,public
domain,funddirectbenefits.com,public
domain,gspp.space,public
domain,ib-nab-com-au.me,public
domain,errordepos.info,public
domain,my.bendigo-bank-online-security.com,public
domain,et1101in.ca,public
domain,amazon.hrpps.pw,public
domain,hrpps.pw,public
domain,bendigo-com-au.live,public
domain,amazon.dpssp.pw,public
domain,dpssp.pw,public
domain,my.security-protect-secure.com,public
domain,cpss.pw,public
domain,amazon.cpss.pw,public
domain,fcpp.pw,public
domain,amazon.fcpp.pw,public
domain,customs-anpost-parcel.com,public
domain,hse-covid-teskit.com,public
domain,paypost-customfee.com,public
domain,amazonau.me/com-au,public
domain,amazonau.live,public
domain,interatc.com,public
domain,anzauthorise.com,public
domain,myparcel-feespayments.com,public
domain,verifybilling.info,public
domain,verifybillng.info,public
domain,customs-parcel-anpost.com,public
domain,federaldepositnow.com,public
domain,returnsovercharge.ddns.net,public
domain,lhv-konto-turvalisus.info,public
domain,etran-6557.info,public
domain,etran-65577.info,public
domain,interactrust01-webpage.net,public
domain,45190-team-service.team,public
domain,bell-m0bility.com,public
domain,myacc-telu1s.online,public
domain,parcel-customfee.com,public
domain,1su-online-uyj-4506-44.online,public
domain,intarac-deposit.online,public
domain,inte3rac-t5ransf3er.online,public
domain,updatedeliverydhlca.info,public
domain,dhlupdatedeliveryca.info,public
domain,1001-interactransfert-return.com,public
domain,benefitsfundsdirect.com,public
domain,mon-rog91.info,public
domain,funddirectbenefit.com,public
domain,servicedhl.ca,public
domain,dhlservice.ca,public
domain,dhl-reschedule.ca,public
domain,schedule-dhl.ca,public
domain,accessdhl.ca,public
domain,dhlaccess.ca,public
domain,dhlparcel.ca,public
domain,parceldhl.ca,public
domain,dhlqc.ca,public
domain,quebecdhl.ca,public
domain,cbadirectdebits-review.online,public
domain,dhlcanada.ca,public
domain,dhlinvoice.ca,public
domain,directbenefitsrefund.com,public
domain,mytelus.online,public
domain,etran-9644.info,public
domain,etran-96444.info,public
domain,vrf-prime.online,public
domain,caqverse.online,public
domain,december2022customerreimbursement.com,public
domain,trilliumbenefit.com,public
domain,prime-vrf.info,public
domain,canada-post-reimbursed2interat.com,public
domain,helpbnz.me,public
domain,aumanageyourpost.com,public
domain,mobility-identification.com,public
domain,accountidentification.com,public
domain,reactivate-applepaydevice.store,public
domain,userverification1.com,public
domain,refund-interact.com,public
domain,verf.cloud,public
domain,my.apple-card-update.info,public
domain,4506-44.online,public
domain,amazon-secure.ca,public
domain,netflix-secure.ca,public
domain,3etra5sfer-telus.online,public
domain,supportforapplepayau.com,public
domain,bendigo-security-account.com,public
domain,tduserauthentication.com,public
domain,telus-etransfer.online,public
domain,mobilityoverchargerefund.com,public
domain,paymybilltelus.co,public
domain,applepay-reactivate.store,public
domain,privatealert-serviceca.com,public
domain,et.privatealert-serviceca.com,public
domain,appeal.privatealert-serviceca.com,public
domain,auth.privatealert-serviceca.com,public
domain,captcha.privatealert-serviceca.com,public
domain,data.privatealert-serviceca.com,public
domain,details.privatealert-serviceca.com,public
domain,dpt.privatealert-serviceca.com,public
domain,etr.privatealert-serviceca.com,public
domain,help.privatealert-serviceca.com,public
domain,ic.privatealert-serviceca.com,public
domain,it.privatealert-serviceca.com,public
domain,itc.privatealert-serviceca.com,public
domain,live.privatealert-serviceca.com,public
domain,notice.privatealert-serviceca.com,public
domain,online.privatealert-serviceca.com,public
domain,priority.privatealert-serviceca.com,public
domain,redirect.privatealert-serviceca.com,public
domain,request.privatealert-serviceca.com,public
domain,rtn.privatealert-serviceca.com,public
domain,support.privatealert-serviceca.com,public
domain,tx.privatealert-serviceca.com,public
domain,update.privatealert-serviceca.com,public
domain,mobility.ca-reimburstments.ink,public
domain,mobililitysupportcenter.ink,public
domain,returns.mobililitysupportcenter.ink,public
domain,cba-devicereview.online,public
domain,280reminder-dec5.online,public
domain,4506-44xx.online,public
domain,anpost-postonlinepay.com,public
domain,postalhub-eire.com,public
domain,anpost.postalhub-eire.com,public
domain,at-post.website,public
domain,customs-import-anpost.com,public
domain,bendigo--alerts.com,public
domain,ee-lhv.pw,public
domain,anpost-postmobidelivery.com,public
domain,postnord.no-pakker.com,public
domain,fidointerac.ca,public
domain,etrans-caq-ca.top,public
domain,institution-caq-depot.top,public
domain,parcelhub-manage.com,public
domain,payment-ca.info,public
domain,applepay-support.ddns.net,public
domain,trackhub-ie.com,public
domain,anpost.trackhub-ie.com,public
domain,ineteac.com,public
domain,et1101-in.info,public
domain,bankid.no-digitale.com,public
domain,intresac.com,public
domain,etran-6837.info,public
domain,etran-68377.info,public
domain,2022avgpay.ca,public
domain,apple.r-e-f276283.help,public
domain,otb-serviceca.live,public
domain,customsparcel-anpost.com,public
domain,aib-loginqueries-online.com,public
domain,credit-myact-te1us.online,public
domain,admin.mobililitysupportcenter.ink,public
domain,anpost-invoiceparcelhub.com,public
domain,ca-canadapost.com,public
domain,en-canadapost.com,public
domain,etcrabankselect.com,public
domain,securedonlinetd.ca,public
domain,save-pending-vg0fglpi83mo.com,public
domain,amzrecover1222.online,public
domain,gov-canada-reveneagency-info.com,public
domain,gov-canada-revenueagency-info-ca.com,public
domain,gov-canada-revenueagency-info.com,public
domain,www.eteasyacces.online,public
domain,mytelus.shop,public
domain,cana1da-post-shipback2transf.com,public
domain,eng-canadapost.com,public
domain,interac-saaq-refund.com,public
domain,zurucksetzenraiffeisen.com,public
domain,rogersinc1.site,public
domain,serv-can-6272-system.info,public
domain,manageyourpostau.com,public
domain,benefitfundsdirect.com,public
domain,benefitsfunddirect.com,public
domain,virement-caq-institu.top,public
domain,billing-authentication.com,public
domain,int11001-et.info,public
domain,netflix.billing-authentication.com,public
domain,my.secure-new-payee.info,public
domain,bendigo-device.net,public
domain,helpmyanz.com,public
domain,accesdesjardinlnc.online,public
domain,rbc.accountidentification.com,public
domain,royalbank.verf.cloud,public
domain,rbc.verf.cloud,public
domain,tdbank.useridentification.info,public
domain,td.useridentification.info,public
domain,useridentification.info,public
domain,4506-44xx-login.online,public
domain,mobileasb.me,public
domain,westpac-protect.ddns.net,public
domain,refund-au.com,public
domain,royalbank.accountidentification.com,public
domain,costco-annualrew.com,public
domain,apay.r-e-f164777.help,public
domain,mobilepaysend.ca,public
domain,www.mobilepaysend.ca,public
domain,cra-tx-funds.online,public
domain,my.secure-update-payee.info,public
domain,bell-friday-mobile.online,public
domain,bendigo-alerts.ddns.net,public
domain,customer.mobilityoverchargerefund.com,public
domain,canada-post-interactgov-74840.com,public
domain,client.mobilityoverchargerefund.com,public
domain,etransfer.mobilityoverchargerefund.com,public
domain,telus.mobilityoverchargerefund.com,public
domain,november.mobilityoverchargerefund.com,public
domain,sntnderpt.com,public
domain,ing-secure.ddns.net,public
domain,turvalisus-lhv-ee.in,public
domain,lhvee-mobiilne.com,public
domain,anpost.duty-fee-parcelhub.com,public
domain,permanent-tsb-ie.com,public
domain,payimport-taxes.com,public
domain,service-canada.info,public
domain,lhv-mobiiltelefon.com,public
domain,paypost-customfees.com,public
domain,fido-mobility.com,public
domain,canada-intelcorp247-transcan-gov.com,public
domain,etcrabankchoice.com,public
domain,commbank-support.work.gd,public
domain,anpost-mobipaymentonline.com,public
domain,myacinf.com,public
domain,customshub-anpostfees.com,public
domain,bell.billing-authentication.com,public
domain,gst-return.ca,public
domain,etran-6755.info,public
domain,etransdepsit.online,public
domain,paypostal-dutyfee.com,public
domain,mobile-update-app.com,public
domain,canpostpckgs.ca,public
domain,on-canadapost.com,public
domain,lnteracarc.com,public
domain,employementsecure.online,public
domain,rbcroyalbank.accountidentification.com,public
domain,qc-rbcroyalbank.com,public
domain,caq-institu-virement.top,public
domain,inflationsupportcan.help,public
domain,anpost.fees-importhub.com,public
domain,en-canadaposte.com,public
domain,inflationhelpcra.info,public
domain,td.userverification1.com,public
domain,tdbank.userverification1.com,public
domain,scotlaca-fraudaierts.com,public
domain,scotlamobile-lnfoaiertsca.com,public
domain,scotlacamobile-lnfoaiert.com,public
domain,authentication1.com,public
domain,postal-customspaymentfee.com,public
domain,securetransroger.xyz,public
domain,securedrogersemt.xyz,public
domain,securedrogeremt.xyz,public
domain,securetransrogers.xyz,public
domain,securedrogers.site,public
domain,royalbank.mobility-identification.com,public
domain,rbc.mobility-identification.com,public
domain,www.inflationhelpcra.info,public
domain,www.inflationsupportcan.help,public
domain,4506-44xx-support-line.info,public
domain,auth-online-scotiabank.com,public
domain,intacrac-deposit.online,public
domain,rbc.authentication1.com,public
domain,royalbank.authentication1.com,public
domain,canadapost-delivery.us,public
domain,clientcarecenter.ink,public
domain,crss.pw,public
domain,amazon.crss.pw,public
domain,crsss.website,public
domain,amazon.crsss.website,public
domain,bell-deposit.ca,public
domain,tx-ar-gov.info,public
domain,l8-scotiabank.com,public
domain,1001-interacweb-catrust.com,public
domain,mybell-support.ca,public
domain,fundsbenefitdirect.com,public
domain,secure-services-canada-revenue-agency.su,public
domain,election2022.pro,public
domain,etransfer.live,public
domain,canapostrescedule.ca,public
domain,access-scotiabank.com,public
domain,rgrs-inc.site,public
domain,etran-4336.info,public
domain,ca-clientcarecenter.ink,public
domain,mobillity.ca-clientcarecenter.ink,public
domain,etran-43366.info,public
domain,e1101tr.info,public
domain,gouvernementprepaidonlocked48gangqc.com,public
domain,clientauthorization,public
domain,clientauthorization.com,public
domain,e-1re-ca3.com,public
domain,resi-help.online,public
domain,saveinterac-ca-webtrust.com,public
domain,tdwebpay.ca,public
domain,unlimited5g.online,public
domain,cad-moblilitycenter.ink,public
domain,returns.cad-moblilitycenter.ink,public
domain,ca-moblilitycenter.ink,public
domain,returns.ca-moblilitycenter.ink,public
domain,moblilitycenter.ink,public
domain,returns.moblilitycenter.ink,public
domain,moblilityoveragecenter.ink,public
domain,returns.moblilityoveragecenter.ink,public
domain,moblitityoveragecenter.ink,public
domain,returns.moblitityoveragecenter.ink,public
domain,tracking-canadapost-postescanada.ru,public
domain,cashback-customer.com,public
domain,benefitfunddirect.com,public
domain,my.portal-payee-update.info,public
domain,costco-annualrtn.com,public
domain,cancel-payment-auth.com,public
domain,inflationcaq.online,public
domain,depositbell.myvnc.com,public
domain,data-verification.com,public
domain,viewdhlupdatesca.info,public
domain,updatesdhlpackagesca.info,public
domain,dhlschedupdatesca.info,public
domain,schedupdatesdhlca.info,public
domain,id7772-mydhlupdatesca.info,public
domain,viewmydhlparcelca.info,public
domain,pckg9929-updatesviewdhl.info,public
domain,updatesdhlca-pckg9927.info,public
domain,my.apple-card-new-device.info,public
domain,amaz1ca.site,public
domain,myparcel-importnotice.com,public
domain,ee-turvalisus-lhv.in,public
domain,anpost.custom-fee-parcelhub.com,public
domain,veri-int.ca,public
domain,turvalisus-lhv-ee.info,public
domain,anpost.payfees-notice.com,public
domain,bendigo-alert.ddns.net,public
domain,post-customsparcelhub.com,public
domain,ee-lhv.info,public
domain,paypost-dutyfee.com,public
domain,auspostupdate.com,public
domain,securetdbusiness.ca,public
domain,www.securetdbusiness.ca,public
domain,ee-lhv-turvalisus.info,public
domain,support-applepay.myvnc.com,public
domain,postnord.no-privat.top,public
domain,anpost-hub-ie.com,public
domain,anpost-postmobdelivery.com,public
domain,anpost.fee-import-parcelhub.com,public
domain,billing-ntflx.ddns.net,public
domain,parcel-center.com,public
domain,anpost.parcel-center.com,public
domain,hse-testkit-covid.com,public
domain,canadapost.re-delivery.ca,public
domain,ca-rebates-plan.info,public
domain,rectrqc.com,public
domain,gouv.quebec-600dollarsretour-client.gq,public
domain,gouvqc.retour600client2787.gq,public
domain,revolut-web-update.com,public
domain,revenu.quebec-retour600client2566.gq,public
domain,canada-pots.com,public
domain,quebec.retour-600dollars-client824.gq,public
domain,gouv.quebec-600retourclient287.gq,public
domain,accountverification.ca,public
domain,inractac-deposit.online,public
domain,in10111etr.info,public
domain,bellmobility.myvnc.com,public
domain,customshub-parcelfees.com,public
domain,eng-canadaposte.com,public
domain,www.accountverification.ca,public
domain,ca-auth-post1.com,public
domain,bell.accountverification.ca,public
domain,anpost.parcel-noticefees.com,public
domain,parcel-customs.com,public
domain,fundbenefitdirect.com,public
domain,fundbenefitsdirect.com,public
domain,canadapostqcauthorization.com,public
domain,canada-postal-services1.com,public
domain,canada-interruption1.com,public
domain,ca-postalschedule1.com,public
domain,ca-shipping-capost.com,public
domain,schedulepostalservices1.com,public
domain,postalcanadian1services.com,public
domain,ca-bill-reschedul.com,public
domain,postecanadalivraison1.com,public
domain,bc-cibc.com,public
domain,bc-cibc1.com,public
domain,aboutotb-on00.info,public
domain,tx-intrac1-arc.info,public
domain,gov-can-revenueagency-info-ca.com,public
domain,gov-can-revenueagency-ca-info.com,public
domain,can-revenueagency-gov-info-ca.com,public
domain,anpost.parcel-customs.com,public
domain,alert-anpost-packagepayment.com,public
domain,etbankchoice.com,public
domain,pay-postal-importfee.com,public
domain,telusmobilesupport.info,public
domain,www.gangantconcour.online,public
domain,telusmobilty.online,public
domain,canadarev-gov.com,public
domain,bankingdepositfund.com,public
domain,r-b-c-alert.site,public
domain,getverify.live,public
domain,bankingdepositfunds.com,public
domain,bellnotification.cloud,public
domain,app-verification-net.com,public
domain,fonds-caq-qc.top,public
domain,mobility-inc.site,public
domain,bit.ly/3vxb90b,public
domain,et11001-in.info,public
domain,10001t.com,public
domain,gov-annual.info,public
domain,refund-serviceontario.com,public
domain,www.refund-serviceontario.com,public
domain,ghpps.pw,public
domain,amazon.ghpps.pw,public
domain,ghpps.website,public
domain,amazon.ghpps.website,public
domain,ghpp.pw,public
domain,amazon.ghpp.pw,public
domain,ghpp.website,public
domain,amazon.ghpp.website,public
domain,verificationbnz.me,public
domain,canada-post-interact74859-gov.com,public
domain,www.refund2022.info,public
domain,am-amazon.com,public
domain,am-amazon1.com,public
domain,qc-rbcroyalbank5.com,public
domain,my.secure-portal-update.info,public
domain,anzreview-activity.online,public
domain,paypostal-customfee.com,public
domain,op.fi-tilit.net,public
domain,op.fi-tilit.info,public
domain,intaracetransfer.agency.cloud.cherryservers.net,public
domain,anpost.import-feeparcelalert.com,public
domain,anpost.import-fee-parcelalert.com,public
domain,op-fi-tilit.com,public
domain,anpost-postaccpayment.com,public
domain,reactivateapple.com,public
domain,postalhub-customsfees.com,public
domain,anpost.import-fee-parcelhub.net,public
domain,etbankchoicecra.com,public
domain,canada-post-interat74859-gov.com,public
domain,idly.life,public
domain,caqinflation.com,public
domain,rev-update-app.com,public
domain,wholesale-year2-percent.info,public
domain,nabbankingonline.net,public
domain,review-online-activity.com,public
domain,osterreich-post.info,public
domain,inttranac-deposit.site,public
domain,hse-testing-covid.com,public
domain,etrnsfer.ca,public
domain,www.etrnsfer.ca,public
domain,depotdefonds.top,public
domain,anpost.alert-fee-parcelhub.com,public
domain,gouv-can-600.top,public
domain,annual-wholesale-member-coupon.ca,public
domain,postal-dutyfee.com,public
domain,parking-unsettledpay.online,public
domain,alert-anpost-parcelfee.com,public
domain,natwest.web.app,public
domain,revolut-web-security.com,public
domain,interac-overcharge.ddns.net,public
domain,inflationqueb.express,public
domain,04990.aboutotb-on00.info,public
domain,e-tr11001.ca,public
domain,benefits-ca.com,public
domain,wholesale2.info,public
domain,depot600secure.online,public
domain,depotcangouv.online,public
domain,bell-mobility.ru,public
domain,gouv600depot.online,public
domain,caqgouv-qc.online,public
domain,caq-gouv-qc-ca.com,public
domain,caq-qcgouv.online,public
domain,expenses-individuals.info,public
domain,asb.helpdesk-dashboard-verify.com,public
domain,caq-quebecinflation.online,public
domain,an.post-importfee.com,public
domain,lnerarc.com,public
domain,caq-quebecinflation.club,public
domain,bankingdepositsfunds.com,public
domain,bankingdepositsfund.com,public
domain,r-g-r-wireless.site,public
domain,thegivebackcampaign2022.com,public
domain,en-postcanada.com,public
domain,parcel-eire.com,public
domain,anpost.parcel-eire.com,public
domain,bendigo.com-au-online.top,public
domain,mygovsms.life,public
domain,notice-anpost-revenuetaxfee.com,public
domain,interac.myvnc.com,public
domain,telusidentity-telus-com-oauth2.su,public
domain,telusidentity-telus-com-oauth2.ru,public
domain,etran-5545.info,public
domain,etran-55455.info,public
domain,rogcustomercare.com,public
domain,helphsbc.com,public
domain,inrtrac-refund.online,public
domain,cv-rbcroyalbank2.com,public
domain,exodus.exooddus.com,public
domain,caq-interac.online,public
domain,inflationquebb.club,public
domain,inflationquebb.shop,public
domain,aumanageyourdelivery.com,public
domain,aus-package.online,public
domain,publicdetails.online,public
domain,bankingfunddeposit.com,public
domain,bankingfundsdeposits.com,public
domain,www.privateyoufor.info,public
domain,services-gov-login.com,public
domain,netbank-3143.com,public
domain,bcgouv1-instantdeposit.club,public
domain,bcgouv2-instantdeposit.shop,public
domain,verificationbmo.com,public
domain,royalbank.verificationbmo.com,public
domain,10001l.com,public
domain,ca-mobilitycarecenter.com,public
domain,www.dr-ct011.online,public
domain,www.dr-ct345.online,public
domain,rst-ve.online,public
domain,1rbc.identificationportal.com,public
domain,citytorontoparking.info,public
domain,torontoparkingcity.info,public
domain,rbc.identificationportal.com,public
domain,royalbank.identificationportal.com,public
domain,bmo.verificationbmo.com,public
domain,bankofmontreal.verificationbmo.com,public
domain,verificationsrbc.com,public
domain,royalbank.verificationsrbc.com,public
domain,anz-alerts.ddns.net,public
domain,bmo.indexverify.com,public
domain,bankofmontreal.indexverify.com,public
domain,clientcarecenterca.com,public
domain,ca-supportscenter.cfd,public
domain,n-flix-inc.site,public
domain,anpost.duty-fee-packagehub.com,public
domain,imagin.cloud,public
domain,customshub-importfee.com,public
domain,can-netflix2.com,public
domain,post-customfees-alert.com,public
domain,caq-data.com,public
domain,ont-netflix.com,public
domain,fi-op-in.net,public
domain,fi-op-in.online,public
domain,anpost.alerts-parcelhub.com,public
domain,hse-testkit-delivery.com,public
domain,westpac-review.online,public
domain,etfansfercra-secure-link.com,public
domain,amazon-0rders.ca,public
domain,anpost-parcelpayonline.com,public
domain,auth-scotiabank-scotiaonline.com,public
domain,cra.govpay-interac.ca,public
domain,canada-post-reimbursex1nterat.com,public
domain,parcel-costs.com,public
domain,anpost.parcel-costs.com,public
domain,anpost-parcelhub-alerts.com,public
domain,revenu.quebec-retourclient005-600dollars.gq,public
domain,legault.retour-600dollarsquebec-client004.gq,public
domain,gouvqc.retour-600dollarsquebec-client003.gq,public
domain,gouv.quebec-600dollarsretourclient002.gq,public
domain,revenu.quebec-600dollarsretourclient001.gq,public
domain,summary-account.online,public
domain,etrnsfer.com,public
domain,mobilityreturn.icu,public
domain,qc.retour-600dollarsquebecclient006.gq,public
domain,caq.600-retourclientquebec007.gq,public
domain,intranac-deposit.site,public
domain,mana1ge-accou3nt.online,public
domain,interactmycraincent.com,public
domain,netflixcharge.app,public
domain,httppostsec1.site,public
domain,benefits-ca.ca,public
domain,entitle-divided.info,public
domain,ssdp.online,public
domain,interac.ssdp.online,public
domain,dpps.online,public
domain,interac.dpps.online,public
domain,dzpp.pw,public
domain,interac.dzpp.pw,public
domain,dppp.pw,public
domain,interac.dppp.pw,public
domain,ontaserv.com,public
domain,rev-securityupdate-ie.com,public
domain,1101e-tr.ca,public
domain,et-privatedetails.com,public
domain,directbenefitsprocess.com,public
domain,serviontt.com,public
domain,etransfer.icu,public
domain,interac-telus.online,public
domain,telusref.online,public
domain,www.bctogether.life,public
domain,fido-mobility.su,public
domain,interact-gigadat.online,public
domain,emautofail.online,public
domain,asb.helpdesk-verify-dashboard.com,public
domain,canadapost-e.com,public
domain,intratac-relief-deposit.online,public
domain,deposit-lnterac.com,public
domain,interac.claims,public
domain,etran-3441.info,public
domain,canada-post-postes-canada.com,public
domain,canada-post-postescanada.com,public
domain,executive-rewards-member.ca,public
domain,executive-reward.ca,public
domain,executive-rewards.ca,public
domain,helpfederalfunds.com,public
domain,cradepositfunds.com,public
domain,manage-reward-coupon.ca,public
domain,interct-info.com,public
domain,caq-deposit.ca,public
domain,applesupportupdate.com,public
domain,connect-scotiabank.com,public
domain,gigadatcasino.online,public
domain,gigadat-interac.online,public
domain,gv-bc.com,public
domain,refundservices.gv-bc.com,public
domain,et-lnterac1.gv-bc.com,public
domain,ab-refundservices.1nt3r4c.com,public
domain,gov-ab.refundservices.1nt3r4c.com,public
domain,1nt3r4c.com,public
domain,services-qc.5e7u0.com,public
domain,my.portal-verification.info,public
domain,auspost.com.au-info.org,public
domain,op-fi-tilit.info,public
domain,review-bendigoaccounts.online,public
domain,irelandmobi-postoffice.com,public
domain,customshub-parcelfee.com,public
domain,review-netbankdirectdebit.online,public
domain,myparcel-importpayments.com,public
domain,rev-mobilesecurity.com,public
domain,mobicustoms-ire.com,public
domain,post-parcelservice.com,public
domain,an.post-parcelservice.com,public
domain,review-cbadirectdebits.online,public
domain,anmeldelse-bankid.com,public
domain,at-pack.online,public
domain,revqc-600.com,public
domain,secure-rbc.live,public
domain,anpost-parcelfee-alerts.com,public
domain,teiusinfosupport.com,public
domain,canada-postreimbursete-c82.com,public
domain,etran-1787.info,public
domain,allocationcanadienne.com,public
domain,yourmobilepay.online,public
domain,customshub-anpostfee.com,public
domain,www.280reminder-dec5.online,public
domain,anpost.parcel-imports.com,public
domain,gigadatlive.online,public
domain,anpost-servicefee-alerts.com,public
domain,bellcustomerservice.myvnc.com,public
domain,www.remboursement-saaq.net,public
domain,remboursement-saaq.net,public
domain,0auth-scotiabank.com,public
domain,rogers.support,public
domain,scotlacalnfo-aierts.com,public
domain,scotlaca-transactionaierts.com,public
domain,scotlaca-mobileaierts.com,public
domain,www.dr-ct453.online,public
domain,customer.rogers.support,public
domain,returns.rogers.support,public
domain,id-89b98.com,public
domain,et-mcan.com,public
domain,canpost.id-89b98.com,public
domain,instagram.baitoutrends.com,public
domain,ca-returncenter.com,public
domain,10001-interacdeposit-webca.com,public
domain,kood0-return.com,public
domain,ship-canadapost.com,public
domain,fmcalogg-deposit.com,public
domain,agence-gouvernm.online,public
domain,gouv-revdefonds.online,public
domain,rev-de-fonds.online,public
domain,acc-cmb.sbs,public
domain,etansfer.com,public
domain,post-italia.com,public
domain,gouv-caq-qc.online,public
domain,gouv-caq-qc.club,public
domain,gov-bc2.com,public
domain,emtca.online,public
domain,telcustomersupport.com,public
domain,etran-0441.info,public
domain,thecoalitionavenirqc.online,public
domain,caqdeposit.online,public
domain,credited-intrac.online,public
domain,colispostecanada.com,public
domain,telcustomer-billing.com,public
domain,www.claims-sec.cc,public
domain,ca-moblilitycarecenter.com,public
domain,returns.ca-moblilitycarecenter.com,public
domain,costco-return2022.info,public
domain,etransferservice.com,public
domain,mytelus-accounts.online,public
domain,ing-alerts.ddns.net,public
domain,my-outages.report,public
domain,tdcanadatrusl.co,public
domain,ma-bnc.info,public
domain,canada-post-interat87508-gov.com,public
domain,rbc.modernize-policy.com,public
domain,caq-depot.me,public
domain,netflix-billing-update.info,public
domain,anpost-parceltransportfees.com,public
domain,my.update-info-secure.net,public
domain,anpost-parcel-fee-alerts.com,public
domain,posthub-eire.com,public
domain,an.posthub-eire.com,public
domain,customs-anposthub.com,public
domain,re-activate-online-appleid-services.com,public
domain,anpost.parcelhub-manager.com,public
domain,parcelfee-customshub.com,public
domain,anpost.postalalert-fees.com,public
domain,revenuerefundservices.ca,public
domain,nbgggr.com,public
domain,gouvcrabankchoice.com,public
domain,canada-gst.com,public
domain,gouvcrabanktransfer.com,public
domain,anpost-ire.com,public
domain,anpost-customfees-alert.com,public
domain,inflationquebbec.shop,public
domain,inflationquebbec.store,public
domain,on-trilliumbenefit.com,public
domain,servicecanadareport.online,public
domain,ecanadapost.com,public
domain,bbvasupportauth.com,public
domain,canadapost-fees.online,public
domain,caclimatepayment.xyz,public
domain,canadaclimatepay.xyz,public
domain,canclimatepayment.xyz,public
domain,climateactionca.xyz,public
domain,climatepayment2022.xyz,public
domain,myacc-tx-bmo.info,public
domain,reactivate-applepaydevice.info,public
domain,190.14.37.109,public
domain,bankingsfundsdeposits.com,public
domain,bankingsfundsdeposit.com,public
domain,interactmycrabenefit.com,public
domain,supportamzon.com,public
domain,secure-appverify.com,public
domain,mobilsevice-customersupp.com,public
domain,ing-support.ddns.net,public
domain,redirectbenefits.com,public
domain,ca-dhlupdate3883-en.com,public
domain,my.bendigo-account-review.com,public
domain,rbc-customersecurity.com,public
domain,ca-clientcenter.com,public
domain,returns.ca-clientcenter.com,public
domain,attempteddispute-nz.com,public
domain,t3l5us-i3terac.online,public
domain,myteluscommunications.online,public
domain,mytelus-communications.online,public
domain,mytelus-communication.online,public
domain,myteluscommunication.online,public
domain,review-nabid.online,public
domain,my.secure-medi-rebate.info,public
domain,ingalerts-au.ddns.net,public
domain,emaautofail.online,public
domain,www.client-update.online,public
domain,ppss.pw,public
domain,pssp.pw,public
domain,interac.pssp.pw,public
domain,interac.ppss.pw,public
domain,acs-sv.online,public
domain,my.income-secure-update.info,public
domain,suncorp-alerts.ddns.net,public
domain,revolut-ie.support,public
domain,customs-parcelpayment.com,public
domain,www.redelivery.link,public
domain,bbvaesauth.com,public
domain,interac.la/info,public
domain,anzshield-au.ddns.net,public
domain,fi-op-net.in,public
domain,fi-op-net.com,public
domain,fi-op-co.com,public
domain,op-fi-asiakkaaksi.com,public
domain,posthub-ie.com,public
domain,an.posthub-ie.com,public
domain,ca-communucationscenter.com,public
domain,amazon.ca-communucationscenter.com,public
domain,2wholesale.info,public
domain,anpost-customs-parcelhub.com,public
domain,ing-comausecurebnk.ddns.net,public
domain,mygov-service.com,public
domain,anpost-parcel-dutyfee.com,public
domain,anpost-paymentmobiservice.com,public
domain,renewal-service-appleid.com,public
domain,revolut.myvnc.com,public
domain,interat780890-canada-post-gov.com,public
domain,montant-support-inflation2022.gq,public
domain,gouv.montant-support-inflation2022.gq,public
domain,gouv.qc.montant-support-inflation2022.gq,public
domain,qc.montant-support-inflation2022.gq,public
domain,quebec.montant-support-inflation2022.gq,public
domain,revenu.quebec.montant-support-inflation2022.gq,public
domain,mypost-customfees.com,public
domain,mypost-parcel.redirectme.net,public
domain,customs-anpostparcelfee.com,public
domain,suncorp-on.line,public
domain,suncorp-on.line.pm,public
domain,auspost-on.line.pm,public
domain,anpost.parcel-updates.com,public
domain,anpost-transportpackagefee.com,public
domain,permanenttsb-queriesonline.com,public
domain,hse-covid-testkit.com,public
domain,canadapost.re-schedule.ca,public
domain,bbvaadministrar.com,public
domain,loginscotia.com,public
domain,anpostcustomfees-alert.com,public
domain,mybell-payment.me,public
domain,etbankselectiongoc.com,public
domain,anpost-ie-hub.com,public
domain,client-identification1.com.,public
domain,rbc.client-identification1.com.,public
domain,annualrebate.co,public
domain,cibcfraudsalerts.myvnc.com,public
domain,online-customercarecenter.com,public
domain,bmofraudalert.myvnc.com,public
domain,tdfraudalerts.link,public
domain,inflation-quebb.today,public
domain,inflation-queb1.shop,public
domain,customerservicehelpcenter.com,public
domain,mypost-importfees.com,public
domain,ca-dhlcustomer0144-en.com,public
domain,etrans.help,public
domain,incomeca-rev.com,public
domain,scanadapost.com,public
domain,www.etrans.help,public
domain,anpost.parcelhub-customs-fee.com,public
domain,intarac-rb-c.online,public
domain,onlinebanking-customercare.com,public
domain,tel1us-int1er3ac.online,public
domain,tel7us-int1er3ac.online,public
domain,www.etrnsfer.foundation,public
domain,client-identification1.com,public
domain,rbc.client-identification1.com,public
domain,legaultelectiongift.xyz,public
domain,inflation-deposit.ca,public
domain,hse-ie-help.com,public
domain,gouvcra-bankchoice.com,public
domain,clients-canadapost.com,public
domain,mobilityservicesupport.com,public
domain,logintdcanada.com,public
domain,www-4724-auth-mytd-online.xyz,public
domain,members-reward.ca,public
domain,get-member-rewards.ca,public
domain,reward-coupon.ca,public
domain,member-reward.ca,public
domain,ing-on.line.pm,public
domain,etr-10010.info,public
domain,rbccanadalogin.com,public
domain,applepay-on.line.pm,public
domain,activate-applepay.online,public
domain,linkcdnsender.ca,public
domain,intracc-deposit.online,public
domain,redelivery.ausparcels.org,public
domain,ausparcels.org,public
domain,ca-costco.com,public
domain,ca-costco1.com,public
domain,www-td-cananda-log-in-47xxx.info,public
domain,costco-rewardsrtn.com,public
domain,pdps.pw,public
domain,interac.pdps.pw,public
domain,www.reschedule.link,public
domain,bnzmobile.me,public
domain,data-caq.me,public
domain,canada-post-interatfees78859-gov.com,public
domain,serviceca-privatealert.com,public
domain,op-fi-asiakkaaksi.net,public
domain,fi-op-co.net,public
domain,applepay-re-activate.online,public
domain,customs-parcelfee.com,public
domain,ca-communucations.com,public
domain,returns.ca-communucations.com,public
domain,payimportfee-service.com,public
domain,int3rac-ca53c34a.info,public
domain,anpost.manage-fees.com,public
domain,anpost-payservice.com,public
domain,commbank-on.line.pm,public
domain,anpost-customerfees-alert.com,public
domain,anpost.alerts-parcelhub-fee.com,public
domain,parcelservice-eire.com,public
domain,anpost.parcelservice-eire.com,public
domain,revolut-web-auth.com,public
domain,anzdevice-review.online,public
domain,infos-acces.com,public
domain,erstegroup.com-at.top,public
domain,info-accs.com,public
domain,ie-revolutsupport.com,public
domain,wholesale-annual-client-coupon.ca,public
domain,logisisseihv.info,public
domain,on-postescanadacanadapost.com,public
domain,moey.conta-pt-cliente.com,public
domain,parcel-support.com,public
domain,mycrainteractref003293.com,public
domain,anpost.parcel-support.com,public
domain,canada-gst.net,public
domain,canada-gst.org,public
domain,hse-onlinehealth-ie.com,public
domain,etransfer-caq-qc.top,public
domain,www.aedetransfer.space,public
domain,www.aedetransfer.help,public
domain,www.etranfer.xyz,public
domain,www.etranfer.store,public
domain,www.etranfer.site,public
domain,inte3rtac-tranf1er.online,public
domain,in7tertac-tra3nf1er.online,public
domain,telu7s-tran1sfer.online,public
domain,ca-dhlcustomer-en.com,public
domain,in7tertac-tra3nfer.online,public
domain,in7te3rtac-tra3nf1er.online,public
domain,canadapost.delivery-payment.ca,public
domain,intranac-deposit.us,public
domain,anpost.manage-imports.com,public
domain,fundsdeposithere.com,public
domain,account-rogers.serveirc.com,public
domain,e-tr1100.ca,public
domain,anpost.parcelhub-duty-fee.com,public
domain,canadapostals.com,public
domain,tdpayonline.ca,public
domain,anzdevices-review.online,public
domain,interactpage.com,public
domain,canada-post-tracking.com,public
domain,telusreturnsdpt-ca.tk,public
domain,post-canada-tracking-ca.com,public
domain,auspostreview.com,public
domain,tel-mobilitysupportcntr.ga,public
domain,tel-mobilitycenter.ga,public
domain,postdistrbution.online,public
domain,00rogers.info,public
domain,pay.info-pt-sc.com,public
domain,auspostslot.com,public
domain,huwyue.ca,public
domain,rtn.annualcashback.ca,public
domain,canadapost-schedule.online,public
domain,payroll-deposit.com,public
domain,10001etrans-fer.online,public
domain,errorfundepos.help,public
domain,caq-interacsecure.ca,public
domain,nabdevices-review.online,public
domain,renewal-online-appleid.com,public
domain,selfservecanpost.info,public
domain,dhlca-express.net,public
domain,my.payee-update-portal.com,public
domain,10001-depositcanada-trustweb.com,public
domain,lnterac-chargebck.top,public
domain,s7610mez.online,public
domain,my.customer-portal-secure.com,public
domain,407etr-notice.com,public
domain,my.secure-income-verify.info,public
domain,recover-linked-services.com,public
domain,ca-dhlupdate-en.com,public
domain,rbc-billing.online,public
domain,rbc-clientcare.online,public
domain,rbc-help.online,public
domain,rbc-support.online,public
domain,www.nzpost.link,public
domain,re-activate-applepay.store,public
domain,my.ing-account-recovery.info,public
domain,servicesaus-mygov.com,public
domain,caq-data.co,public
domain,anpost-parcelmobidelivery.com,public
domain,customsfee-anpostparcel.com,public
domain,hse-testkits.com,public
domain,post-customfee.com,public
domain,anpostparcel-customfees.com,public
domain,parcel-alert.com,public
domain,anpost.parcel-alert.com,public
domain,anpost.parcel-managefees.com,public
domain,anpost-mobiparcelservice.com,public
domain,piirata-ee-lhv.info,public
domain,parcel-care.com,public
domain,anpost.parcel-care.com,public
domain,anpost-servicefee-alert.com,public
domain,anpost.dutyfee-alert-parcelhub.com,public
domain,anpost-packagehub-fee.com,public
domain,rev-securedata.com,public
domain,nabalert-com-au.org,public
domain,comm-support-bank.com,public
domain,posthub-service.com,public
domain,an.posthub-service.com,public
domain,www-overview-login-bmo.com,public
domain,verifications-onlineeasywebuser190221.live,public
domain,etgrantsbenef.live,public
domain,caq.life,public
domain,revolut-webhelp.com,public
domain,asb-verify-helpdesk-dashboard.com,public
domain,know-bill.link,public
domain,netfx-payment.online,public
domain,netfxupdate.online,public
domain,paymentntfx.online,public
domain,customsimport-parcelfee.com,public
domain,bm-rbcroyalbank.com,public
domain,anpost.fees-manager.com,public
domain,canada-postissues-resolutions3.com,public
domain,help-w3.online,public
domain,shopper-return.ca,public
domain,anpost-transportfeehub.com,public
domain,canadapost.re-deliver.ca,public
domain,admin-moblilitycarecenter.com,public
domain,gst-pay.ca,public
domain,canadapost-returns.online,public
domain,www-onlinebmo-client.com,public
domain,decembercaip2022.xyz,public
domain,decembercaip.xyz,public
domain,decembercaipcan.xyz,public
domain,deccaipcan.xyz,public
domain,decembercaipcanada.xyz,public
domain,fldoverifications.info,public
domain,invoice-gov.ca,public
domain,atb-financial.online,public
domain,1bmo-authapp.com,public
domain,etran-3312.info,public
domain,invoiceid-23920.ca,public
domain,www.crainflationsupport.help,public
domain,crainflationsupport.help,public
domain,inflationsupport.help,public
domain,www.inflationsupport.help,public
domain,1100in-et.info,public
domain,interac-epayment.com,public
domain,canada-post-785988interat-gov.com,public
domain,nz-post.net,public
domain,deliver.nz-post.net,public
domain,dashboards-telus.online,public
domain,www.nz-post.net,public
domain,a-m-z-n-org.site,public
domain,eng-canada-post.com,public
domain,delivery.nz-post.net,public
domain,dashboards-mytelusupdate.ca,public
domain,dashboards-mytelus.ca,public
domain,td-app-login.com,public
domain,canadapost-postecanada.online,public
domain,dashboards-mytelus.online,public
domain,td-easy-weblogin.com,public
domain,moblilityreturnscenter.com,public
domain,id-2245dhlreschedule-ca.com,public
domain,id-3837dhlupdate-ca.com,public
domain,telmobility-canadatransfer.com,public
domain,cadpostcustomer.com,public
domain,members-wholesale-reward-coupon.ca,public
domain,member-coupons-reward.ca,public
domain,nabalert-com-au.cc,public
domain,canadapost-ab.com,public
domain,cashback-costco.ga,public
domain,auspost-redelivery.online,public
domain,cash-back22.com,public
domain,uber-payments.com,public
domain,interactpage.online,public
domain,login-anz-on.line.pm,public
domain,hsbc-on.line.pm,public
domain,ca-mobilereturncenter.com,public
domain,txcredit-nsgov.live,public
domain,customs-parcelfeehub.com,public
domain,anpost-custom-fee-alert.com,public
domain,cba-review.online,public
domain,redelivery-expresspost.online,public
domain,anpost-verifiedsupport.com,public
domain,hse-testkits-delivery.com,public
domain,delivery-eire.com,public
domain,anpost.delivery-eire.com,public
domain,anpost-deliverymobservice.com,public
domain,returns.info-accs.com,public
domain,tracking-canada-post-ca.com,public
domain,canada-post-ca-tracking.com,public
domain,anpostparcel-ie.com,public
domain,revolut-web-login.com,public
domain,canadapostintern-78503-gov.com,public
domain,anpost-servicedelivery-fee.com,public
domain,etran-4080.info,public
domain,anpost-parcelfee.com,public
domain,inertranc-deposit.site,public
domain,anpost.customs-feeshub.com,public
domain,post-canada.ca,public
domain,anpost-fee-customs-alert.com,public
domain,1bmo-accessapp.com,public
domain,rogerswireless-ont.com,public
domain,delivery-ie.com,public
domain,anpost.delivery-ie.com,public
domain,canada-post-reimbursts-f52.com,public
domain,desjardns-surete.online,public
domain,telus-returncenter.com,public
domain,mobililtyreturncenter.com,public
domain,finance.quebec.support-financier2022.gq,public
domain,gouv.support-financier2022.gq,public
domain,gst-pay.com,public
domain,bmo-onlineaccess.com,public
domain,prime-0rderdetails.ca,public
domain,10011e-tr.ca,public
domain,atb.financial-dashboard.com,public
domain,customsfee-parcelhub.com,public
domain,infractions-unsettled.city,public
domain,telmobilityaccountfunds.com,public
domain,secured.telmobilityaccountfunds.com,public
domain,authscotiaonline.com,public
domain,boeehm.xyz,public
domain,fmcalog.online,public
domain,gouv.quebec.support-financier2022.gq,public
domain,gouv.qc.support-financier2022.gq,public
domain,revenu.quebec.support-financier2022.gq,public
domain,quebec.support-financier2022.gq,public
domain,support-financier2022.gq,public
domain,dashboards-mytelusupdates.ca,public
domain,directcheqca-etransferweb.com,public
domain,rogersphonereturn.ca,public
domain,quebectransfer-infla.net,public
domain,returnfunds-id.ca,public
domain,etrans-intra.online,public
domain,canadapost.reattempt.ca,public
domain,serv-canada-process.info,public
domain,overview-bmo-signin.com,public
domain,mobilitycustomer-deposit.com,public
domain,intranac-relief.online,public
domain,ontariotrilliumbenefit.info,public
domain,www.ontariotrilliumbenefit.info,public
domain,inflationsupport.life,public
domain,amazonprime01.pw,public
domain,amzon.cymru,public
domain,www.inflationsupport.life,public
domain,lnteract-deposlt.com,public
domain,interactcraref0019425.com,public
domain,1bmo-clientsign-in.com,public
domain,deliverydetails.ca,public
domain,canadapost.deliverydetails.ca,public
domain,delivery.nzpost.link,public
domain,refundtaxbenefits.com,public
domain,nzpostal.com,public
domain,costo-co.com,public
domain,asbalertprotection.com,public
domain,pay.sg-info.com,public
domain,inflationpayment23.info,public
domain,cdntransfersecure.ca,public
domain,onlinearc23.online,public
domain,185.158.248.252,public
domain,royalbankreset.com,public
domain,aumanagelocalpost.com,public
domain,amazonaccount.primenotifications-administrator.com,public
domain,ca-2992dhlupdate-en.com,public
domain,ca-2837dhlcustomer-en.com,public
domain,my.update-contact-secure.info,public
domain,manageprofile.online,public
domain,interacmobile-et027731.com,public
domain,rbcreset.com,public
domain,my.client-portal.co,public
domain,secure.rebate.hm-cr.live,public
domain,cbacancel-online.com,public
domain,anpost.transport-feeshub.com,public
domain,anpost-delivery-servicefee.com,public
domain,bm-rbcroyalbank4.com,public
domain,anpostparcel-customerfee.com,public
domain,gouv1nfo.online,public
domain,cagouvlegault.online,public
domain,deliveryhub-eire.com,public
domain,anpost.deliveryhub-eire.com,public
domain,anpost-transportpayment.com,public
domain,secure-anz-accounts.com,public
domain,cpplnteracial247govca.com,public
domain,anpost-deliverystatus.com,public
domain,customsonline-parcelhub.com,public
domain,etran-7363.info,public
domain,my-deposit.services,public
domain,notice-security.com,public
domain,claim-help.net,public
domain,ca-8273dhlcustomers-en.com,public
domain,ca-2668dhlupdateca-en.com,public
domain,anpost-paymentonlineaccservice.com,public
domain,bankaustria.at-sicher.top,public
domain,transf-7a31c4.xyz,public
domain,transmit-5a31c7.xyz,public
domain,transmit-9e67c2.xyz,public
domain,transmit-2e67c7.xyz,public
domain,transmit-1e67c2.xyz,public
domain,transmit-5a81c7.xyz,public
domain,transmit-s54ca7.xyz,public
domain,totta.sg-info.com,public
domain,etransfer-cra.agency,public
domain,inf0-tels-acc.xyz,public
domain,pprps.pw,public
domain,hsbc.pprps.pw,public
domain,pspwp.online,public
domain,hsbc.pspwp.online,public
domain,dooylee.xyz,public
domain,retmindsa.inf0-tels-acc.xyz,public
domain,auth-6wr2d.com,public
domain,gouvquebec1.auth-6wr2d.com,public
domain,hsbc.spips.site,public
domain,spips.site,public
domain,intranac-relief.live,public
domain,bchydro-creditclaim.com,public
domain,mybell-payments.me,public
domain,srrps.pw,public
domain,hsbc.srrps.pw,public
domain,customsimport-anposthub.com,public
domain,online-alerts-rbc.com,public
domain,canadabankingfunds.com,public
domain,canadabankingfund.com,public
domain,www.mypackage-post.ca,public
domain,account.primenotifications-administrator.com,public
domain,canadapost-rescheduling.online,public
domain,cracanada.work,public
domain,www.cracanada.work,public
domain,ontariotrilliumbenefit.com,public
domain,bm-rbcroyalbank5.com,public
domain,compensation-qc.co,public
domain,cracanada.help,public
domain,www.cracanada.help,public
domain,www.cracanada.host,public
domain,109.206.243.11,public
domain,cracanada.life,public
domain,www.cracanada.life,public
domain,cracanada.host,public
domain,cracanada.network,public
domain,www.cracanada.network,public
domain,executivemember.net,public
domain,cracanada.site,public
domain,www.cracanada.site,public
domain,inc-transfer.site,public
domain,cradirectservice.com,public
domain,www.nzdelivery.link,public
domain,ca-dhlreschedule.info,public
domain,dpt-gov.com,public
domain,wirelessmobilecustomer-deposit.com,public
domain,www.cadforlifers.life,public
domain,407etrnotice.city,public
domain,wirelessmobilitycustomer-deposit.com,public
domain,www.hydroqc-transfer.com,public
domain,full-outages.online,public
domain,www.holidaysrogers.store,public
domain,customer.primenotifications-administrator.com,public
domain,canadarev.live,public
domain,customers-notification.com,public
domain,10110e-tr.ca,public
domain,asbtransactionservice.com,public
domain,et-lnarc.online,public
domain,mobilitycustomerdepositfunds.com,public
domain,derestrict-com-au.cc,public
domain,homepagepostescanada.com,public
domain,telusmobility-returns.com,public
domain,anztransactionsupport.com,public
domain,resched-deliv.online,public
domain,intranac-reilef.online,public
domain,tdominion.online,public
domain,yvesconnect.live,public
domain,caq-check.co,public
domain,amzprimesupport.online,public
domain,telus.ca-etransfer.com,public
domain,telusmobility.ca-etransfer.com,public
domain,telus.verify-admin.com,public
domain,telusmobility.secureconnect1.com,public
domain,telus.userauthorizesecure.com,public
domain,1telus.userauthorizesecure.com,public
domain,unsettled-infractions.online,public
domain,accnt-inf0.xyz,public
domain,admin.accnt-inf0.xyz,public
domain,totta.info-pt-conta.com,public
domain,vrf-prime.co,public
domain,remove-updevice.com,public
domain,returns.telusreg.live,public
domain,totta.pt-conta-suporte.com,public
domain,mypostal-customfee.com,public
domain,www.trnsfer.net,public
domain,crabankchoice-transfer.com,public
domain,telus.secureconnect1.com,public
domain,telus1mobility.verify-admin.com,public
domain,vm-rbcroyalbank.com,public
domain,cracanada-gov.com,public
domain,rogerswireless-canada.com,public
domain,canpostdlvry.com,public
domain,amazoncanada-support.com,public
domain,anpost-deliverysupport.com,public
domain,ca-2039dhlupatedca-en.com,public
domain,ca-2831dhlpackagesca-en.com,public
domain,deposer-vosfonds.online,public
domain,deposermaintenant.online,public
domain,gouvfonds-disponible.online,public
domain,anpost.manage-feeshub.com,public
domain,customsanpost-fee.com,public
domain,www.hydrofamilybc.top,public
domain,intrranc-reilief.online,public
domain,federalfundservice.com,public
domain,cibc.lostandfraude-depart.ca,public
domain,1001-directweb-cheqca.com,public
domain,anpost-payparcelfee.com,public
domain,telus.canadauser.com,public
domain,climate-controlbc.live,public
domain,customsfees-anpost.com,public
domain,lhv-turvameeskond.com,public
domain,mobi-secure.life,public
domain,mobi-secure.info,public
domain,www.canada-post.click,public
domain,mobi-navig.life,public
domain,mobi-navig.info,public
domain,mobilitysupport.net,public
domain,auspostinfo.com,public
domain,loto-retour.info,public
domain,secure-details-inc.site,public
domain,claims-sec.cc,public
domain,mobility-returns.com,public
domain,atb.financial-personal.com,public
domain,incomonline.ca,public
domain,amazon-deliveryhub.com,public
domain,anztransactionlogin.com,public
domain,customerconnectivityissues.com,public
domain,mobile.customerconnectivityissues.com,public
domain,mobility.customerconnectivityissues.com,public
domain,network.customerconnectivityissues.com,public
domain,recent.customerconnectivityissues.com,public
domain,servicedirectfund.com,public
domain,servicedirectfunds.com,public
domain,ca-cp.us,public
domain,canadapost-postescanada.ca-cp.us,public
domain,post-assistance-au.com,public
domain,retryaus-post.com,public
domain,intracc-depo.site,public
domain,december.customerconnectivityissues.com,public
domain,telus.ca-transfer.com,public
domain,authentications-td.com,public
domain,scotiag87ycash9u.com,public
domain,mobilitysupport.online,public
domain,serviceontario-help.cloud,public
domain,serviceontario-trillium.cloud,public
domain,serviceontariobenefit.cloud,public
domain,trilliumbenefit-infos.cloud,public
domain,trilliumbenfitservice.cloud,public
domain,trilliumonbenefit.cloud,public
domain,trilliumontariobenefit.cloud,public
domain,directfundservices.com,public
domain,funddirectservices.com,public
domain,hydrofamilybc.top,public
domain,myasb-co-nz.cc,public
domain,sabbatical.shop,public
domain,my.my-payee-update.com,public
domain,netflix-billed.com,public
domain,sabbatical.site,public
domain,telus.refundcharge.com,public
domain,telus.interac-refundcharge.com,public
domain,canadapost.redeliverycharge.ca,public
domain,appeal-uber-ride.com,public
domain,trilliumontario.cloud,public
domain,applepay-secure.com,public
domain,updatesdhlparcelca.info,public
domain,tdauth009.com,public
domain,mobilityidentification.com,public
domain,telus.mobilityidentification.com,public
domain,mytelus--refunds.info,public
domain,reactivate-cbadevice.com,public
domain,bankaustria-ib.com,public
domain,anpost-securedsupport.com,public
domain,infractions-parking4.city,public
domain,amazonhelp-ca.com,public
domain,anpost-securepayservice.com,public
domain,feemobicustoms-anpost.com,public
domain,delivery-parcelhub.com,public
domain,www.onlinetransferpay.ca,public
domain,onlinetransferpay.ca,public
domain,e-tr10001.ca,public
domain,et-lntarec-accpt-secure.cc,public
domain,myroger-refund.info,public
domain,redeliverycharge.ca,public
domain,ca-9387dhlupdates-en.com,public
domain,ca-2384dhlparcel-en.com,public
domain,rev-verifydata.com,public
domain,inc-fundsreturn.com,public
domain,rogersecure.top,public
domain,mobile-customspostoffice.com,public
domain,etransportal.xyz,public
domain,interactransfers.online,public
domain,canada-post-intern9837998-gov.com,public
domain,fidomobility-bill.com,public
domain,ca-mobileretrn.net,public
domain,bill.ca-mobileretrn.net,public
domain,account.ca-mobileretrn.net,public
domain,alert.ca-mobileretrn.net,public
domain,refund.ca-mobileretrn.net,public
domain,mobileretrn.net,public
domain,alert.mobileretrn.net,public
domain,bill.mobileretrn.net,public
domain,account.mobileretrn.net,public
domain,refund.mobileretrn.net,public
domain,retrnmobile.net,public
domain,alert.retrnmobile.net,public
domain,account.retrnmobile.net,public
domain,bill.retrnmobile.net,public
domain,refund.retrnmobile.net,public
domain,am-azondetails.info,public
domain,srrsec.gives,public
domain,srrsec.online,public
domain,cadforlifers.life,public
domain,telus.extra-donnees-gratuit.gq,public
domain,quebec.donnee-extragratuit.gq,public
domain,customerdeposit.com,public
domain,extra.donnee-gratuitclient.gq,public
domain,client.extradonneesgratuit.gq,public
domain,rogersaccess-id.com,public
domain,rbc-onlineaccess.com,public
domain,interacrogers.center,public
domain,www-scotia1-online-verif.com,public
domain,intranc-deposit.online,public
domain,myaccess-id.com,public
domain,rogers.myaccess-id.com,public
domain,inc-fido-org.site,public
domain,amz-subscription-ref.buzz,public
domain,mobilecustomerdeposit.com,public
domain,prime-member.ca,public
domain,telusmobility-billing.com,public
domain,amz-subscription-ref.cfd,public
domain,returnfund-id.ca,public
domain,scotia-myprofile-online.com,public
domain,secure-liens.ink,public
domain,hssw.pw,public
domain,amazon.fsssp.pw,public
domain,fsssp.pw,public
domain,amazon.hssw.pw,public
domain,amazon.mmkk2t3.pw,public
domain,myportal-co-nz.cc,public
domain,noticedhlupdatesca.info,public
domain,rogers.myaccount-id.com,public
domain,beneftril.com,public
domain,lnteractransfers.org,public
domain,rbc-online-profile.com,public
domain,u3eh2jo.com,public
domain,supportcentermobility.online,public
domain,anzotpresolve.com,public
domain,telus.mobility.ca-etransfer.com,public
domain,amz-subscription-ref.website,public
domain,privatedetails-serviceca.com,public
domain,et.privatedetails-serviceca.com,public
domain,rogers.myaccess-ca.com,public
domain,myride-billing-uber.info,public
domain,retrynzpost.com,public
domain,confirm.nzdelivery.link,public
domain,rbc-manageonline.com,public
domain,verify.nzdelivery.link,public
domain,confirmation.nzdelivery.link,public
domain,ca-3457dhlcustomers-en.com,public
domain,ca-4211dhlupdatedca-en.com,public
domain,ca-2983dhlclient-en.com,public
domain,ca-7384dhlpackage-en.com,public
domain,ca-3947packagedhlca-en.com,public
domain,ca-4358parceldhlca-en.com,public
domain,ca-4568packagesdhlca-en.com,public
domain,ca-8475parcelsdhlca-en.com,public
domain,www.auspostage.link,public
domain,auspostage.link,public
domain,rbc.1banksecure.com,public
domain,roylbank.1ca-etransfer,public
domain,mmkk2t3.pw,public
domain,royalbank.1ca-etransfer.com,public
domain,rbc.1ca-etransfer.com,public
domain,interac.1ca-etransfer.com,public
domain,klpozz2er.pw,public
domain,amazon.klpozz2er.pw,public
domain,www.auspostage.org,public
domain,auspostage.org,public
domain,my.client-update-details.com,public
domain,xyysub4ama.pw,public
domain,amazon.xyysub4ama.pw,public
domain,vm-rbcroyalbank4.com,public
domain,mobilepostoffice-irishcustoms.com,public
domain,anpost-parcelclearancefee.com,public
domain,instagram.trendingbaitouts.com,public
domain,fido-return.site,public
domain,deliveryhub-ie.com,public
domain,anpost.deliveryhub-ie.com,public
domain,anpost-delivery-fee-alert.com,public
domain,mobilepostoffice-customsire.com,public
domain,anpost.payment-notices.com,public
domain,anpost-postalpay-fee.com,public
domain,rev-security-update.com,public
domain,et-tels-acc.xyz,public
domain,lnfo.et-tels-acc.xyz,public
domain,transf-2a31c4.xyz,public
domain,transmit-9a31c7.xyz,public
domain,transmit-9e67c4.xyz,public
domain,transmit-4e67c1.xyz,public
domain,transmit-1a67c2.xyz,public
domain,transmit-7a81c3.xyz,public
domain,transmit-s45ca7.xyz,public
domain,post-importfee-service.com,public
domain,www-4519-xxxx-online-rbc.us,public
domain,mobipostoffice-customs.com,public
domain,etrnssfer.com,public
domain,etrnsffer.com,public
domain,etrnsfer.net,public
domain,mobile-retrn.net,public
domain,tmcom.mobile-retrn.net,public
domain,retrn-mymobile.net,public
domain,tmcom.retrn-mymobile.net,public
domain,ap.fix817821.help,public
domain,auspost-tracking-on.line.pm,public
domain,bmo-clientporfile.com,public
domain,mycomm-helpdesk-dashboard.com,public
domain,hse-gov-testkits.com,public
domain,parcelservices-delivery.com,public
domain,hse-application.com,public
domain,review-co-nz.cc,public
domain,canpostschedule.info,public
domain,parceldhlupdatesca.info,public
domain,interactmycraref001838.com,public
domain,income000canada.net,public
domain,postoffice-irelandmobileonline.com,public
domain,securityrrcbinc.xyz,public
domain,mobilitycustomerdeposit.com,public
domain,bmoreview-online.com,public
domain,atpostbedienung.com,public
domain,td.easyweeb-auth.top,public
domain,1bmo-alerts-login.com,public
domain,refundmytel.us,public
domain,rogers-overbilled.com,public
domain,telus-portalgate.com,public
domain,helpinflation.info,public
domain,supportinflation.help,public
domain,www.supportinflation.help,public
domain,telmobilitycustomerdeposit.com,public
domain,fidogift-december.com,public
domain,myasb-co-nz.co,public
domain,directonlinebenefits.com,public
domain,amz-subscription-ref.live,public
domain,post-customfees-service.com,public
domain,fundsreturn-id.ca,public
domain,aupostage.org,public
domain,amz-subscription-ref.sbs,public
domain,costco-wholesales.com,public
domain,ccps.pw,public
domain,amazon.ccps.pw,public
domain,ffpp.pw,public
domain,amazon.ffpp.pw,public
domain,intrancac-deposit.online,public
domain,canadapost.editdelivery.ca,public
domain,editdelivery.ca,public
domain,expresspost-delivery.com,public
domain,easywebdeposit.ca,public
domain,canadapost18811.com,public
domain,telmobilecustomer-deposit.com,public
domain,11010e-tr.info,public
domain,www.aupostage.org,public
domain,auspost.co-update.com,public
domain,telmobility-etdeposit.com,public
domain,qrvxgs.com,public
domain,et-customerdepo.com,public
domain,helpinflation.life,public
domain,inflationbcab.life,public
domain,telusphonereturn.ca,public
domain,inflationbcab.help,public
domain,www.helpinflation.life,public
domain,www.inflationbcab.help,public
domain,update-online-appleid.com,public
domain,interac.seversecuredeposite.com,public
domain,interac-transfer.seversecuredeposite.com,public
domain,trackpostecanada.ca,public
domain,utility-scheme-uk.com,public
domain,rx-intracts1.info,public
domain,www.helpinflation.info,public
domain,supportinflation.life,public
domain,www.supportinflation.life,public
domain,asbportal-co-nz.cc,public
domain,tel-ref-ac.xyz,public
domain,returns.tel-ref-ac.xyz,public
domain,applepay-reactivatenow.com,public
domain,ca-2938bcparking-en.com,public
domain,ca-8273parkingcity-bc.com,public
domain,ca-3847cityparking-bc.com,public
domain,ca-3845vancouverbc-city.com,public
domain,ca-3621bcparking-city.com,public
domain,ca-7364vancouvercity-en.com,public
domain,ca-4857vancouvercity-bc.com,public
domain,ca-5377parkingbc-city.com,public
domain,lhv-tagatismakse.com,public
domain,telus.seversecuredeposite.com,public
domain,telus.serversecuredeposit.com,public
domain,telus.userloginca.com,public
domain,interac.telus.userloginca.com,public
domain,telus-etransfer.userloginca.com,public
domain,lhv-turvatugi.com,public
domain,telus.seversecuredeposit.com,public
domain,mobileirishcustoms.com,public
domain,customs-importfeehub.com,public
domain,anpost-deliveries.com,public
domain,anpost-deliverypay.com,public
domain,mobilerevolut-ie.com,public
domain,postdeliveryservice.com,public
domain,customsire.com,public
domain,anpost-customparcel-fee.com,public
domain,xpresspost.sk-6g3t9.com,public
domain,infocra.inflationsupport.help,public
domain,www.infocra.inflationsupport.help,public
domain,canada-revenue-agency.gov37749.online,public
domain,deposit-canada.gov37749.online,public
domain,cra-deposit.gov37749.online,public
domain,return-canada.gov37749.online,public
domain,365onlineportal-web.com,public
domain,deliveryhub-ireland.com,public
domain,anpost.deliveryhub-ireland.com,public
domain,www-rbc-authentification-card.xyz,public
domain,inetrans-gouv-caq.online,public
domain,incomecracanada.net,public
domain,etran-5880.info,public
domain,canada-post.link,public
domain,customsfee-ire.com,public
domain,anpost-payacservice.com,public
domain,postecanadatrack.ca,public
domain,www.tel-mobilitytransfer.com,public
domain,fido-return-inc.site,public
domain,anpost-delivery-queries.com,public
domain,rbc-account-secureb01-auth.pegle.com,public
domain,1bmo-overview-signin.com,public
domain,totta.conta-pt-suporte.com,public
domain,irishcustoms-mobile.com,public
domain,gstpay.ca,public
domain,www-td-authentification-card.info,public
domain,post-importfee-services.com,public
domain,ca-5377parceldhl-en.com,public
domain,ca-3585pendingdhl-en.com,public
domain,ca-2475updatescadhl-en.com,public
domain,ca-8374dhlparcelca-en.com,public
domain,ca-4975updatesdhl-en.com,public
domain,ca-8475dhldelivery-en.com,public
domain,ca-8837dhlpendingca-en.com,public
domain,ca-9303pendingdhl-en.com,public
domain,lhv-mobilene-turvalisus.com,public
domain,amz-subscription-ref.icu,public
domain,telusgate.com,public
domain,secure-liens1.ink,public
domain,info-secured.com,public
domain,td-easyweb.info-secured.com,public
domain,totta.suporte-pt-conta.com,public
domain,anpost-redelivery-ie.com,public
domain,desj-qc-fichier.online,public
domain,craonlinetransfer.online,public
domain,returns.ca-admincenter.com,public
domain,onlinedirectpay.ca,public
domain,uber-accounts.online,public
domain,kkps.pw,public
domain,lnterac.kkps.pw,public
domain,kkppp.pw,public
domain,lnterac.kkppp.pw,public
domain,hzsp.pw,public
domain,lnterac.hzsp.pw,public
domain,kssm.pw,public
domain,lnterac.kssm.pw,public
domain,crasecure.info,public
domain,secure-amazon.info,public
domain,gomoney-co-nz.cc,public
domain,intrnac-deposit.online,public
domain,en-candapost.com,public
domain,www-authentification-rbc-card.xyz,public
domain,bmo-signinclient.com,public
domain,etran-0955.info,public
domain,pendingdhldeliveryca.info,public
domain,mycralogin.info,public
domain,canadapostbc.com,public
domain,member-rewards-coupon.ca,public
domain,member-executive-reward-coupons.ca,public
domain,ca-admincenter.com,public
domain,interac.hhjspx.pw,public
domain,telus.myonline-secure.com,public
domain,mobilerogers.ca-depositsecure.com,public
domain,rogers.ca-depositsecure.com,public
domain,cra-trilliumgr.tk,public
domain,100001e-tr.ca,public
domain,asbhelp-co-nz.cc,public
domain,member-executive-coupon-reward.ca,public
domain,member-executive-rewards.ca,public
domain,amz-subscription-ref.link,public
domain,amz-subscription-ref.quest,public
domain,vm-rbcroyalbank11.com,public
domain,bmosecuredepartement.info,public
domain,rogersid.billing-app1.com,public
domain,securecrkdeposit.com,public
domain,clientnetworkissue.com,public
domain,asbreview-co-nz.cc,public
domain,interac.myonline-secure.com,public
domain,clientnetworkissues.com,public
domain,clientrecentissues.com,public
domain,connectivityclientissues.com,public
domain,recentnetworkissue.com,public
domain,recentnetworkissues.com,public
domain,ca-molbilityreturncenters.com,public
domain,ca-moblilityreturns.com,public
domain,client-rbc-signin.com,public
domain,admincentr.com,public
domain,postcanadatracking.com,public
domain,ubersupport.online,public
domain,reegister-appiepayau.com,public
domain,appiepay-on.line.pm,public
domain,appiepay-on.line.pm,public
domain,cr-rbcroyalbank.com,public
domain,cr-rbcroyalbank1.com,public
domain,verify.apple-security.net,public
domain,telus.authorizee-transfer.com,public
domain,mobilitytelus.authorizee-transfer.com,public
domain,my.new-payee-secure.com,public
domain,sappw.pw,public
domain,lnterac.sappw.pw,public
domain,krspp.pw,public
domain,lnterac.krspp.pw,public
domain,limited-co-nz.cc,public
domain,my.gov-client-portal.com,public
domain,cadcra.support,public
domain,refunds.interact.cadcra.support,public
domain,etransfer.cadcra.support,public
domain,reassessment.cadcra.support,public
domain,client.portal.cadcra.support,public
domain,interac.securautodeposit.com,public
domain,telus.securautodeposit.com,public
domain,myrogersid.app-billing.com,public
domain,mycomm-dashboard-helpdesk.com,public
domain,telus.transfercasystem.com,public
domain,interac.transfercasystem.com,public
domain,secure-lien.ink,public
domain,anpost-paydeliveryonline.com,public
domain,anpost-delivery-fee.com,public
domain,vm-rbcroyalbank12.com,public
domain,deliveryhub-track.com,public
domain,anpost.deliveryhub-track.com,public
domain,anpostcustomerfee.com,public
domain,support-mobility.online,public
domain,anpost-packageclearance.com,public
domain,transmit-8c31a7.xyz,public
domain,transmit-7a67c4.xyz,public
domain,transmit-4a67e1.xyz,public
domain,transmit-1e67b2.xyz,public
domain,transf-7a38c4.xyz,public
domain,rev-ie.com,public
domain,parcelhub-delivery.com,public
domain,totta.conta-sc-suporte.com,public
domain,anpost-authpayservice.com,public
domain,cra.gst-hst.autodeposit-details.online,public
domain,canada-gst-hst.autodeposit-details.online,public
domain,cra.autodeposit-details.online,public
domain,anpost-parcel-redelivery.com,public
domain,anpost-queries.com,public
domain,refundprogrambellmobility.com,public
domain,browserlinksender.ca,public
domain,emtemployementsecured.online,public
domain,postdeliveryservices.com,public
domain,customsirelandonline.com,public
domain,canada-post-can-tracking-ca.com,public
domain,trackingpostcanada.com,public
domain,anpost-service-ie.com,public
domain,etran-4100.info,public
domain,etran-41001.info,public
domain,id2036.ca-5377parceldhl-en.com,public
domain,id9384.ca-5377parceldhl-en.com,public
domain,id1634.ca-3585pendingdhl-en.com,public
domain,id9273.ca-3585pendingdhl-en.com,public
domain,amazon-facture.info,public
domain,www-auth-4519-xxxx-rbc-card.info,public
domain,deposervosfonds.com,public
domain,1telus.adminreturnca.com,public
domain,ca-interac.adminreturnca.com,public
domain,1001-claim-etransfer-deposit.com,public
domain,mobire-postoffice.com,public
domain,bmoclient-signin.com,public
domain,rbcfraudsalert.myvnc.com,public
domain,client-annual-wholesale-coupon.ca,public
domain,rogers-myaccess-profile.com,public
domain,ca-overagereturncenter.com,public
domain,deliveryhub-fee.com,public
domain,anpost.deliveryhub-fee.com,public
domain,et-mobilcustomerdepo.com,public
domain,bmo-signin-client.com,public
domain,id8374.ca-2475updatescadhl-en.com,public
domain,id8126.ca-2475updatescadhl-en.com,public
domain,id9302.ca-8374dhlparcelca-en.com,public
domain,id0208.ca-8374dhlparcelca-en.com,public
domain,teluservice.online,public
domain,return-fido.site,public
domain,irishcustomspost.com,public
domain,rbc-secure-signin.com,public
domain,ca-workerbenefit.ca,public
domain,postcanadian.org,public
domain,postalcanadaservice.ca,public
domain,tdeasywb-client.com,public
domain,et-mobilitycustomerdepo.com,public
domain,fastnet-co-nz.cc,public
domain,etbenefgrnts.live,public
domain,gouvtransfer-bankchoice.com,public
domain,cratransferfunds.online,public
domain,itc-publicnotice.com,public
domain,www-td-easywebclient.com,public
domain,1bmo-overview-login.com,public
domain,customerdepo.com,public
domain,cr-rbcroyalbank4.com,public
domain,en-canadapst.com,public
domain,c-a-q-gouv.online,public
domain,1bmo-overviewclient.com,public
domain,liens-secure.com,public
domain,jjppr.pw,public
domain,lnterac.jjppr.pw,public
domain,cr-cadpay.icu,public
domain,etran-6981.info,public
domain,etran-69811.info,public
domain,nabconnect-on.line.pm,public
domain,depositfinancialfund.com,public
domain,services-ausmygov.com,public
domain,transf-7o38b4.xyz,public
domain,transmit-8e31f7.xyz,public
domain,transmit-7a37c1.xyz,public
domain,transmit-4a47e2.xyz,public
domain,transmit-1e64b2.xyz,public
domain,transmit-6e37f4.xyz,public
domain,cr-rbcroyalbank5.com,public
domain,appswallet-updates.com,public
domain,id0323.ca-4975updatesdhl-en.com,public
domain,id9381.ca-4975updatesdhl-en.com,public
domain,id7373.ca-8475dhldelivery-en.com,public
domain,id0293.ca-8475dhldelivery-en.com,public
domain,myfastnet-co-nz.cc,public
domain,appswallet-updates.com,public
domain,cad-returnscenter.ink,public
domain,support.cr-cadpay.icu,public
domain,inter.cr-cadpay.icu,public
domain,more.cr-cadpay.icu,public
domain,cad.cr-cadpay.icu,public
domain,etran.cr-cadpay.icu,public
domain,ontariocredit.info,public
domain,identityeasyweb-td.ink,public
domain,my.protect-secure-income.net,public
domain,interac.adminreturnca.com,public
domain,telus.securecareturn.com,public
domain,telus.adminreturnca.com,public
domain,interac.securecareturn.com,public
domain,ubersupport.website,public
domain,craon-govtrillium.tk,public
domain,secure-liensv.co,public
domain,ca-9391updatesparcel-en.com,public
domain,ca-9398updatesparcel-en.com,public
domain,ca-3241packageupdates-en.com,public
domain,ca-3240packageupdates-en.com,public
domain,ca-9381parcelreschedule-en.com,public
domain,ca-9384parcelreschedule-en.com,public
domain,ca-2451packagereschedule-en.com,public
domain,ca-3451packagereschedule-en.com,public
domain,mycomm-verify-helpdesk.com,public
domain,canxmas-pos-t24.online,public
domain,intnranc-deposit.online,public
domain,easy-web019376.online,public
domain,authentification-easyweb.online,public
domain,easyweb2authentification.online,public
domain,my.ing-client-secure.com,public
domain,etca-0047.ca,public
domain,bbvagestionar.com,public
domain,postdeliveryhub.com,public
domain,deliveryhub-fees.com,public
domain,anpost.deliveryhub-fees.com,public
domain,eelogin.online,public
domain,anpost-deliveryfeesonline.com,public
domain,verify-online-access.com,public
domain,mobilitysupportservice.net,public
domain,etransfer.support,public
domain,anpost-customparcel-fees.com,public
domain,parcel-deliveryserivce.com,public
domain,customer-etdeposit.com,public
domain,cadforlifers.cyou,public
domain,return-fido-org.site,public
domain,ca-servicesupport.com,public
domain,anpost-packageclearancefee.com,public
domain,anpost-service-fee-alert.com,public
domain,canada-post.reschedule-fee.online,public
domain,anpost-servicequeries.com,public
domain,e-transferinfo.online,public
domain,e-100001tr.ca,public
domain,hydro-program.site,public
domain,anpost.transport-payments.com,public
domain,carrierservicesupport.com,public
domain,caemployementsecured.online,public
domain,paket-lieferservice.at,public
domain,arqsecure.info,public
domain,bmo-profilesignin.com,public
domain,postofficeirish-fee.com,public
domain,inv-1emt.ink,public
domain,anpost-postalservicepay.com,public
domain,deposesaujourdhui.online,public
domain,anpost-redeliver-packages.com,public
domain,updatedhlpackage.info,public
domain,tesfonds-maintenant.online,public
domain,tradingcryptomax.online,public
domain,aaqqref.pw,public
domain,interac.aaqqref.pw,public
domain,wireless-services.online,public
domain,bmo.idinfo-login.com,public
domain,bbccww.pw,public
domain,interac.bbccww.pw,public
domain,sssmwwq.pw,public
domain,interac.sssmwwq.pw,public
domain,auth-bmoclient.com,public
domain,sqpmssh.pw,public
domain,interac.sqpmssh.pw,public
domain,sswwmm.pw,public
domain,interac.sswwmm.pw,public
domain,parking-infractions4.city,public
domain,identity-telus.serveirc.com,public
domain,amazon.cad.primenotifications-administrator.com,public
domain,ca-account.com,public
domain,primeupdate.ca-account.com,public
domain,www.telusmobility.life,public
domain,telusmobility.life,public
domain,ca-3840updatepackageca-en.com,public
domain,ca-3847updatepackageca-en.com,public
domain,ca-7361parcelupdates-en.com,public
domain,ca-7362parcelupdates-en.com,public
domain,ca-8371rescheduleparcel-en.com,public
domain,ca-8376rescheduleparcel-en.com,public
domain,ca-3859reschedulepackageca-en.com,public
domain,ca-3856reschedulepackageca-en.com,public
domain,ca-admincarescenter.com,public
domain,canadapostinfo.com,public
domain,anpostparcelfee-alert.com,public
domain,anpost-unpaid-charge.com,public
domain,eng-canadapste.com,public
domain,1001-etransferca-trustweb.com,public
domain,mybmo-online-client.com,public
domain,prime.update.ca-account.com,public
domain,rescheduledhlupdate.info,public
domain,admin-account.online,public
domain,cancellationhelp365.com,public
domain,etran-7230.info,public
domain,etran-72300.info,public
domain,xxkkii.pw,public
domain,interac.xxkkii.pw,public
domain,ttrefwe.pw,public
domain,interac.ttrefwe.pw,public
domain,ggbbshh.pw,public
domain,interac.ggbbshh.pw,public
domain,hhjjuuttt.pw,public
domain,interac.hhjjuuttt.pw,public
domain,ddwwwpos.pw,public
domain,interac.ddwwwpos.pw,public
domain,authscotiabankonline.com,public
domain,directonlinereturns.com,public
domain,onlinedirectdeposit.com,public
domain,12001e-tran.ca,public
domain,telus.authorizationca.com,public
domain,applepay-reactivation1.com,public
domain,craon-govtrillium.ml,public
domain,1bmo-login-summary.com,public
domain,interac.casecurebilling.com,public
domain,information-verification.top,public
domain,returxnds.online,public
domain,ca-adminhelpcentre.com,public
domain,returxnds.xyz,public
domain,lnteract.returxnds.xyz,public
domain,interac.authorizationca.com,public
domain,refund-rogers.top,public
domain,au-appleassistance.com,public
domain,etransfer-interac-ca-acceptpayment.ru,public
domain,assistbnz.me,public
domain,gggpzw.pw,public
domain,ggpzw.pw,public
domain,lnterac.ggpzw.pw,public
domain,fszpss.pw,public
domain,lnterac.fszpss.pw,public
domain,lnteric.gggpzw.pw,public
domain,mygovsecure.com,public
domain,banque-nationale-securite.com,public
domain,nab-authentication.com,public
domain,crareturningservices.xyz,public
domain,mobilepaydirect.ca,public
domain,interac.autherizationca.com,public
domain,nabverifylogin.com,public
domain,inv-2emt.ink,public
domain,gc-inflationcanada.com,public
domain,surplus-info.me,public
domain,authorizationca.com,public
domain,ca-0392parcelupdate-en.com,public
domain,ca-0302parcelupdate-en.com,public
domain,ca-2366packagesupdateca-en.com,public
domain,ca-2361packagesupdateca-en.com,public
domain,ca-8374rescheduleupdate-en.com,public
domain,ca-8394rescheduleupdate-en.com,public
domain,ca-5322packagecaparcel-en.com,public
domain,ca-5320packagecaparcel-en.com,public
domain,mobilebnz.cc,public
domain,telus.identity-acc.com,public
domain,helpontariocitizen.com,public
domain,ontarioresidenthelp.com,public
domain,ontariotrilliumhelp.com,public
domain,helpontariotrillium.com,public
domain,ontariocitizenhelp.com,public
domain,helpontarioresident.com,public
domain,bendigo-on.line.pm,public
domain,postoffice-feesanpost.com,public
domain,deliveryhub-online.com,public
domain,anpost.deliveryhub-online.com,public
domain,anz-on.line.pm,public
domain,anpost-customdelivery-fee.com,public
domain,anpost-postaldeliveryservice.com,public
domain,totta.cliente-conta.com,public
domain,rev-auth-ie.com,public
domain,postoffice-eucustoms.com,public
domain,anpost-payservice-fee.com,public
domain,customs-packagehub.com,public
domain,totta.cliente-pt-conta.com,public
domain,delivery-payservice.com,public
domain,anpost.delivery-payservice.com,public
domain,anpost-delivery-assistance.com,public
domain,scotlaca-statusaierts.com,public
domain,scotlaca-smslnfoaierts.com,public
domain,scotlasms-lnfo-aiertsca.com,public
domain,customs-anposteu.com,public
domain,anpost-delivery-service.com,public
domain,anpostdelivery-query.com,public
domain,etranss.co,public
domain,employementcasecured.online,public
domain,lnterac.gggpzw.pw,public
domain,anpost-ie-fees.co,public
domain,nbcsecure.top,public
domain,rrffndd.xyz,public
domain,ffndd.xyz,public
domain,lnteract.ffndd.xyz,public
domain,lnteract.rrffndd.xyz,public
domain,www.re-dct617.online,public
domain,intern789850-canadapost-gov.com,public
domain,interactmycraref001933.com,public
domain,return-inc-fido.site,public
domain,www.canada-post.gift,public
domain,support-account.online,public
domain,anpost-onlinequeries.com,public
domain,ppsppw.pw,public
domain,lnterac.ppsppw.pw,public
domain,prappsw.pw,public
domain,lnterac.prappsw.pw,public
domain,przppw.pw,public
domain,lnterac.przppw.pw,public
domain,pppspps.pw,public
domain,lnterac.pppspps.pw,public
domain,heatingrelief-ns.info,public
domain,intrncac-deposit.online,public
domain,mobilcarrier-support.com,public
domain,fastnetportal-co-nz.cc,public
domain,revenu-quebec-retour.com,public
domain,asb-bank-support-nz.work.gd,public
domain,admin.annualcashback.ca,public
domain,canadapostcanadiandeliveryattempt.com,public
domain,canadapostdeliveryattempt.com,public
domain,canadapostcanadadeliveryattempt.ca,public
domain,canadapostdeliveryattempt.ca,public
domain,ghqpljj.pw,public
domain,werefghswe.pw,public
domain,wmccjdhe.pw,public
domain,ttyyuhwei.pw,public
domain,hhggxxw.pw,public
domain,interac.ghqpljj.pw,public
domain,interac.hhggxxw.pw,public
domain,interac.ttyyuhwei.pw,public
domain,rttrrnss.xyz,public
domain,interac.werefghswe.pw,public
domain,www.instantpretecryptoidebitee.com,public
domain,interac.wmccjdhe.pw,public
domain,nab-support-bank.work.gd,public
domain,hhjdkswis.pw,public
domain,interac.hhjdkswis.pw,public
domain,lwwqqcxv.pw,public
domain,interac.lwwqqcxv.pw,public
domain,mmnshwoep.pw,public
domain,interac.mmnshwoep.pw,public
domain,lkqqbbxde.pw,public
domain,interac.lkqqbbxde.pw,public
domain,tgffddcmrew.pw,public
domain,interac.tgffddcmrew.pw,public
domain,cxnnwusht.pw,public
domain,interac.cxnnwusht.pw,public
domain,lnteract.rttrrnss.xyz,public
domain,inv-3emt.ink,public
domain,ca-3990updatepackage-en.com,public
domain,ca-3993updatepackage-en.com,public
domain,ca-2883parcelupdatedca-en.com,public
domain,ca-2881parcelupdatedca-en.com,public
domain,ca-9388helpreschedule-en.com,public
domain,ca-2141packageupdates-en.com,public
domain,ca-2148packageupdates-en.com,public
domain,ca-9380helpreschedule-en.com,public
domain,directfederalservice.com,public
domain,benefitsfundservice.com,public
domain,www.telusreview-secured.com,public
domain,www.telusreviewsecured.com,public
domain,canadaposts-eng.com,public
domain,registrationbenefit.net,public
domain,nsjsjhdg.pw,public
domain,interac.nsjsjhdg.pw,public
domain,ammunntt.xyz,public
domain,lnteract.ammunntt.xyz,public
domain,e-tr10011.ca,public
domain,ref.qc-inflation.com,public
domain,asb.co-nz-on.line.pm,public
domain,transf-7o36b4.xyz,public
domain,transmit-9e31f7.xyz,public
domain,transmit-7a35c1.xyz,public
domain,transmit-4a07e2.xyz,public
domain,transmit-1e69b2.xyz,public
domain,transmit-6e31f4.xyz,public
domain,ghbkiji8.xyz,public
domain,lnteract.ghbkiji8.xyz,public
domain,errorfundsdepos.info,public
domain,sondageoperateurqc.online,public
domain,www.sondageoperateurqc.online,public
domain,applepay-reactivate-secure22.com,public
domain,canadapost-schedule.info,public
domain,appcontactwallet.com,public
domain,ing.com-au-on.line.pm,public
domain,ca-tracking-33391113.com,public
domain,ca-tracking-33391553.com,public
domain,trackingdhl-33391113.com,public
domain,trackingdhl-32391313.com,public
domain,waybillca-230421.com,public
domain,waybillca-239421.com,public
domain,info-3391213-en.com,public
domain,info-3391313-en.com,public
domain,eelogin.net,public
domain,tdauthclient.com,public
domain,asb-co-secure.com,public
domain,appcontactwallets.com,public
domain,teius.ca-administraivecenter.com,public
domain,ca-administraivecenter.com,public
domain,10001e-transfer.online,public
domain,sondageidebitedirect.online,public
domain,reactivate-anz.com,public
domain,www.selfserve.click,public
domain,fey71he01.help,public
domain,anzactivate.com,public
domain,netflix-program.site,public
domain,telus.my-idaccess.com,public
domain,moblility-returncenter.com,public
domain,191.101.234.42,public
domain,191.101.234.42:3030,public
domain,helphosteryes.name,public
domain,auspost.com-au-on.line.pm,public
domain,wallet.linkpc.net,public
domain,anpost-deliveryservice.com,public
domain,appwalletcontacts.com,public
domain,an.post-transportfees.com,public
domain,anpostparcel-deliveryfee.com,public
domain,package-importfees.com,public
domain,noticemygov.com,public
domain,anpost-clearancefee.com,public
domain,etran-51099.info,public
domain,etran-5109.info,public
domain,servicefeesregis.eu,public
domain,online-support.team,public
domain,rbc.online-support.team,public
domain,mobility-fido.site,public
domain,post-servicecharge.com,public
domain,an.post-servicecharge.com,public
domain,anpost-parcel-queries.com,public
domain,cpcansupp2201.com,public
domain,gov-return.info,public
domain,interac.verifyautotransfer.com,public
domain,employementcaemt.live,public
domain,telus.verifyautotransfer.com,public
domain,revenuqc-secureinterac.ca,public
domain,totta.conta-cliente-pt.com,public
domain,rogers.casystmsecure.com,public
domain,rogersclient.casystmsecure.com,public
domain,rrvvnuu.xyz,public
domain,interactonline3gty04d97ku-et.ca,public
domain,money-deposit.online,public
domain,anpostfeescustoms.com,public
domain,mobillity-returnscenter.com,public
domain,teius.mobillity-returnscenter.com,public
domain,totta.cliente-conta-pt.com,public
domain,anpost-customerfee.com,public
domain,securetransnet.ca,public
domain,amzsuphlp.com,public
domain,whoiz.store,public
domain,fastenet.org,public
domain,canada-post-reimbursedp5-interap.com,public
domain,clientpannesreseau.com,public
domain,benefitsfundprocess.com,public
domain,directfederalprocess.com,public
domain,pannesreseauclient.com,public
domain,tempsdesfetesmobilite.com,public
domain,post2tca-337su.ddns.net,public
domain,trackingparcel-canadapost-postescanada.ru,public
domain,netiflex-support.online,public
domain,onlinebankingstd.life,public
domain,userportal-clientel.online,public
domain,intranac-support.online,public
domain,user-clientel.com,public
domain,anzinetbank-on.line.pm,public
domain,anz.idkit-on.line.pm,public
domain,anz.com-au-on.line.pm,public
domain,candaposte.com,public
domain,securesliens.ink,public
domain,interac.clientreturnca.com,public
domain,telus.securereturnca.com,public
domain,interac.returncaclient.com,public
domain,appleassistanceau.com,public
domain,grwedxcd.xyz,public
domain,telus.grwedxcd.xyz,public
domain,lnterac.rrvvnuu.xyz,public
domain,fidelite-mobilite.me,public
domain,inrtanac-deposit.online,public
domain,pverififyyouepay.online,public
domain,interac.securereturnca.com,public
domain,mygovatorefund.com,public
domain,interac.secureseverca.com,public
domain,interac.returncaclient.info,public
domain,telus.secureseverca,public
domain,jazzyisjklk123.top,public
domain,interac.transfersystmsecure.com,public
domain,bchydro-program.site,public
domain,commsec-loginattempt.info,public
domain,telusreimburse.live,public
domain,reimbursetelus.online,public
domain,mobileca.online,public
domain,mobileca.live,public
domain,cantel.live,public
domain,admin.cantel.live,public
domain,support.cantel.live,public
domain,telus.mobileca.live,public
domain,support.mobileca.live,public
domain,onlinemobilesupport.com,public
domain,posthub-services.com,public
domain,rev-ie-auth.com,public
domain,fido-crp-return.site,public
domain,anpost-fee-payment.com,public
domain,apple-on.line.pm,public
domain,pay.apple-on.line.pm,public
domain,mycanada-post.com,public
domain,canadaposte1.com,public
domain,407etrnotice.com,public
domain,health-testkit-online-prevention.co.uk,public
domain,december-customerdeposit.com,public
domain,telus.transfersystmsecure.com,public
domain,www.rd-ct401.online,public
domain,www.deposit-int-live.com,public
domain,myparcel-transferhub.com,public
domain,votreargent.online,public
domain,revinfodepot.online,public
domain,infoapplic600.online,public
domain,deposervotreargent.online,public
domain,sicheres-paket.at,public
domain,reimbursetelus.live,public
domain,telus.billrefunds.live,public
domain,mobilenotice.live,public
domain,telus.mobilenotice.live,public
domain,www.onbenefit.info,public
domain,onbenefit.info,public
domain,craonlinetransferfunds.live,public
domain,www.amzn-ref-subsc.top,public
domain,1001-accountcheq-webtrustcad.com,public
domain,2canadapost.com,public
domain,infractions-parking1.city,public
domain,www.amzn-ref-subscription.icu,public
domain,www.amzn-ref-subscription.link,public
domain,www.amzn-ref-subscription.site,public
domain,overcharge-center.online,public
domain,mobilenotify.online,public
domain,billrefunds.live,public
domain,canadapost2.com,public
domain,eecal.online,public
domain,administrative-returncenter.com,public
domain,www.administrative-returncenter.com,public
domain,ib.nab-on.line.pm,public
domain,nzpostmobile.com,public
domain,customersupport-deposit.com,public
domain,directgvbenefits.com,public
domain,interactonline8hkyu9klmn2r-et.ca,public
domain,etran-5120.info,public
domain,etran-51200.info,public
domain,auspost-online.info,public
domain,en-amzoncanada.com,public
domain,inf-order.xyz,public
domain,interacsecure.info,public
domain,amazon.inf-order.xyz,public
domain,mycorner.support,public
domain,tdauthdeposit.ca,public
domain,teluscarecenter.com,public
domain,ing-secure-on.line.pm,public
domain,cra-interacsecure.ca,public
domain,cadincomtaxref.online,public
domain,my-deposit.ink,public
domain,elttrac.com,public
domain,bjgyjb.xyz,public
domain,my.portal-security-income.net,public
domain,amazon.bjgyjb.xyz,public
domain,customersupportdeposit.com,public
domain,telus.appreturnca.com,public
domain,logme.info,public
domain,bmo-digitalonline.com,public
domain,ca-tracking-03998388.com,public
domain,ca-tracking-38746621.com,public
domain,info-79266633-en.com,public
domain,info-83776355-en.com,public
domain,ca-trackingdhl-19375495.com,public
domain,ca-trackingdhl-37473347.com,public
domain,ca-package-92831726.com,public
domain,ca-package-92874456.com,public
domain,ca-parcel-19287723.com,public
domain,ca-parcel-29990188.com,public
domain,ca-infoupdates-88277726.com,public
domain,ca-infoupdates-99861239.com,public
domain,ca-infoparcel-00291738.com,public
domain,ca-infoparcel-92886371.com,public
domain,ca-infopackage-99280192.com,public
domain,ca-infopackage-99287726.com,public
domain,etr-noticedetails.com,public
domain,telus.my-idauth.com,public
domain,updaterescheduledhl.info,public
domain,bmo-accessdigital.com,public
domain,compensation-qc.info,public
domain,secure-rbc.com,public
domain,securebnz.me,public
domain,postal-servicefee.com,public
domain,anpost-parcel-ie.com,public
domain,ee-bill.co.uk,public
domain,anpost.myparcels-customs.com,public
domain,customs-feesanpost.com,public
domain,myparcels-customsfee.com,public
domain,anpost-customsclearance.com,public
domain,canada-post-tracking-services.com,public
domain,post-canada-tracking-services.com,public
domain,tracking-canada-post-services.com,public
domain,fido-org-return.site,public
domain,postal-servicepayfees.com,public
domain,health-kit-test.co.uk,public
domain,etran-0532.info,public
domain,etran-05322.info,public
domain,feesanpostcustoms.com,public
domain,anpost-postpaysupport.com,public
domain,anpost-feepayment.com,public
domain,mytelusacount.online,public
domain,wholesalebonuses.net,public
domain,sicher-ertse.at,public
domain,bmo-1authdigital.com,public
domain,feeanpost-confirm.com,public
domain,transf-7b36o4.xyz,public
domain,transmit-9a31f7.xyz,public
domain,transmit-7c35a1.xyz,public
domain,transmit-4e07a2.xyz,public
domain,transmit-1b69e2.xyz,public
domain,transmit-6f31e4.xyz,public
domain,canadapost.delivery-attempt.ca,public
domain,deport-service.com,public
domain,anpost-paydelivery-fee.com,public
domain,costco.membership-dashboard.com,public
domain,bankservicesector.ca,public
domain,interactonline4hjp9ned58suf-et.ca,public
domain,cashback-returns.com,public
domain,primeorderscanada.info,public
domain,infocanadaposts.ca,public
domain,rrhajgxjak.pw,public
domain,interac.rrhajgxjak.pw,public
domain,kjgrxwwcxs.pw,public
domain,interac.kjgrxwwcxs.pw,public
domain,ddgbfewwp.pw,public
domain,interac.ddgbfewwp.pw,public
domain,dssdwtcdsddt.pw,public
domain,interac.dssdwtcdsddt.pw,public
domain,ggdswytcs.pw,public
domain,interac.ggdswytcs.pw,public
domain,bfrtpodss.pw,public
domain,interac.bfrtpodss.pw,public
domain,nnaqhsbc.pw,public
domain,interac.nnaqhsbc.pw,public
domain,zzbbcwue.pw,public
domain,interac.zzbbcwue.pw,public
domain,jhgfrchsfe.pw,public
domain,interac.jhgfrchsfe.pw,public
domain,clientspannesreseau.com,public
domain,pannesreseauclients.com,public
domain,tempsdesfetespannes.com,public
domain,www.rogers-serv.live,public
domain,mycralogin.live,public
domain,amazon.ddred.pw,public
domain,grsk.pw,public
domain,ddred.pw,public
domain,ksrsk.pw,public
domain,amazon.ksrsk.pw,public
domain,amazon.grsk.pw,public
domain,www.telusreview-secured.website,public
domain,bnc-national.com,public
domain,mobillity-carecenter.com,public
domain,onlineparcelsupport.com,public
domain,onlinetransferbenefits.com,public
domain,trilliumbenefit.help,public
domain,www.trilliumbenefit.help,public
domain,inv-4emt.ink,public
domain,neogiftsender2022.ca,public
domain,mobilebnz.info,public
domain,www.dr-xt391.online,public
domain,dghhfdsxt.pw,public
domain,interac.dghhfdsxt.pw,public
domain,ttyhdewwxdr.pw,public
domain,interac.ttyhdewwxdr.pw,public
domain,tdffgfggds.pw,public
domain,interac.tdffgfggds.pw,public
domain,securetdpay.ca,public
domain,eret-ca.info,public
domain,helpcanadiansfunds.com,public
domain,canadiansfundshelp.com,public
domain,11001etr.info,public
domain,customercare-deposit.com,public
domain,helpontarioresidents.com,public
domain,ontariocitizensupport.com,public
domain,ontarioresidentshelp.com,public
domain,ontariotrilliumsupport.com,public
domain,supportontariocitizen.com,public
domain,supportontariotrillium.com,public
domain,reactivate-applepay.support,public
domain,www.amz-customer-sup0rt.best,public
domain,www.telusmobility.pw,public
domain,telusmobility.pw,public
domain,caq-qcinflation.online,public
domain,inflation-caq-qc.online,public
domain,pcoptimum.pw,public
domain,www.pcoptimum.pw,public
domain,tax-can-reference.online,public
domain,taxreference-can.online,public
domain,inrtranac-deposit.online,public
domain,hgddsp.pw,public
domain,lnterac.hgddsp.pw,public
domain,ca-vancouverparking-99982.com,public
domain,ca-vancouverparking-99980.com,public
domain,ca-vancouvercity-99933.com,public
domain,ca-vancouvercity-99930.com,public
domain,ca-parkingvancouver-88836.com,public
domain,ca-parkingvancouver-88830.com,public
domain,ca-vancouver-parking99932.com,public
domain,ca-vancouver-parking99930.com,public
domain,ca-vancouver-city002973.com,public
domain,ca-vancouver-city002971.com,public
domain,ca-parking-vancouver003933.com,public
domain,ca-parking-vancouver003931.com,public
domain,ca-city-parkingvancouver00393.com,public
domain,ca-city-parkingvancouver00391.com,public
domain,ca-vancouverparking-156884.com,public
domain,ca-vancouverparking-156880.com,public
domain,ad-d.us,public
domain,canadapost-postescanada-ca.ad-d.us,public
domain,vr-rbcroyalbank.com,public
domain,telusmobility-bill.com,public
domain,interac.verificationcasystm.com,public
domain,telus.verificationcasystm.com,public
domain,telus.verificationca-admin.com,public
domain,interac.authorizationcasecure.com,public
domain,interac.verificationca-admin.com,public
domain,mycra-gsthst.info,public
domain,help-canpst-package.online,public
domain,service-canpst.online,public
domain,misseddelivery.help,public
domain,n-flix-account-inc.site,public
domain,int-rac.online,public
domain,anpost-packagepostpay.com,public
domain,mycenter.space,public
domain,costco-annaulbonus-membersc.com,public
domain,postal-importfee-services.com,public
domain,anpost-parcelhub-customs.com,public
domain,depot-service-fee.co,public
domain,canadapost.parcel-info.ca,public
domain,eu-customsanpost.com,public
domain,inetrans-gouv-caq.onlineagence-revenue-ca.online,public
domain,agence-revenue-ca.online,public
domain,secureserviceca.life,public
domain,cracanada-government.com,public
domain,etr10001.ca,public
domain,n-flix-inc-account.site,public
domain,post-payservice.com,public
domain,an.post-payservice.com,public
domain,depoaujourdhui.online,public
domain,g0uv-canad.online,public
domain,vos-fondsqc.online,public
domain,review-activity-online.com,public
domain,postonlinedelivery.com,public
domain,at-postverfolgung.at,public
domain,capost-servicing.info,public
domain,amazonsupportservice.ca,public
domain,sicher-rbinternational.com,public
domain,www-auth-rbcroyalbank.xyz,public
domain,scotlaca-smsmobileaierts.com,public
domain,scotlasms-fraudaierts.com,public
domain,scotlamobile-smsaierts.com,public
domain,fido-returns.site,public
domain,capost-servicing.net,public
domain,eucustomsanpostfee.com,public
domain,ca-100interac-01-webtrust.com,public
domain,canada-post.delivery-fee.online,public
domain,anpost-import-fee.com,public
domain,open24onlin.com,public
domain,crareimburseteam.com,public
domain,atpost-verfolgung.at,public
domain,anpost-delivery-assist.com,public
domain,notificayion-canada-income.com,public
domain,reimbursement-support.com,public
domain,return-info.xyz,public
domain,mobile-id-rev.co.uk,public
domain,lnterac.return-info.xyz,public
domain,totta.conta-info-cliente.com,public
domain,notification-canada-income.xyz,public
domain,ghvda4.xyz,public
domain,totta.conta-cliente.com,public
domain,verification-addresss.top,public
domain,lnteract.ghvda4.xyz,public
domain,customercaredeposit.com,public
domain,interac.ver1ficationca.com,public
domain,mypostal-importfee.com,public
domain,intanac-deposit.online,public
domain,ca-mobliecarecenter.com,public
domain,canapost-orderstatus.ca,public
domain,anpost.mypackage-progress.com,public
domain,telusmobility.verificationca-admin.com,public
domain,canadapost-payment.com,public
domain,www-auth-rbcroyalbank.life,public
domain,vvwpslxjkxs.pw,public
domain,interac.vvwpslxjkxs.pw,public
domain,llfjssjqiisqk.pw,public
domain,interac.llfjssjqiisqk.pw,public
domain,postservice019729.com,public
domain,qqpaoiwhsb.pw,public
domain,interac.qqpaoiwhsb.pw,public
domain,xnsmeh237sb.pw,public
domain,interac.xnsmeh237sb.pw,public
domain,bbcsg3ysgd.pw,public
domain,interac.bbcsg3ysgd.pw,public
domain,vbdsswek5ee.pw,public
domain,interac.vbdsswek5ee.pw,public
domain,onret-ca.mobi,public
domain,tdcanadatrustsupport.com,public
domain,bswhjalshcdk.pw,public
domain,interac.bswhjalshcdk.pw,public
domain,aqkldpobxs.pw,public
domain,interac.aqkldpobxs.pw,public
domain,xkkddhavxs.pw,public
domain,interac.xkkddhavxs.pw,public
domain,mjfklsddjsn.pw,public
domain,customer-deposit.com,public
domain,interac.mjfklsddjsn.pw,public
domain,aqwmcfdsrwwe.pw,public
domain,interac.aqwmcfdsrwwe.pw,public
domain,gdefbvfeexgds.pw,public
domain,interac.gdefbvfeexgds.pw,public
domain,mcfdjljgtdf.pw,public
domain,interac.mcfdjljgtdf.pw,public
domain,mlaqhdhsjwbxs.pw,public
domain,interac.mlaqhdhsjwbxs.pw,public
domain,ubereatsref7383.com,public
domain,vr-rbcroyalbank3.com,public
domain,interac.et-direct.com,public
domain,www.netflix-reviewsecured.live,public
domain,www.netflixreview-secured.live,public
domain,etransferdirectprocess.com,public
domain,anpost-deliveryfee.com,public
domain,c-gate-paym.online,public
domain,deliverymissed.help,public
domain,delivery-reschedule-cap.online,public
domain,customercare-depo.com,public
domain,canadapost10911.com,public
domain,returncanpost-id.com,public
domain,bellmobility-give-back2022.xyz,public
domain,myagency-login.info,public
domain,werfrrtg.xyz,public
domain,my.payee-secure-portal.com,public
domain,update-id-info.com,public
domain,ing-alerts-on.line.pm,public
domain,lnteract.werfrrtg.xyz,public
domain,can-adpostbilling.ink,public
domain,safedirectdeposit.ca,public
domain,inv-5emt.ink,public
domain,wewda.xyz,public
domain,mobilereturn-etransfer-acceptpayment-mainpage-account-login.,public
domain,amazon.wewda.xyz,public
domain,help-support-suncorp-login.com,public
domain,sc-netflix.com,public
domain,sc-netflix1.com,public
domain,coupon-reward-executive-member.ca,public
domain,executive-member-reward.ca,public
domain,bellrefundservices.5e7u0.com,public
domain,5e7u0.com,public
domain,consumer-services.5e7u0.com,public
domain,bendigo.r76439stop.help,public
domain,uyyuy.xyz,public
domain,ca-lnteractdepsoitcenter.com,public
domain,amazon.uyyuy.xyz,public
domain,lnteract.uyyuy.xyz,public
domain,my.income-security-portal.net,public
domain,uyftxdrfghb.xyz,public
domain,lnteract.uyftxdrfghb.xyz,public
domain,ca-package002934-en.com,public
domain,ca-parcel883774-en.com,public
domain,ca-parcel8837740-en.com,public
domain,ca-updates003994-en.com,public
domain,ca-updates0039940-en.com,public
domain,ca-reschedule993884-en.com,public
domain,ca-reschedule9938840-en.com,public
domain,ca-package0029340-en.com,public
domain,cgate-paym.help,public
domain,c-gate-pmt.help,public
domain,cp-gate-paym.help,public
domain,pckgmissed.help,public
domain,rescheduledd.help,public
domain,billing.optus-on.line.pm,public
domain,optus-on.line.pm,public
domain,telus.ver1ficationca.com,public
domain,canadapost-myparcel.com,public
domain,anpost-delivery-fees.com,public
domain,interac.caserversecure.com,public
domain,secure-bendigo-fraud-prevention-portal.com,public
domain,anpost-importfee-services.com,public
domain,trackingdhlca-3134113.com,public
domain,trackingdhlca-2136113.com,public
domain,cadhl-tracking215344.com,public
domain,cadhl-tracking19344.com,public
domain,ca-parcel-dhl234011.com,public
domain,ca-parcel-dhl235511.com,public
domain,ca-tracking-22391143.com,public
domain,ca-tracking-11391113.com,public
domain,customsanpost-fees.com,public
domain,post.at-paket.co,public
domain,open-24online.com,public
domain,anpost-parcelonlinepay.com,public
domain,anpost-customdeliveryfee.com,public
domain,etran-0978.info,public
domain,etran-09788.info,public
domain,reviewanpost-custom.info,public
domain,anpost-ie-delivery.com,public
domain,customsanpostfee.com,public
domain,annual-members-rewards.com,public
domain,sicher-ebanking.at,public
domain,deport-fee-help.co.uk,public
domain,revolut.support-ie353.com,public
domain,anpost-customs-alert.com,public
domain,lnteracts.uyftxdrfghb.xyz,public
domain,rev-mobile-device.co.uk,public
domain,anpostcustoms.com,public
domain,online-parcelsupport.com,public
domain,anpost-fee-parcelhub.com,public
domain,e-transf-web.online,public
domain,canadapost-update.online,public
domain,totta.conta-reveja.com,public
domain,amazsec.online,public
domain,www.amz-customer-sup0rt.top,public
domain,canadianrevenue-agency.com,public
domain,gstpayment.ca,public
domain,mobileanpostfee-customs.com,public
domain,totta.cliente-reveja.com,public
domain,gc-canadainflation.com,public
domain,fido-return-cc.site,public
domain,refund-carrier.com,public
domain,post-lieferung.at,public
domain,vr-rbcroyalbank5.com,public
domain,etran-ca22.online,public
domain,scotlasms-mobileaiertsca.com,public
domain,scotlaca-textaierts.com,public
domain,scotlasms-lnfoaiertsca.com,public
domain,ap-wallet.com,public
domain,post3tca-137su.ddns.net,public
domain,post1sca-127va.ddns.net,public
domain,anpost-deliveryfee-alert.com,public
domain,www.amz-customer-sup0rt.xyz,public
domain,vvcnahsxbsvn.pw,public
domain,lnterac.vvcnahsxbsvn.pw,public
domain,86tuy.xyz,public
domain,1001-accountcad-canadasaveweb.com,public
domain,e-transfer.icu,public
domain,lnteracts.86tuy.xyz,public
domain,www.amz-customer-sup0rt.shop,public
domain,nscjbdbxbsjh.pw,public
domain,lnterac.nscjbdbxbsjh.pw,public
domain,hhshfgevszs.pw,public
domain,lnterac.hhshfgevszs.pw,public
domain,bndbdnnbs.pw,public
domain,lnterac.bndbdnnbs.pw,public
domain,mqppfmvcb.pw,public
domain,lnterac.mqppfmvcb.pw,public
domain,khdqtxmgld.pw,public
domain,lnterac.khdqtxmgld.pw,public
domain,tmqbshqhwu.pw,public
domain,lnterac.tmqbshqhwu.pw,public
domain,mzanbzzbzaa.pw,public
domain,lnterac.mzanbzzbzaa.pw,public
domain,ppqqmzbhsab.pw,public
domain,lnterac.ppqqmzbhsab.pw,public
domain,aaqpplsjens.pw,public
domain,lnterac.aaqpplsjens.pw,public
domain,lsnnswquys.pw,public
domain,lnterac.lsnnswquys.pw,public
domain,post1tca-113da.ddns.net,public
domain,ppytbfgnvgf.pw,public
domain,lnterac.ppytbfgnvgf.pw,public
domain,adqqpplkjaa.pw,public
domain,lnterac.adqqpplkjaa.pw,public
domain,mskqqilskdj.pw,public
domain,lnterac.mskqqilskdj.pw,public
domain,post2ca-311ma.ddns.net,public
domain,anpost-alert-customs.com,public
domain,canadarevenueonlinebc.life,public
domain,intrtanac-deposit.online,public
domain,tdcanadamobile.ca,public
domain,benefitsgvonline.com,public
domain,executive-coupon-reward.ca,public
domain,executive-members-reward.ca,public
domain,creditreturn-id.com,public
domain,review-nabdirectdebit.com,public
domain,customerservice-deposit.com,public
domain,etran-51199.info,public
domain,etran-5119.info,public
domain,instagram-ladsbaitoit.co.uk,public
domain,bendigo.rf765758.click,public
domain,ca-updatesdhl999386-en.com,public
domain,ca-updatesdhl9993860-en.com,public
domain,ca-parceldhl099376-en.com,public
domain,ca-parceldhl0993760-en.com,public
domain,ca-packagedhl993876-en.com,public
domain,ca-packagedhl9938760-en.com,public
domain,ca-rescheduledhl0092873-en.com,public
domain,ca-rescheduledhl00928730-en.com,public
domain,movemoneysecure.ca,public
domain,encaissez-maintenant.online,public
domain,vosfonds-enligne.online,public
domain,bell-mobilityregca.tk,public
domain,accesd-suspension.com,public
domain,au-postinfo.com,public
domain,belcustomersupportdeposit.com,public
domain,1nt3rac-etran5fer.online,public
domain,auspostparcelinfo.com,public
domain,cra-revenu-canada.ca,public
domain,vr-rbcroyalbank4.com,public
domain,infractionroutiereqc.ca,public
domain,autorouteinfraction.ca,public
domain,infractionautoroute.ca,public
domain,2023e-tr.ca,public
domain,prime-annulation.online,public
domain,amazon.prime-annulation.online,public
domain,modifier-abonnement.online,public
domain,amazon.modifier-abonnement.online,public
domain,services-amzprime.pw,public
domain,amazon.services-amzprime.pw,public
domain,dhl313991-catracking.com,public
domain,dhl416991-catracking.com,public
domain,teiuscredit.net,public
domain,accesd-desjardins.online,public
domain,customsanpostfees.com,public
domain,anpostpostal-fee.com,public
domain,parcelhub-onlinesupport.com,public
domain,anpost-customsfees.com,public
domain,parcel-payservice.com,public
domain,anpost.parcel-payservice.com,public
domain,health-uk-prevention-testkit.co.uk,public
domain,anpost-feescustoms.com,public
domain,365config-online.com,public
domain,anpost-securepayonline.com,public
domain,totta.pt-conta-reveja.com,public
domain,rev-portal-ie.com,public
domain,anpost-delivery-payment.com,public
domain,anpost-parceldelivery-fee.com,public
domain,www.my-telus-refnd.cfd,public
domain,sec-visit01.info,public
domain,sec-visit02.info,public
domain,bellmobilityreimbursements.online,public
domain,etran-9822.info,public
domain,etran-98222.info,public
domain,anpostcustomsfee.com,public
domain,anpost-delivery-charges.com,public
domain,totta.conta-pt-reveja.com,public
domain,www.servicecanada.life,public
domain,parcelhub-payserivce.com,public
domain,anpost.parcelhub-payserivce.com,public
domain,annual-members-rewards.vip,public
domain,claimreward.help,public
domain,erstegroupservice.com,public
domain,wholesalerewards.help,public
domain,notificationrewards.help,public
domain,anpost-ie-customs.com,public
domain,executiverewards.help,public
domain,hse-onlineform.com,public
domain,notifydetails.help,public
domain,canadapost3.com,public
domain,ca-packages00291-en.com,public
domain,ca-packages00293-en.com,public
domain,etransffer.org,public
domain,ontario-trillium.site,public
domain,anpost.mypackage-updates.com,public
domain,anpost-postparcelpay.com,public
domain,anpost-transportclearance.com,public
domain,health-testkit-order.com,public
domain,canadaposte-parcel-delivery.com,public
domain,instagram-ladsbaitout.co.uk,public
domain,tru1stt.malikhosting.com,public
domain,tdee.malikhosting.com,public
domain,peeyence.malikhosting.com,public
domain,reactivatemyid.com,public
domain,feesanpost-customs.com,public
domain,mobilereimbursements.online,public
domain,onlinedeliverysupport.com,public
domain,wellsverification01.com,public
domain,anpost-invoice.com,public
domain,belcustomerservice.com,public
domain,www.support-mobile-assist.cfd,public
domain,interactrefmycra005573.com,public
domain,tdauthenticate.online,public
domain,www.support-mobile-assist.sbs,public
domain,service-reactiver-appleid.com,public
domain,www.support-mobile-assist.top,public
domain,1nt3rac-etran5fe3r.online,public
domain,mobile-feesanpost.com,public
domain,appmobil-telus.help,public
domain,ca-3006352package-en.com,public
domain,telus.dispersedreturn.com,public
domain,ca-3006350package-en.com,public
domain,transferinteract.net,public
domain,return-fido-inco.site,public
domain,canadapost-mypackages.com,public
domain,accesd-secure.online,public
domain,desjard1ns-accesd.online,public
domain,www.mobile-supprt-assist.cfd,public
domain,www.mobile-supprt-assist.sbs,public
domain,tel-appmobil.help,public
domain,www.mobile-supprt-assist.top,public
domain,pay-gst.ca,public
domain,canadapost-tracking-postescanada.ru,public
domain,ca-package8837770-en.com,public
domain,ca-package8837772-en.com,public
domain,telcustomerservice.com,public
domain,canada-post-tracking-service.com,public
domain,apple-assistance-au.com,public
domain,autheasyaccesweb.com,public
domain,etran-5499.info,public
domain,etran-54999.info,public
domain,www.ef-intrac1.live,public
domain,rgrs-return-inc.site,public
domain,www.mobile-customer-assist.top,public
domain,mobiledirectdeposit.ca,public
domain,appswalletsupdated.com,public
domain,telus.authenticationca.com,public
domain,www.mobile-customer-assist.website,public
domain,interac.verifyreturnca.com,public
domain,depositcanada400.online,public
domain,lnterac.depositcanada400.online,public
domain,telusmobility-billed.com,public
domain,rogerscashback.credit,public
domain,electronic-transfer-canada.site,public
domain,telusauthorizationca.com,public
domain,telus.ca-returnlogin.com,public
domain,camobilityreturn.com,public
domain,vr-rbcroyalbank9.com,public
domain,1villemontrealqc.com,public
domain,constatdinfractionqc.com,public
domain,servicesmontreal-ville.com,public
domain,servicesmontreal-constat.com,public
domain,bell.canada-en.online,public
domain,mybell.canada-en.online,public
domain,telus.camobilityreturn.com,public
domain,telus.verifyreturnca.com,public
domain,interac-pending.com,public
domain,caq-depot.online,public
domain,caq-pension.online,public
domain,taxref-ca.online,public
domain,ca-taxref.online,public
domain,mobilebnz.live,public
domain,capst-reschedule.online,public
domain,help-packageship.online,public
domain,telus.mobilitycareturn,public
domain,help-reschedule.online,public
domain,inrtanac-deposit.live,public
domain,reschedule-help.online,public
domain,rewards-wholesale22.info,public
domain,reschedule-capst.online,public
domain,mobilebnz.cloud,public
domain,telus.mobilitycareturn.com,public
domain,ca-packagesdelivery993884-en.com,public
domain,ca-packagesdelivery993880-en.com,public
domain,ca-updatesdelivery8837710-en.com,public
domain,ca-updatesdelivery8837712-en.com,public
domain,ca-packagedelivery736620-en.com,public
domain,ca-packagedelivery736621-en.com,public
domain,ca-parceldelivery9993880-en.com,public
domain,ca-parceldelivery9993884-en.com,public
domain,ca-updatedelivery998380-en.com,public
domain,ca-updatedelivery998384-en.com,public
domain,client-mybell.info,public
domain,amznsecurs.online,public
domain,aznsecs.online,public
domain,azmnscsc.online,public
domain,amznonsec.online,public
domain,amzninsec.online,public
domain,www.etransferi.com,public
domain,r0g3rs-cust0mer-ca3hback.com,public
domain,ca-cpa.us,public
domain,canadapost-postescanada.ca-cpa.us,public
domain,delivery-servicecharge.com,public
domain,anpost.delivery-servicecharge.com,public
domain,anpost-customs-release.com,public
domain,0ntari0-tri11ium.live,public
domain,anpost-parcel-customs.com,public
domain,m0bl1litysupport.life,public
domain,anpost-postaccpay.com,public
domain,anpost-clearanceduty.com,public
domain,apay.rf764390.help,public
domain,apay.r-e-f643930.help,public
domain,vr-rbcroyalbank10.com,public
domain,totta.pt-reveja-conta.com,public
domain,anpost-ie-postalfees.com,public
domain,etran-42099.info,public
domain,etran-4209.info,public
domain,post-deliveryhub-ie.com,public
domain,an.post-deliveryhub-ie.com,public
domain,anpost-depot-release.com,public
domain,totta.reveja-pt-conta.com,public
domain,anpost-customs-payment.com,public
domain,rgrs-return-icc.site,public
domain,etrsnfer.co,public
domain,infotech-user.info,public
domain,rbc0nl1nesupp0rt.link,public
domain,transf-7c36e4.xyz,public
domain,transmit-9o31f7.xyz,public
domain,transmit-7c32e8.xyz,public
domain,transmit-4e97a2.xyz,public
domain,transmit-1b79e2.xyz,public
domain,transmit-6e31o4.xyz,public
domain,assessmentcra.com,public
domain,interac.assessmentcra.com,public
domain,payment.assessmentcra.com,public
domain,2022.assessmentcra.com,public
domain,credit.assessmentcra.com,public
domain,ap-renew.com,public
domain,payservice-eire.com,public
domain,anpost.payservice-eire.com,public
domain,rev-security-ie.com,public
domain,seguro-unicaja.com,public
domain,t3lu5.online,public
domain,lnetarcc.online,public
domain,anpost-customerdeliveryfee.com,public
domain,1001-ca-myaccount-trustwebca.com,public
domain,365con-online.com,public
domain,e-tr2023.info,public
domain,ca-updatespackage99380-en.com,public
domain,ca-updatespackage99382-en.com,public
domain,ca-parcelreschedule003920-en.com,public
domain,ca-parcelreschedule003928-en.com,public
domain,ca-parceldhlupdate99212-en.com,public
domain,ca-parceldhlupdate99210-en.com,public
domain,sec-visit03.info,public
domain,package-help-reschedule.online,public
domain,www-auth-rbcbankroyal1.xyz,public
domain,canadapost-ship.com,public
domain,refund-interac.top,public
domain,uberrider.info-secured.com,public
domain,canadalogin.info-secured.com,public
domain,riderlogin.info-secured.com,public
domain,ridercanada.info-secured.com,public
domain,ca-rescheduleparcel09281-en.com,public
domain,ca-rescheduleparcel09283-en.com,public
domain,ca-parcelupdated28883-en.com,public
domain,ca-parcelupdated28880-en.com,public
domain,client-myroger.info,public
domain,amazonvrf-user.help,public
domain,smtbsec.online,public
domain,cmtbsec.online,public
domain,vmtbsec.online,public
domain,rogerspay.com,public
domain,verifxhsbc.sosauh.com,public
domain,verifcap1.sosauh.com,public
domain,costcosupport.malikhosting.com,public
domain,eng-candapost.com,public
domain,wellsonlinecancel.com,public
domain,mygov-energy.com,public
domain,electronictransfer-ca.site,public
domain,tdauthenticate.net,public
domain,newyears2023.net,public
domain,etransfer-interac.icu,public
domain,cancelwllsf.com,public
domain,allocation-logements.ca,public
domain,cp223.malikhosting.com,public
domain,webrecover2.com,public
domain,secureroyalbank.com,public
domain,etdirectservice.com,public
domain,etran-7742.info,public
domain,etran-77422.info,public
domain,carrier-support.com,public
domain,vr-rbcroyalbank12.com,public
domain,help-schedule.online,public
domain,vrf-primesubscription.help,public
domain,i1te3rac-e3tr4ns5fer.online,public
domain,customerservice-depo.com,public
domain,amzzo.mhcares.com.au,public
domain,ca01184.com,public
domain,nz-postalinfo.com,public
domain,governmentof-ontario.com,public
domain,n3tfl1x.online,public
domain,telusonlinereturn.ca,public
domain,govofontario.com,public
domain,atb-suspended.com,public
domain,vr-rbcroyalbank13.com,public
domain,suspension-accesd.com,public
domain,internscheduie-canadapost-gov.com,public
domain,interact.allocation-logements.ca,public
domain,bawagggroup.com,public
domain,post-atsupport.com,public
domain,newyearscashback.info,public
domain,netfix-support.online,public
domain,applepay-reactivation.info,public
domain,costco-annualreward.com,public
domain,ca5005.com,public
domain,op.fi-mobiili.co,public
domain,op.fi-digipalvelut.co,public
domain,op.fi-asiakkaaksi.co,public
domain,anpost-customs-smsalert.com,public
domain,lnstagram-trendingbaitouts.site,public
domain,hse-symptomscovid-case.com,public
domain,anpost.customs-packages.com,public
domain,anpost-delivery-customs.com,public
domain,sec-visit11.info,public
domain,sec-visit10.info,public
domain,etran-1055.info,public
domain,etran-10555.info,public
domain,rgrs-inc-return-transfer.site,public
domain,anpost-release-charge.com,public
domain,ont-rogerwireless.net,public
domain,1nt3rac-etransfe3r.online,public
domain,anpostparcel-customsfee.com,public
domain,anpost-custom-payment.com,public
domain,reactivate-yourid.com,public
domain,www.telus-wireless.cc,public
domain,www.teluswireless.cc,public
domain,et-100interacweb-trustcad.com,public
domain,365config-onli.com,public
domain,ca-postalpackage093880-en.com,public
domain,ca-canadapostpackage.info,public
domain,ca-postalpackage093881-en.com,public
domain,postcaauth.info,public
domain,primeadministrator.com,public
domain,gouvdu-canada.link,public
domain,deposetesfonds.online,public
domain,1001-depositcad-trustclaimweb.com,public
domain,ikjooo.eiinspire.com,public
domain,parcel-reschedule.info,public
domain,comm-netcode-support.line.pm,public
domain,myparcel-reschedule.com,public
domain,transfer-int1001.ca,public
domain,auspostonlinesupport.com,public
domain,canadapst.info,public
domain,awresdfs.xyz,public
domain,returns.awresdfs.xyz,public
domain,member-rewards.ca,public
domain,members-coupon-rewards.ca,public
domain,etbenefitservice.com,public
domain,fido-inc-returns.site,public
domain,wholesalerewards.online,public
domain,claimreward.link,public
domain,refund-customercenter.com,public
domain,revcad.cc,public
domain,revsupportcad.xyz,public
domain,cadrevsupport.xyz,public
domain,telus.reimbursementca.com,public
domain,telus.dispersedreturnca.com,public
domain,telus-accounts.website,public
domain,gigdatfundnow.xyz,public
domain,inflationbenefits.online,public
domain,cibc.fraud-privacysecurity.com,public
domain,bmo.fraud-privacysecurity.com,public
domain,crabankchoice-gouv.com,public
domain,appliedotbhelp.ca,public
domain,telus.accountreturn.com,public
domain,mobilitytaxclaims.online,public
domain,netbank-on.line.pm,public
domain,anpost-stampduty.com,public
domain,anpost-delivery-services.com,public
domain,ca-id8830-updatespackage.com,public
domain,ca-updatesdhlreschedule.info,public
domain,ca-parceldhl00291-en.com,public
domain,ca-parceldhl00293-en.com,public
domain,ca-parceldhlupdates00291-en.com,public
domain,ca-parceldhlupdates00299-en.com,public
domain,id9980-deliveryupdate-en.com,public
domain,id9983-deliveryupdate-en.com,public
domain,ca-id8831-updatespackage.com,public
domain,secure-prime.cc,public
domain,subscription-audit.live,public
domain,anpost-fee-alert.com,public
domain,cba-cancel-payee.com,public
domain,tri11ium0n.click,public
domain,payservice-ie.com,public
domain,anpost.payservice-ie.com,public
domain,anpost-delivery-charge.com,public
domain,www-auth-rbcbankroyal1.life,public
domain,rebat-icbc.online,public
domain,mtbonline.store,public
domain,primeaccadmin.com,public
domain,amzn.primeaccadmin.com,public
domain,amazon.primeaccadmin.com,public
domain,bells-inc-return.site,public
domain,feesmobile-anpost.com,public
domain,bawaghilfe.com,public
domain,suspicious-einstein.143-244-170-208.plesk.page,public
domain,2023interacgouv.online,public
domain,nexi-it-congelato.com,public
domain,awesome-saha.147-182-213-155.plesk.page,public
domain,intervirementqc.online,public
domain,qcsecurlink.online,public
domain,packagedhlreschedule.com,public
domain,cad-administrativecarecenter.com,public
domain,fraud.primeaccadmin.com,public
domain,support.primeaccadmin.com,public
domain,tel5us-tran7sfer.online,public
domain,costcowholesale-reward.top,public
domain,l3e7wak.com,public
domain,mobility-carrier.com,public
domain,brickstonroady.com,public
domain,transactionservicebnz.com,public
domain,rbc.fraud-privacysecurity.com,public
domain,depositfundnow.com,public
domain,transactionserviceanz.com,public
domain,auth-onlinebanking-scotiabank.com,public
domain,ca-packageupdates0091-en.com,public
domain,refund-clientcenter.com,public
domain,trillbenef.com,public
domain,ca-packageupdates0092-en.com,public
domain,ca-parcelupdates1350-en.com,public
domain,ca-parcelupdates1356-en.com,public
domain,ca-updatespackage2930-en.com,public
domain,ca-updatespackage2937-en.com,public
domain,ca-388830-packageupdate.com,public
domain,ca-388837-packageupdate.com,public
domain,ca-773620-parcelupdates.com,public
domain,ca-773629-parcelupdates.com,public
domain,ca-88370-deliverypackage.com,public
domain,ca-88373-deliverypackage.com,public
domain,ca-99930-parceldelivery.com,public
domain,ca-99938-parceldelivery.com,public
domain,auspost.click-via.com,public
domain,annual-membership.net,public
domain,refund-department.info,public
domain,mobilebnz.online,public
domain,1nterac-etran5fe3r.online,public
domain,bmo-suspension.com,public
domain,us-rescheduledhlupdate.info,public
domain,us-deliverypackage-en.com,public
domain,us-deliveryparcel-en.com,public
domain,fundstransferbenefits.com,public
domain,fundstransferbenefit.com,public
domain,mobility-deposit.com,public
domain,interactonline3jd0nt24d097it-et.ca,public
domain,bellinteracportal.ca,public
domain,itc-serviceca.com,public
domain,fundtransferbenefits.com,public
domain,fundtransferbenefit.com,public
domain,notificationrewards.link,public
domain,netflix.update-plans.com,public
domain,wholesalerewards.link,public
domain,executiverewards.online,public
domain,goldmembers.online,public
domain,notifydetails.online,public
domain,annual-members-rewards.link,public
domain,anpostonlineservice.com,public
domain,onlinepostalsupport.com,public
domain,post.at-tarife.com,public
domain,2023-areatelus.store,public
domain,anpost-postalfee-ie.com,public
domain,hse-testform.com,public
domain,anpost-attempt-delivery.com,public
domain,government-of-canada.com,public
domain,anpost-feemobi.com,public
domain,payservice-ireland.com,public
domain,anpost.payservice-ireland.com,public
domain,recover-applepay-au.com,public
domain,mobilityretrns.net,public
domain,www.mobilityretrns.net,public
domain,17303.mobilityretrns.net,public
domain,110091.mobilityretrns.net,public
domain,001934.mobilityretrns.net,public
domain,mobileretrns.net,public
domain,www.mobileretrns.net,public
domain,alerts.mobileretrns.net,public
domain,status.mobileretrns.net,public
domain,bill.mobileretrns.net,public
domain,mobilealets.net,public
domain,www.mobilealets.net,public
domain,00193.mobilealets.net,public
domain,return.mobilealets.net,public
domain,review.mobilealets.net,public
domain,fido-returns-ca.site,public
domain,secvisit-05.info,public
domain,cpcanada-reschedulesect-gov.com,public
domain,atpost.verpasste-lieferung.com,public
domain,2023arcgcr.online,public
domain,etran-5177.info,public
domain,etran-51777.info,public
domain,nexi-termina-condizion.com,public
domain,anpost-deliveryservicecharge.com,public
domain,pendinginteract-etransfer1.com,public
domain,anpost-charges.com,public
domain,telus.mobility-secure.com,public
domain,secure-rbc1.com,public
domain,manage-profile.xyz,public
domain,myrefund-deposit.com,public
domain,postes-ca1.com,public
domain,ca1821.com,public
domain,mymobiledeposit.online,public
domain,telusmobility-info.com,public
domain,telus-mobilitycharges.com,public
domain,secure-rbcbank.com,public
domain,intranac-rgrs.online,public
domain,amazon.prime-tts.online,public
domain,prime-tts.online,public
domain,depositcan-sign.online,public
domain,depositcan-cyber.online,public
domain,secure-parcelservice.com,public
domain,prime-cancelation.online,public
domain,amazon.prime-cancelation.online,public
domain,prime-ggs.online,public
domain,amazon.prime-ggs.online,public
domain,onservice-program.life,public
domain,capost-hold.net,public
domain,fmcapost.online,public
domain,dhpost-hold.net,public
domain,bellonlinereturn.ca,public
domain,myalberta-program.life,public
domain,canadapostsupport.ca,public
domain,prime-wewda.info,public
domain,amazon.prime-wewda.info,public
domain,prime-modify.online,public
domain,amazon.prime-modify.online,public
domain,cancel-prime.online,public
domain,amazon.cancel-prime.online,public
domain,lnteracservicesca.sk-6g3t9.com,public
domain,canadaref.sk-6g3t9.com,public
domain,et-lnteracserv.gouv.sk-6g3t9.com,public
domain,www.mytelusrefund.com,public
domain,my-reimbursement.com,public
domain,bbsjnsjaksj.online,public
domain,lnterac.bbsjnsjaksj.online,public
domain,msbxjqjzxjsh.online,public
domain,lnterac.msbxjqjzxjsh.online,public
domain,chchgchggxf.online,public
domain,lnterac.chchgchggxf.online,public
domain,znckxnxmxs.online,public
domain,lnterac.znckxnxmxs.online,public
domain,sfgrsffsdfsdwe.online,public
domain,lnterac.sfgrsffsdfsdwe.online,public
domain,telusmobility-billings.com,public
domain,prime-wewda.xyz,public
domain,telus-credit.online,public
domain,amaz.prime-wewda.xyz,public
domain,bell.mobility-canada.com,public
domain,telus-errorcredit.online,public
domain,verifyinternetaccess.com,public
domain,etran-5345.info,public
domain,etran-53455.info,public
domain,e-transferpage.online,public
domain,costco-wholesale-rewards.top,public
domain,1secure-navyfederal.com,public
domain,gvmt-perquisite.online,public
domain,mobilitynewyear.com,public
domain,newyearmobility.com,public
domain,newyearoutages.com,public
domain,outagesnewyear.com,public
domain,easywebmobile.ca,public
domain,refund.int-telus-remboursement.ca,public
domain,cad-postfe.com,public
domain,www.mobility-refnd.online,public
domain,mycad-post.com,public
domain,expresscadpost.com,public
domain,ca-lnteracmoblility.com,public
domain,prime-modify-or-cancel.online,public
domain,amazon.prime-modify-or-cancel.online,public
domain,prime-manage.online,public
domain,amazon.prime-manage.online,public
domain,www.mobility-refnd.top,public
domain,www.mobility-refnd.live,public
domain,cpcanada-reschedulesdm-gov.com,public
domain,government-deposit.online,public
domain,lnterac.canada-governement-deposit.online,public
domain,canada-governement-deposit.online,public
domain,lnterac.government-deposit.online,public
domain,lnterac.canada-government-deposit.online,public
domain,canada-government-deposit.online,public
domain,parking-infractions3.city,public
domain,interactonline2cr9hkptz8vg4t-et.ca,public
domain,bawag.konto-at-info.com,public
domain,qsjdhdhsjd.online,public
domain,lnterac.qsjdhdhsjd.online,public
domain,atb.financiai-security.com,public
domain,interac-secure1.com,public
domain,deliverynotif.net,public
domain,mycomm.verify-helpdesk.com,public
domain,depot-caq-qc.online,public
domain,tax-ref-can.online,public
domain,ceba-on.line.pm,public
domain,et-interacwebca-10001auth.com,public
domain,cancelwellsf1.com,public
domain,telusrefnd.biz,public
domain,netflix-accountverification.com,public
domain,nexipayauth.com,public
domain,anpost-post-delivery.com,public
domain,anpost-parcelredelivery.com,public
domain,deposervos-sous.online,public
domain,digitalintersecurlink.online,public
domain,securgouvernqc.online,public
domain,boi-365.com,public
domain,revolut-auth-support.com,public
domain,anpost-delivery-postage.com,public
domain,ca-38870-deliveryparcel.com,public
domain,ca-38873-deliveryparcel.com,public
domain,ca-000391-deliverypackage.com,public
domain,ca-000393-deliverypackage.com,public
domain,ca-029918-deliveryupdate.com,public
domain,ca-029938-deliveryupdate.com,public
domain,ca-98830-deliveryparcels.com,public
domain,ca-98837-deliveryparcels.com,public
domain,ca-00961-deliverypackages.com,public
domain,ca-00965-deliverypackages.com,public
domain,caq-etarnsfers-secure.link,public
domain,instagram.fruitydrawouts.com,public
domain,ap.rf643190.help,public
domain,ap.fix643190.help,public
domain,anpost-parcel-services.com,public
domain,feemobi-anpost.com,public
domain,deliveryfee-eire.com,public
domain,anpost.deliveryfee-eire.com,public
domain,verify.rebate.hm-cr.site,public
domain,posthub-deliveryinfo.com,public
domain,hdchdcbcbd.online,public
domain,lnterac.hdchdcbcbd.online,public
domain,gov-ukenergy.com,public
domain,xseghvvdgcfdv.online,public
domain,lnterac.xseghvvdgcfdv.online,public
domain,moneta.informace-ucet.com,public
domain,accweb.mouv.desjardins.324135.com,public
domain,mxddymbb.online,public
domain,lnterac.mxddymbb.online,public
domain,accweb.desjardins.324135.com,public
domain,irishcustomspostofficetfee.com,public
domain,inc-fido-returns.site,public
domain,cibconline.cibc.324136.com,public
domain,canapostadjust.info,public
domain,my.secure-portal-update.net,public
domain,aib-assist-service.com,public
domain,etran-1660.info,public
domain,etran-16600.info,public
domain,anpost-alertservice-fee.com,public
domain,interac-secure.com,public
domain,deliveryfee-ireland.com,public
domain,anpost.deliveryfee-ireland.com,public
domain,1001-login-trustcadweb.com,public
domain,telus.wirelessreturn.ca,public
domain,wirelessreturn.ca,public
domain,reference-288191.com,public
domain,365conf-online.com,public
domain,reference-101911.com,public
domain,bill-deposit.com,public
domain,anpost-parceldeliveryfees.com,public
domain,manage-myprime.online,public
domain,prime-management.online,public
domain,prime-modification.online,public
domain,amazon.manage-myprime.online,public
domain,amazon.prime-management.online,public
domain,amazon.prime-modification.online,public
domain,delivery-notif.net,public
domain,zurucksetzenbawag.com,public
domain,alert-anz-support.linkpc.net,public
domain,netflix-verif-y.top,public
domain,viasatreimburse.top,public
domain,reimbursetelus.life,public
domain,reimbursetelus.top,public
domain,mobilereimburse.life,public
domain,mobilecan.top,public
domain,telmobility.top,public
domain,telmobility.life,public
domain,telusreimburse.life,public
domain,telusreimburse.top,public
domain,canadapost-paysecure.com,public
domain,freerideuber.com,public
domain,tx-free-quarterly.info,public
domain,canadapost-paygate.com,public
domain,ca-lnterac-moblitycenter.com,public
domain,netfix.pw,public
domain,supportbnzmobile.com,public
domain,netfix-verification.site,public
domain,netfix-verify.online,public
domain,managemybell.5e7u0.com,public
domain,interactonline2cr9hkptz8vg4f-et.ca,public
domain,vancouverticket.online,public
domain,cityofvancouverbc.online,public
domain,cityofvancouverbc.com,public
domain,vancouver-ticket.com,public
domain,qcvosfonds-disponible.online,public
domain,recevez-votreargent.online,public
domain,vos-sous-maintenant.online,public
domain,lnterac-moblitycenter.com,public
domain,www.mobility-refnd-support.cfd,public
domain,action-postcanada.com,public
domain,infractions-parkings23.city,public
domain,infractions-parkings01.city,public
domain,ctz66.a23matka.com,public
domain,intranac-refund.online,public
domain,www.mobility-refnd-support.icu,public
domain,deposit-dpt.com,public
domain,tdeasy-line.com,public
domain,transfer-882991.com,public
domain,www.mobility-refnd-support.sbs,public
domain,www.mobility-refnd-support.top,public
domain,reassessment2022.com,public
domain,interac.reassessment2022.com,public
domain,update.reassessment2022.com,public
domain,notification.reassessment2022.com,public
domain,alert.reassessment2022.com,public
domain,credit.reassessment2022.com,public
domain,help.reassessment2022.com,public
domain,amazon-verification.club,public
domain,www.amazon-verification.club,public
domain,tdeasy-access.net,public
domain,interac-etransfcanada1.com,public
domain,manage-applepay.online,public
domain,cpcanada-reschedulepoint-gov.com,public
domain,tdeasywebbrowser.ca,public
domain,amazon.monthlyprimesubscription.ca,public
domain,revolut.au.web041.net,public
domain,canadapost.parcel-delivery.ca,public
domain,canadapost-services.gv-bc.com,public
domain,metamask-alert.com,public
domain,canadapost-consumerservices.gv-bc.com,public
domain,alerts-anz-on.line.pm,public
domain,inflationsbenefits.online,public
domain,interactonline2cr9hkptz8vg4p-et.ca,public
domain,dhdelivnote.online,public
domain,1nte3ac-2tran5fer.online,public
domain,mobilebnz.link,public
domain,canadian-government-deposit.online,public
domain,lnterac.canadian-government-deposit.online,public
domain,ca-packagesupdate-002993.com,public
domain,ca-packagesupdate-002991.com,public
domain,ca-parcelupdates-992883.com,public
domain,ca-parcelupdates-992880.com,public
domain,ca-deliveryupdates-992883.com,public
domain,ca-deliveryupdates-992881.com,public
domain,ca-updatesparcel-883772.com,public
domain,ca-updatesparcel-883712.com,public
domain,ca-updatespackage-993874.com,public
domain,ca-updatespackage-993870.com,public
domain,com-au-on.line.pm,public
domain,lnterac-moblity.ink,public
domain,apple-verify-helpdesk.com,public
domain,cba-netbank.line.pm,public
domain,etrnsferr.com,public
domain,cpost-reschedule.com,public
domain,etrannsfer.co,public
domain,etarnsfer.com,public
domain,primecadupdate.com,public
domain,notify.primecadupdate.com,public
domain,account.primecadupdate.com,public
domain,customer.primecadupdate.com,public
domain,client.primecadupdate.com,public
domain,notice.primecadupdate.com,public
domain,notification.primecadupdate.com,public
domain,etrnasfer.com,public
domain,0ntarioparking.link,public
domain,bell.tranfer-deposit.com,public
domain,secure-payeeremoval-portal-nabassist.com,public
domain,auspay.info,public
domain,postal-import-service.com,public
domain,suncorp-internetbanking-on.line.pm,public
domain,r0gerssupp0rtservice.link,public
domain,anpost-parcel-release.com,public
domain,op.fi-kirjaudu.info,public
domain,postalservicesupport.com,public
domain,t519.life,public
domain,t796.life,public
domain,telmob.life,public
domain,telref.life,public
domain,telref519.life,public
domain,telref519796.life,public
domain,tm519.life,public
domain,tm796.life,public
domain,tmob.life,public
domain,aide-2023.co,public
domain,anpost-customsparcelfee.com,public
domain,anpost-customs-parcel-alert.com,public
domain,post2ca-211ta.ddns.net,public
domain,apply-activation-ap.com,public
domain,anpost-dutystamp.com,public
domain,postpackagedevlivery.com,public
domain,seb-turvameeskond.com,public
domain,repostalservicehub.com,public
domain,online-deposit.com,public
domain,etran-0356.info,public
domain,etran-03566.info,public
domain,anpost-paymentupdate.com,public
domain,anpost-customs-ref.com,public
domain,pay-refund.com,public
domain,etran5fe3r-int3rac.online,public
domain,td-websecure.com,public
domain,gstassistance.life,public
domain,secure-rbc2.com,public
domain,secure-rbc3.com,public
domain,anpostparcelfee.com,public
domain,mobiboi-online.com,public
domain,bellmobillity.com,public
domain,logon-bellserv.com,public
domain,ca-lnterac-moblitycenter.ink,public
domain,lajxkwjhsh.online,public
domain,lnterac.lajxkwjhsh.online,public
domain,nxnkxallxlaksja.online,public
domain,lnterac.nxnkxallxlaksja.online,public
domain,bnjjbdsfdxd4wsd.online,public
domain,lnterac.bnjjbdsfdxd4wsd.online,public
domain,qplakensmxj.online,public
domain,lnterac.qplakensmxj.online,public
domain,alwlsjxnencmd.online,public
domain,lnterac.alwlsjxnencmd.online,public
domain,jxjswbxjshx.online,public
domain,lnterac.jxjswbxjshx.online,public
domain,cajamar.informace-ucet.com,public
domain,www.mytelus-mobilityrefnd.top,public
domain,costco.wholesale-repayment.com,public
domain,uk.uberloginsecurely.com.,public
domain,2023.uberloginsecurely.com.,public
domain,canada-govt-pay.site,public
domain,unicaja.informace-ucet.com,public
domain,canadapost-en.com,public
domain,int2023e-tr.info,public
domain,irterac.ca,public
domain,cpcanada-autoreschedule247-gov.com,public
domain,2022-reassessment.com,public
domain,interac.2022-reassessment.com,public
domain,help.2022-reassessment.com,public
domain,update.2022-reassessment.com,public
domain,notification.2022-reassessment.com,public
domain,center.2022-reassessment.com,public
domain,alert.2022-reassessment.com,public
domain,updates.2022-reassessment.com,public
domain,int3rac-etran5fe3r-souti0n.online,public
domain,tdauthenticate.info,public
domain,mobipostoffice-irish.com,public
domain,help-reschedule-capst.online,public
domain,rchargebacks.com,public
domain,canadapost.info-parcel.ca,public
domain,depospending.info,public
domain,transfer-7c36e4.tel,public
domain,return-9o31f7.tel,public
domain,transmit-7c32e8.tel,public
domain,refund-4e97a2.tel,public
domain,transmit-1b79e2.tel,public
domain,transmit-6e31o4.tel,public
domain,reference-2001934.com,public
domain,bmo-onlineweb.com,public
domain,amazon.prime-gestion.online,public
domain,prime-gestion.online,public
domain,prime-facturation.online,public
domain,amazon.prime-facturation.online,public
domain,rogers-pay.net,public
domain,deposit-link-transfer.online,public
domain,postfm-ca.online,public
domain,etran-0904.info,public
domain,etran-09044.info,public
domain,uberloginsecurely.com,public
domain,transfer-541823.com,public
domain,support.uberloginsecurely.com,public
domain,revenueupdate.com,public
domain,reassessment.revenueupdate.com,public
domain,post.192262au.help,public
domain,cra.revenueupdate.com,public
domain,help.revenueupdate.com,public
domain,notice.revenueupdate.com,public
domain,helpdesk.revenueupdate.com,public
domain,interac.revenueupdate.com,public
domain,asb.r-e-f1922u62.help,public
domain,cadlnterac-moblity.ink,public
domain,www.cadlnterac-moblity.ink,public
domain,revenueonlineservice.com,public
domain,lnterac.deposit-link-transfer.online,public
domain,1lnte3rac-2t3ansfer3.online,public
domain,canadapost-payportal.com,public
domain,mobility-info.com,public
domain,depinterweb.online,public
domain,receivedepgovt.online,public
domain,internet-banking-access.com,public
domain,comm.r-e-f1922u62.help,public
domain,securemyscotia.com,public
domain,telus-carecenter.ink,public
domain,www.telus-carecenter.ink,public
domain,lnterac.deposit-funds-gov.online,public
domain,deposit-funds-gov.online,public
domain,canada-post-tracking.ca,public
domain,ap.r-e-f1922u62.help,public
domain,gvmt-emt.online,public
domain,www.telus-care-center.ink,public
domain,easytdweb.ca,public
domain,assistanceontariocitizens.com,public
domain,kiwisupportnz.com,public
domain,assistanceontarioresidents.com,public
domain,assistanceontariotrillium.com,public
domain,ontariocitizensassistance.com,public
domain,ontarioresidentsassistance.com,public
domain,ontariotrilliumassistance.com,public
domain,transfer-399382.com,public
domain,transferfundsbenefit.com,public
domain,transferfundsbenefits.com,public
domain,inv-6emt.ink,public
domain,crp-fido-returns.site,public
domain,interac-payment.com,public
domain,reschedule-information.com,public
domain,reset-paymethod.info,public
domain,uber.identity-verify.com,public
domain,caq-inflation.me,public
domain,cpdelivery-intern247-gov.com,public
domain,helpbnz-dash.com,public
domain,e-transfermybell.com,public
domain,my.gov.support.linkpc.net,public
domain,mobilebnz.site,public
domain,my.gov.work.gd,public
domain,postdeliverypackage.com,public
domain,feespostoffice-customs.com,public
domain,customcharge-service.com,public
domain,etransferr.co,public
domain,interac.depinterweb.online,public
domain,interac.receivedepgovt.online,public
domain,interac.canada-govt-pay.site,public
domain,deposit-now-canada.online,public
domain,lnterac.deposit-now-canada.online,public
domain,cpdelivery-intern234-gov.com,public
domain,manage-applepay.info,public
domain,anpostparcelfees.com,public
domain,canada-govt-remboursement.online,public
domain,lnterac.canada-govt-remboursement.online,public
domain,canada-govt-taxes.online,public
domain,lnterac.canada-govt-taxes.online,public
domain,canada-govt-refund.online,public
domain,lnterac.canada-govt-refund.online,public
domain,canada-govt-pay.online,public
domain,lnterac.canada-govt-pay.online,public
domain,anpost-servicequeries-online.com,public
domain,retour-ramq.net,public
domain,www.retour-ramq.net,public
domain,anpost.importing-customs.com,public
domain,anpost-mobiservice.com,public
domain,anpost-customs-fee.com,public
domain,deliveryfees-eire.com,public
domain,anpost.deliveryfees-eire.com,public
domain,carriersuport.online,public
domain,bawag.psk023.com,public
domain,anpost-alerthub-duty-fee.com,public
domain,canada-govt-deposer.online,public
domain,s.antander-on.line.pm,public
domain,lnterac.canada-govt-deposer.online,public
domain,scotlaca-statusupdates.com,public
domain,scotlastatus-aiertsca.com,public
domain,scotlamobile-calnfoaierts.com,public
domain,barcs-on.line.pm,public
domain,canadapost-package-support.com,public
domain,etran-7610.info,public
domain,etran-76100.info,public
domain,mygovform-au.com,public
domain,vr-onlineservice.com,public
domain,interacstatus.ca,public
domain,tdverification.online,public
domain,postcanadapayment.com,public
domain,0npark1ngticket.link,public
domain,refund-inrtranac.online,public
domain,1001-claimetransferca-loginca.com,public
domain,bbva-onlineservice.com,public
domain,caip-payment.ca,public
domain,parcelcustom-info.com,public
domain,anpostcustomsimportfee.com,public
domain,www.mytelus-mobilityrefnd1.icu,public
domain,smartoverpayed.com,public
domain,draftkingspay.ca,public
domain,returnforminc.com,public
domain,tr1sfr-g8vrnt.com,public
domain,delivery-candapost.com,public
domain,tdauthenticateteam.online,public
domain,cra-secure.info,public
domain,88103933.com,public
domain,postcanada-hold.com,public
domain,mybel-account.online,public
domain,reference-85043.com,public
domain,applepayaus.com,public
domain,onlineredirectbenefits.com,public
domain,transferfundbenefit.com,public
domain,serviceontario.help,public
domain,lskjdnskcndm.online,public
domain,xcacscscaqwd.online,public
domain,qflgbfdfcxcs.online,public
domain,offrestelus.online,public
domain,payment-gst.ca,public
domain,etran-9472.info,public
domain,etran-94722.info,public
domain,canada-postparcel.com,public
domain,offrestelus.onli,public
domain,myportal-update.com,public
domain,pskkarte.online/.well-known/pki-validation/291c03d17de11031d,public
domain,virement.bnjjbdsfdxd4wsd.online,public
domain,virement.qplakensmxj.online,public
domain,supportkiwinzd.com,public
domain,virement.lskjdnskcndm.online,public
domain,virement.xcacscscaqwd.online,public
domain,virement.qflgbfdfcxcs.online,public
domain,inv-7emt.ink,public
domain,tdcanadaweb.ca,public
domain,adetgvnhfvb.online,public
domain,virement.adetgvnhfvb.online,public
domain,aldndj2hsjsbd.online,public
domain,virement.aldndj2hsjsbd.online,public
domain,xmkxksjsvgaz.online,public
domain,virement.nxnkxallxlaksja.online,public
domain,virement.lajxkwjhsh.online,public
domain,virement.xmkxksjsvgaz.online,public
domain,lajqkxjsnxnsbhxb.online,public
domain,virement.lajqkxjsnxnsbhxb.online,public
domain,qpsnsnxjsjqnz.online,public
domain,virement.qpsnsnxjsjqnz.online,public
domain,mxjsxnsjhjsdhb.online,public
domain,virement.mxjsxnsjhjsdhb.online,public
domain,anpost-dutyfee.com,public
domain,members-executive-coupon-rewards.ca,public
domain,executive-coupon-rewards.ca,public
domain,my-executive-reward.ca,public
domain,executive-coupons-reward.ca,public
domain,verify-apple-helpdesk.com,public
domain,tondepotmobileqc.ca,public
domain,reference-388910.com,public
domain,postcanada-holding.com,public
domain,ca-parcelupdates-993881.com,public
domain,ca-parcelupdates-993888.com,public
domain,ca-updatespackage-9933420.com,public
domain,ca-updatespackage-9933421.com,public
domain,ca-parcelupdates-993882.com,public
domain,ca-parcelupdates-993883.com,public
domain,ca-updatespackage-0039881.com,public
domain,ca-updatespackage-0039882.com,public
domain,ca-deliverypackage-009281.com,public
domain,ca-deliverypackage-009282.com,public
domain,mycomm.verify-helpdesk.net,public
domain,anzappsecurity.com,public
domain,canadapost-parcelreschedule.com,public
domain,canadapost-parckagereschedule.com,public
domain,canadapost-trackingservices.com,public
domain,canadaposttrackingservices.com,public
domain,inv-8emt.ink,public
domain,updatem.art,public
domain,telusverify.com,public
domain,bbvaesonlinebanking.com,public
domain,gstsolidarityref.top,public
domain,ub-onlinebanking.com,public
domain,onlinesupport-parcel.com,public
domain,royal-mailpostalfee.com,public
domain,op.fi-avain.com,public
domain,anpost-fee-parcel.in,public
domain,canada-postfees.com,public
domain,annual-rebates.com,public
domain,anpost-deliveryqueries-online.com,public
domain,anpost-dutystampfee.com,public
domain,gov-canada-deposit.online,public
domain,gov-canada-taxes.online,public
domain,gov-canada-pay.online,public
domain,my.security-portal-online.net,public
domain,candapostes.com,public
domain,reference-37019.com,public
domain,unicaja.cliente-cuenta.com,public
domain,anpost-importfee-service.com,public
domain,transfer-3200124.com,public
domain,transfer-4402919.com,public
domain,cpcanada-reschedulesccm-gov.com,public
domain,totta.reveja-cliente.com,public
domain,transfer-3928100.com,public
domain,anpost-paylinkservice.com,public
domain,deposit-canada-safely.online,public
domain,deposit-canada-now.online,public
domain,deposit-canada-bank.online,public
domain,deposit-canada-refund.online,public
domain,anpost-service-deliveries.com,public
domain,acccnt.mobilealets.net,public
domain,ca.mobilealets.net,public
domain,ca.mobileretrns.net,public
domain,accnt.mobileretrns.net,public
domain,anpost-customs-delivery.com,public
domain,anpost-delivery-review.com,public
domain,deliveryfees-ireland.com,public
domain,anpost.deliveryfees-ireland.com,public
domain,ca-deliveryupdates-99921.com,public
domain,ca-deliveryupdates-99928.com,public
domain,ca-packageupdates-002991.com,public
domain,ca-packageupdates-002993.com,public
domain,transfer-169402.com,public
domain,etran-9742.info,public
domain,etran-97422.info,public
domain,scotlapush-notifcations.com,public
domain,scotlamobile-aiertsca.com,public
domain,scotlaca-pushnotifications.com,public
domain,anpost-fee-parcel.com,public
domain,transfer-193931.com,public
domain,canadapost.delivery-charge.ca,public
domain,anpost-customs-charge.com,public
domain,anpostdeliveryservice.com,public
domain,postescanda.com,public
domain,www.mytelus-mobilityrefnd1.link,public
domain,www.mytelus-mobilityrefnd1.online,public
domain,ca-postdelivery-parcelweb.com,public
domain,parcel-canadapostweb-date.com,public
domain,canadapost-rescheduleparceltrust.com,public
domain,canadapost-deliverylogin-trust.com,public
domain,applepayauthorisation.com,public
domain,depot-fee-online-delivery.com,public
domain,www.ontrilliumbenef.info,public
domain,www.ontariotb.online,public
domain,uberonline-form.com,public
domain,1001-loginca-trustcanadaweb.com,public
domain,ontrilliumbenef.info,public
domain,ontariotb.online,public
domain,secure.postal-imports.com,public
domain,et.public-details.com,public
domain,public-details.com,public
domain,reschedule-nzpost.com,public
domain,hold-postcanada.com,public
domain,canadapost-webtrust.com,public
domain,anpost-redeliver.com,public
domain,et-lnterac-corp.sk-6g3t9.com,public
domain,bmo-onlinebank.com,public
domain,onlinefundsbenefits.com,public
domain,onlinetransferbenefit.com,public
domain,postcadproblemocc.shop,public
domain,verification-rbc.com,public
domain,refund-customerservice.com,public
domain,gvmt-perquisites.online,public
domain,inrtranac-deposit.site,public
domain,etcragrants.live,public
domain,costco.wholesale-deposit.com,public
domain,return-9o31f7.xyz,public
domain,transmit-7c32e4.xyz,public
domain,suspost-packageinfo.com,public
domain,refund-4e97a2.xyz,public
domain,transmit-1b75e2.xyz,public
domain,transfer-7c36e4.xyz,public
domain,www.1nflix-update.info,public
domain,transmit-6e31o8.xyz,public
domain,auspost-packageinfo.com,public
domain,amazonbilldept.com,public
domain,paygst.ca,public
domain,browsereasyweb.ca,public
domain,billing-costco.ca,public
domain,atb.financial-administration.com,public
domain,py-visitt.online,public
domain,uberaccverify.online,public
domain,lnterachelp.ca,public
domain,etran-4912.info,public
domain,etran-49122.info,public
domain,poste-canada.online,public
domain,auspostal-ports.com,public
domain,amaznrenouvellement.online,public
domain,alerts.anz-on.line.pm,public
domain,pannesnouvelan.com,public
domain,auspostparcelhelp.com,public
domain,amaznrenew.online,public
domain,amaznprimere.online,public
domain,mygov-update.com,public
domain,au.post.trck07.net,public
domain,my-services-linked-mygov.com,public
domain,mygov.idkit-on.line.pm,public
domain,ca-updatesparcel-0099391.com,public
domain,ca-updatesparcel-0099398.com,public
domain,ca-packageupdates-0039991.com,public
domain,ca-packageupdates-0039993.com,public
domain,mypost-on.line.pm,public
domain,redelivery-aupostform.com,public
domain,update-deliveryinfo.com,public
domain,reschedule-canadapost-postescanada.com,public
domain,canadapost-postescanada-reschedule.com,public
domain,anpost-online-customs.com,public
domain,anpost-delivery-ref.com,public
domain,postdeliverypackage-alert.com,public
domain,anpost-redeliver-service.com,public
domain,secure-br0wsing.info,public
domain,secureiy-br0wsing.info,public
domain,my.cba-online-potal.net,public
domain,web-postcanadadelivery-data.com,public
domain,customer.web-postcanadadelivery-data.com,public
domain,client.web-postcanadadelivery-data.com,public
domain,schedule.web-postcanadadelivery-data.com,public
domain,amz-visit.store,public
domain,anpost-services.com,public
domain,anpost-redeliver-services.com,public
domain,totta.pt-reveja-cliente.com,public
domain,anpost-deliver-postage.com,public
domain,canpst.com,public
domain,anpostservicefee.com,public
domain,prime-abonnement.online,public
domain,prime-membership.online,public
domain,prime-billing.online,public
domain,prime-account.online,public
domain,amazon.prime-membership.online,public
domain,amazon.prime-billing.online,public
domain,amazon.prime-account.online,public
domain,amazon.prime-abonnement.online,public
domain,anpost-postparceldelivery.com,public
domain,totta.pt-cliente-reveja.com,public
domain,reference-715182.com,public
domain,anpost-onlinequeries-support.com,public
domain,prime-compte-abonnement.online,public
domain,facturation-prime.online,public
domain,compte.facturation-prime.online,public
domain,etran-5448.info,public
domain,etran-54488.info,public
domain,anpost.imported-parcels.com,public
domain,expired-paymentfido.com,public
domain,amazon.prime-compte-abonnement.online,public
domain,erste-sparkasse-mobile.at,public
domain,particulares-totta-pt.com,public
domain,anpost-parceldeliveryfee.com,public
domain,ca-packagesupdate-993888.com,public
domain,ca-packagesupdate-993881.com,public
domain,ca-deliveryparcel-300039.com,public
domain,ca-deliveryparcel-300031.com,public
domain,ca-updatesdelivery-093884.com,public
domain,ca-updatesdelivery-093881.com,public
domain,ca-packageupdates-0029938.com,public
domain,ca-packageupdate-093981.com,public
domain,ca-reschedulepackage-009318.com,public
domain,ca-reschedulepackage-009388.com,public
domain,rewardsuber.com,public
domain,anpost-redeliveryie.com,public
domain,www.rewardsuber.com,public
domain,poste-locale-servizi.com,public
domain,hsbcb.universalhealing.org,public
domain,navyfed.universalhealing.org,public
domain,pnnc.universalhealing.org,public
domain,update-applepayment.com,public
domain,postdeliverycharge.com,public
domain,prime-compte-facturation.online,public
domain,amazon.prime-compte-facturation.online,public
domain,inrtanac-rgrs.online,public
domain,canada-service-fin.online,public
domain,etinteract.canada-service-fin.online,public
domain,anpost.import-customfees.com,public
domain,bmo.resetlogin.com,public
domain,transmit-7c38e4.xyz,public
domain,billing-adjustment.ca,public
domain,msg-bell.ca,public
domain,etransfer-interac.ca,public
domain,parcel-canadadeliverypost.com,public
domain,cra.cad-assessment.com,public
domain,parking-infractions5.city,public
domain,canadnapost.com,public
domain,gstrefcapers.top,public
domain,service-benefits.com,public
domain,financialdirectservice.com,public
domain,canadagst.ca,public
domain,securedroyalbank.com,public
domain,interac.cad-assessment.com,public
domain,auspost-package-info.com,public
domain,climate-action-incentive.info,public
domain,onlinebenefitsdirect.com,public
domain,1nv-emt.ink,public
domain,bmo.safetyuser.com,public
domain,etran-9767.info,public
domain,etran-97677.info,public
domain,smart-overpaymobile.com,public
domain,transfersfundsbenefits.com,public
domain,transferfundbenefits.com,public
domain,tel3us-inf7o.online,public
domain,int7erac-tran1sfer.online,public
domain,t2elus-center.online,public
domain,australiapostservice.com,public
domain,auth-bankofamericasupport-easywebusa.com,public
domain,secure.bmo-verify.com.,public
domain,secure.bmo-verify.com,public
domain,bendigo-secure-helpdesk.com,public
domain,telus.ca-return.com,public
domain,cc-annualreturn.com,public
domain,telus.ca-refund.com,public
domain,notice-canadapost-postescanada.com,public
domain,canadapost-postescanada-notice.com,public
domain,bellmobilityrefundplan.com,public
domain,www.secure-bmo.online,public
domain,secure-bmo.online,public
domain,bendigo-verify-helpdesk.com,public
domain,tel-mobilitytransfer.com,public
domain,carriermobileback.com,public
domain,tx1-intrac.info,public
domain,cell-mobility.ca,public
domain,nab-sec3.com,public
domain,oebauth1etransfer.com,public
domain,et-canada-serv.online,public
domain,et-bankcanada.online,public
domain,etbank-canada.online,public
domain,canaservice-et.online,public
domain,can-service-et.online,public
domain,can-serviceeet.online,public
domain,canadapostopp.online,public
domain,canadapost-opp.online,public
domain,canada-post-opp.online,public
domain,transfersfundbenefit.com,public
domain,transfersfundbenefits.com,public
domain,pippayments.ca,public
domain,www.reschedule-canadapost-postescanada.com,public
domain,deadlinetrans1.ink,public
domain,assist.oebauth1etransfer.com,public
domain,supp.oebauth1etransfer.com,public
domain,rogers.communicationca.com,public
domain,telus.mobilityreturn.com,public
domain,telus.onlinesecureca.com,public
domain,rogers.secureonlineca.com,public
domain,retry-anpost.com,public
domain,op.fi-palvelu.com,public
domain,interac-etransfcanada2.business,public
domain,anzloginmysupport.com,public
domain,my.client-portal-online.net,public
domain,secure-liens-express.cc,public
domain,anpost-deliver-fee.com,public
domain,myparcelcanada-manage.com,public
domain,postdeliverycanada.com,public
domain,track-canadaparceldelivery.com,public
domain,track-parceldelivery.com,public
domain,anpost.myparcel-imports.com,public
domain,anpost-redelivery-services.com,public
domain,billing-prime.online,public
domain,amazon.billing-prime.online,public
domain,membership-prime.online,public
domain,amazon.membership-prime.online,public
domain,abonnement-prime.online,public
domain,amazon.abonnement-prime.online,public
domain,amazon.facture-prime.online,public
domain,facture-prime.online,public
domain,secure-receive.info,public
domain,deliv-ontar.top,public
domain,movabilty.com,public
domain,postecanada-delivery-parcel.com,public
domain,anpost-support-onlinequeries.com,public
domain,anpost.importing-customfees.com,public
domain,anpost-importstamp.com,public
domain,cadnapost.com,public
domain,forfait-prime.online,public
domain,amazon.forfait-prime.online,public
domain,amazon.prime-forfait.online,public
domain,prime-forfait.online,public
domain,caemployement.info,public
domain,interac-cra-pending.com,public
domain,identity.auth.atb.client87.com,public
domain,bellaccountverification.online,public
domain,etran-6113.info,public
domain,etran-61133.info,public
domain,scotlaonline-mobileaierts.com,public
domain,scotlaonline-lnfoaierts.com,public
domain,scotlaonline-statusupdates.com,public
domain,commsecurebanking.com,public
domain,postonlineservice.com,public
domain,uber-adjustment.com,public
domain,deposezaujourdhui.online,public
domain,deposezvos-fondsaujourdhui.online,public
domain,recevez-votre-argent.online,public
domain,transferez-vosfonds.online,public
domain,canada-postdelivery-parcel.com,public
domain,lntarc.com,public
domain,billing-renewal.ca,public
domain,postdeliveryservicefee.com,public
domain,bell-rebates.com,public
domain,1001-loginweb-canadatrustca.com,public
domain,www.mymobility-help.cfd,public
domain,canadapost.parcelinquiry.ca,public
domain,parcelinquiry.ca,public
domain,cagst.ca,public
domain,anpost-importservice.com,public
domain,track-poste-canada-parcel.com,public
domain,valid-0981secu-red.com,public
domain,etinterac.et-canada-serv.online,public
domain,etinterac.et-bankcanada.online,public
domain,directinfobenefits.com,public
domain,transferinfobenefits.com,public
domain,desjardins.dossiertps.com,public
domain,www.mymobility-help.link,public
domain,reference-992023.com,public
domain,bgca1berta.link,public
domain,cpost-delivery.com,public
domain,smart-overpayment.com,public
domain,etinterac.etbank-canada.online,public
domain,etinterac.canaservice-et.online,public
domain,etinterac.can-service-et.online,public
domain,etinterac.can-serviceeet.online,public
domain,etinterac.canadapostopp.online,public
domain,etinterac.canadapost-opp.online,public
domain,etinterac.canada-post-opp.online,public
domain,bellaccount.online,public
domain,auto-banque-depot.online,public
domain,etinterac.auto-banque-depot.online,public
domain,automatique-banque.online,public
domain,etinterac.automatique-banque.online,public
domain,autodepot-cra.online,public
domain,etinterac.autodepot-cra.online,public
domain,cra-depositchoice.online,public
domain,etinterac.cra-depositchoice.online,public
domain,cra-deposit-auto.online,public
domain,www.mymobility-help.online,public
domain,etinterac.cra-deposit-auto.online,public
domain,www.mymobility-help.quest,public
domain,bank-deposit-choice.online,public
domain,etinterac.bank-deposit-choice.online,public
domain,reference-2700191.com,public
domain,pay-canadapost.ca,public
domain,deposit-cra-auto.online,public
domain,etinterac.deposit-cra-auto.online,public
domain,www.mymobility-help.sbs,public
domain,cra-depositauto.online,public
domain,etinterac.cra-depositauto.online,public
domain,www.mymobility-help.top,public
domain,bellaccountsupport.online,public
domain,www.help-mytelusmobility.top,public
domain,ca-pst-reschedule.online,public
domain,help-capst-reschedule.online,public
domain,www.mytelusmobility-help.link,public
domain,interacbenefit.buzz,public
domain,auspost-help.com,public
domain,www.mytelusmobility-help.top,public
domain,coupon-wholesale-return-2023.ca,public
domain,etran-4023.info,public
domain,etran-40233.info,public
domain,bendigo.r-e-f1922u62.help,public
domain,secure-cibc.online,public
domain,www.secure-cibc.online,public
domain,www.mytelus-assist1.top,public
domain,ont-schedpst.top,public
domain,transfer-188102.com,public
domain,bendigobank.au.commsecurebanking.com,public
domain,gc-cradeposit.com,public
domain,redeliver-aupostform.com,public
domain,www.mytelushelp-mobility.cfd,public
domain,nab.r-e-f1922u62.help,public
domain,mobile-smartoverpay.com,public
domain,telus.dispersedreturn-ca.com,public
domain,urgent-alert-cancel-request.com,public
domain,costco.billing-error.ca,public
domain,telus.adminloginapp.com,public
domain,intrsxc00income.net,public
domain,www.mytelushelp-mobility.link,public
domain,authcostcorewards.com,public
domain,costcomembers-space.com,public
domain,telusmobility-rebates.com,public
domain,telusmobility-rebate.com,public
domain,rescheduledhlparcel.info,public
domain,ca-deliverypackage-009281.com,public
domain,nab.r-e-f19262.help,public
domain,nab.jsp.com,public
domain,g72w93pllk.xyz,public
domain,lnteract.g72w93pllk.xyz,public
domain,a233ew.xyz,public
domain,lnteract.a233ew.xyz,public
domain,apa2.xyz,public
domain,apo913e.xyz,public
domain,lnteract.apo913e.xyz,public
domain,q2ewaz114.xyz,public
domain,lnteract.apa2.xyz,public
domain,qwoads0.xyz,public
domain,lnteract.q2ewaz114.xyz,public
domain,lnteract.qwoads0.xyz,public
domain,telusmobilityrefundprogram.com,public
domain,acc-privatedetails.com,public
domain,ab.authcostcorewards.com,public
domain,interest-deductions-login-wbc.org,public
domain,anpost-postal-ie-fees.com,public
domain,op-fi-avain.com,public
domain,post-servicedelivery.com,public
domain,anpost-delivery-duty-fee.com,public
domain,renting-secure.info,public
domain,deliveryhub-portal.com,public
domain,anpost.deliveryhub-portal.com,public
domain,parcelhub-deliveryfee.com,public
domain,financedep-govca247.com,public
domain,post-onlinedelivery.com,public
domain,ap.r-e-f192262.help,public
domain,op-fi-avain.net,public
domain,anpost.service-alert-fee.com,public
domain,poste-italiane.online,public
domain,anpost-importsfee.com,public
domain,anpost-customs-deliver.com,public
domain,redelivery-service-ie.com,public
domain,etran-6529.info,public
domain,etran-65299.info,public
domain,amazon.account-prime.online,public
domain,account-prime.online,public
domain,amazon.update-prime.online,public
domain,update-prime.online,public
domain,amazon.member-prime.online,public
domain,member-prime.online,public
domain,account-myprime.online,public
domain,totta.reveja-conta-pt.com,public
domain,intnarac-deposit.site,public
domain,scotlamobile-lnfoaierts.com,public
domain,scotlamobile-statusaierts.com,public
domain,scotlamobile-statusupdates.com,public
domain,tdidentifylogin.online,public
domain,mouv.desjardins.324136.com,public
domain,www.costcomembers-space.com,public
domain,interactmycraref071842.com,public
domain,membership-myprime.online,public
domain,amazon.membership-myprime.online,public
domain,nexi-sicurezzaweb.com,public
domain,my.online-client-portal.net,public
domain,my.update-client-info.net,public
domain,hsbcverification.com,public
domain,hub-eire.com,public
domain,anpost.hub-eire.com,public
domain,returnprocessed.com,public
domain,totta.cliente-pt-reveja.com,public
domain,reminder-inv.ink,public
domain,bell-resolution.ca,public
domain,anpost-service-packages.com,public
domain,tinyurl.com/538e8yb9,public
domain,anpost-unpaid-customs.com,public
domain,payment-postcanada.com,public
domain,365online-support.com,public
domain,canadapost-mailbox.com,public
domain,telusmobilitysupport.info,public
domain,depotcrabanque.online,public
domain,depot-cra-banque.online,public
domain,cra-depot-automatique.online,public
domain,craautodeposit.online,public
domain,etinterac.depotcrabanque.online,public
domain,etinterac.depot-cra-banque.online,public
domain,etinterac.cra-depot-automatique.online,public
domain,etinterac.craautodeposit.online,public
domain,registerclaim.org,public
domain,numb1-onl2ref.com,public
domain,process-intrac.online,public
domain,billing-myprime.online,public
domain,saskrefservices.sk-6g3t9.com,public
domain,interac.assessment-ca.com,public
domain,canedapost.com,public
domain,ie-redeliveryservices.com,public
domain,anpostdeliverysupport.com,public
domain,cp-easypack.online,public
domain,depot.acces-enligne.online,public
domain,acces-enligne.online,public
domain,bmo-monservice-enligne.com,public
domain,prime.acces-enligne.online,public
domain,chasefraudalert.myvnc.com,public
domain,bchydrocredit.com,public
domain,secure-chasebank.com,public
domain,anpost-parcel-charge.com,public
domain,canadapostrescheduleparcel.ca,public
domain,post-canadahold.com,public
domain,bellls.top,public
domain,www.mytelushelp-mobility.quest,public
domain,canadapost1.ca,public
domain,transfer-0019121.com,public
domain,bellrefundcanada.myvnc.com,public
domain,rac-depot-ajc29djsn.online,public
domain,rac-auto-bd3fgvfs.online,public
domain,rac-deposit-babw26stwgs.online,public
domain,rac-secured-anxjsbx2vsh.online,public
domain,rac-gov-msmxbsjahxs.online,public
domain,online-refaht.online,public
domain,rac-qc-aulo.online,public
domain,inte.rac-swc-znzj27xbjas.online,public
domain,ref-telu.ca,public
domain,inte.rac-depot-ajc29djsn.online,public
domain,inte.rac-auto-bd3fgvfs.online,public
domain,inte.rac-deposit-babw26stwgs.online,public
domain,inte.rac-secured-anxjsbx2vsh.online,public
domain,inte.rac-gov-msmxbsjahxs.online,public
domain,inte.rac-qc-aulo.online,public
domain,rac-secu-qc.online,public
domain,inte.rac-secu-qc.online,public
domain,racauto-dep64gvhrf4.online,public
domain,inte.racauto-dep64gvhrf4.online,public
domain,rac-prtotect-hfdfxvdf.online,public
domain,inte.rac-prtotect-hfdfxvdf.online,public
domain,rac-trc-hgffh55dgd.online,public
domain,inte.rac-trc-hgffh55dgd.online,public
domain,rac-swc-znzj27xbjas.online,public
domain,service-inflation-rebate.online,public
domain,deliverypost-canada.com,public
domain,smartphone-overpay.com,public
domain,verification-rbc2.com,public
domain,client-lnteracservices.98c4r.com,public
domain,1nterac.top,public
domain,98c4r.com,public
domain,costumerservices-lnterac.98c4r.com,public
domain,etran-5771.info,public
domain,etran-57711.info,public
domain,cashback-2023.com,public
domain,review-authnticate-device.com,public
domain,refund-customerservices.com,public
domain,review-augovform.com,public
domain,ca-refundcenter.com,public
domain,fido-return-c.site,public
domain,helpontariotrillium.org,public
domain,ontariohelptrillium.org,public
domain,ontariotrilliumhelp.org,public
domain,nab-sec4.com,public
domain,commbanklogin-verify.com,public
domain,postescanadacourrier.com,public
domain,100001etr.ca,public
domain,service-rebate-inflation.online,public
domain,payment-canadapost.com,public
domain,housing-benefit.ca,public
domain,bell-transmit.ca,public
domain,195.189.99.19,public
domain,sh-tran-uncla.top,public
domain,unclaimedd-sh-depp.top,public
domain,inflation-rebate.online,public
domain,activate-applewallet.com,public
domain,e.transfer-atm.ca,public
domain,gst.cracadintera.online,public
domain,aupostform-reschedule.com,public
domain,support.cracadintera.online,public
domain,mytelus.pro,public
domain,telus.cadisbursement.com,public
domain,revenue.cracadintera.online,public
domain,claim.cracadintera.online,public
domain,activate-applehelp.com,public
domain,secure-track-post-packaging.net,public
domain,asb-nz-verify.top,public
domain,login.anz.au.commsecurebanking.com,public
domain,errortransferdepos.online,public
domain,canadapost-refund.com,public
domain,security-page.com,public
domain,login-access.online,public
domain,secur-access.online,public
domain,live-access.online,public
domain,customermobililty-center.com,public
domain,mybendigologin.support.au.commsecurebanking.com,public
domain,www-authentification-rbc-bank-rayol.life,public
domain,support-team.help,public
domain,authentication.0-td.com,public
domain,auth1.e-transfermybell.com,public
domain,globalonlinefunds.com,public
domain,postdeliverypackages.com,public
domain,servicemygov-aus.com,public
domain,parcel-servicefees.com,public
domain,anpost.parcel-servicefees.com,public
domain,anpost-onlinesupport-queries.com,public
domain,post-paymentservice.com,public
domain,moneymartpaid.ca,public
domain,cashback2023.com,public
domain,post-onlinepayservice.com,public
domain,ehealtcare.com,public
domain,ie-redelivery-portal.com,public
domain,postalservices-importfee.com,public
domain,postdeliveryalert.com,public
domain,etran-4989.info,public
domain,etran-49899.info,public
domain,anpost-deliver-depot.com,public
domain,anpostsupportcentre.com,public
domain,1001-loginwebca-trustclaimca.com,public
domain,inflation-rebat.online,public
domain,anpost-ie-release.com,public
domain,moblililtycarecenter.com,public
domain,mobllitysupportcenter.com,public
domain,mobllitycustomer-center.com,public
domain,mobilecharge-overpay.com,public
domain,cpcanada-govreschedule-ccm.com,public
domain,canadapost-pay.ca,public
domain,validationservice.info,public
domain,verification-rbc3.com,public
domain,ramq-remboursement.ca,public
domain,www.ramq-remboursement.ca,public
domain,important-info.ca,public
domain,canadapost.important-info.ca,public
domain,canodapost.com,public
domain,canada-posthold.com,public
domain,sh-depa-benef.top,public
domain,tdrestoreweb.online,public
domain,telus.mobilitydisbursement.com,public
domain,ib-nabaccess.com,public
domain,canapostservice.info,public
domain,online-info.site,public
domain,inquirynotice.ca,public
domain,candanpost.com,public
domain,canadapost.inquirynotice.ca,public
domain,telustransfer.com,public
domain,anpost-importduties.com,public
domain,interachstgst.com,public
domain,austpostal-portal.com,public
domain,rogersregister.org,public
domain,smart-depositmobile.com,public
domain,admin.rogersregister.org,public
domain,customer.rogersregister.org,public
domain,tsec519.life,public
domain,tmsec519.life,public
domain,tmisec519.life,public
domain,tminc5.top,public
domain,post-canadapayment.com,public
domain,auspostpackage-info.com,public
domain,tsec5.life,public
domain,tmsecured.life,public
domain,tmsec.life,public
domain,et-lnterac100webtrust.com,public
domain,tminc.life,public
domain,atb.updategst.com,public
domain,tmi51.top,public
domain,tinc519.life,public
domain,capost-online.com,public
domain,delivalertdhl.net,public
domain,tmi5.life,public
domain,tmi519.xyz,public
domain,tmisec5.life,public
domain,alert-anz-support.my.to,public
domain,www.mytelushelp-mobility.sbs,public
domain,etran-7123.info,public
domain,etran-71233.info,public
domain,errordeposnow.help,public
domain,overpay-mobile.com,public
domain,navyfederalcuchargeback.com,public
domain,www.mytelushelp-mobility.top,public
domain,sup1.navyfederalcuchargeback.com,public
domain,sup3.navyfederalcuchargeback.com,public
domain,sup2.navyfederalcuchargeback.com,public
domain,sup4.navyfederalcuchargeback.com,public
domain,sup5.navyfederalcuchargeback.com,public
domain,identity.auth.atb.client82.com,public
domain,return-fido-icrp.site,public
domain,reactivateacctd.online,public
domain,transfersfundsbenefit.com,public
domain,canada-postal.ca,public
domain,nelix-informations-update.com,public
domain,anz.block-alert.cc,public
domain,assistanceontariocitizens.org,public
domain,assistanceontariotrillium.org,public
domain,helpontarioresidents.org,public
domain,ontarioassistancetrillium.org,public
domain,ontariocitizensassistance.org,public
domain,ontarioresidentshelp.org,public
domain,ontariotrilliumassistance.org,public
domain,rbz09usect.com,public
domain,online-acces.link,public
domain,post-canadadelivery.com,public
domain,identity.auth.atb.client85.com,public
domain,return-processing.online,public
domain,www.mytelus-mobilityhelp.top,public
domain,reference-820113.com,public
domain,nabhelpdesk-online.com,public
domain,www.helptelus-mobility.top,public
domain,canadapostupdateservice.info,public
domain,canadapostupdateservice.ca,public
domain,canada-revenue-agencyincome.info,public
domain,member-executive-reward.ca,public
domain,access-executive-reward.ca,public
domain,manage-coupon-reward.ca,public
domain,se3cur1ity-page.online,public
domain,summaryaccount.online,public
domain,te3lus-center.online,public
domain,nab.hold968438.cfd,public
domain,bendigoverify-helpdesk.com,public
domain,packageship-help.online,public
domain,customer-depositapplication.com,public
domain,telus.mobilepayment-ca.com,public
domain,info-rbc.com,public
domain,info-rbc1.com,public
domain,executive-member-rewards.ca,public
domain,cs-rbcbank.com,public
domain,inflation-caq.me,public
domain,customer.notice-accounts.com,public
domain,rewardsmobility.live,public
domain,hydroqc.online,public
domain,my.update-income-portal.net,public
domain,review-my-account-services-gov.com,public
domain,amazonvalidation-office.info,public
domain,www.atb-members.online,public
domain,atb-members.online,public
domain,capost-inquiry23.com,public
domain,capost-inquiry2023.com,public
domain,capost-services.com,public
domain,post-canada-services.com,public
domain,itc-supportservices.com,public
domain,atbpersonalvisa.com,public
domain,scotlacanada-textaiert.com,public
domain,scotlaca-clientservices.com,public
domain,scotlaclient-aiertsca.com,public
domain,op-fi-palvelu.com,public
domain,form.authcostcorewards.com,public
domain,hub.authcostcorewards.com,public
domain,post-deliverypayservice.com,public
domain,kko88tgvn.xyz,public
domain,p90juio.xyz,public
domain,mhyyup5m7.xyz,public
domain,ji87hd67mq.xyz,public
domain,i87hjolp095.xyz,public
domain,hkiip0.xyz,public
domain,lnteract.kko88tgvn.xyz,public
domain,lnteract.p90juio.xyz,public
domain,lnteract.mhyyup5m7.xyz,public
domain,lnteract.ji87hd67mq.xyz,public
domain,lnteract.i87hjolp095.xyz,public
domain,lnteract.hkiip0.xyz,public
domain,parcel-servicefee.com,public
domain,anpost.parcel-servicefee.com,public
domain,fido-return-incrp.site,public
domain,anpost-pay-services.in,public
domain,anpost-pay-services.co,public
domain,postdeliveryorder.com,public
domain,ap.hold968438.cfd,public
domain,gov-uk-rebate.com,public
domain,inv-reminder.ink,public
domain,post-deliverypay.com,public
domain,op-fi-palvelu.net,public
domain,totta.cliente-pendente.com,public
domain,payservice-hub.com,public
domain,anpost.payservice-hub.com,public
domain,totta.pendente-cliente.com,public
domain,onlinebenefitscra.com,public
domain,votre-compte-prime.online,public
domain,votre-abonnement-prime.online,public
domain,compte-prime.online,public
domain,votre-forfait-prime.online,public
domain,rebat-fido.online,public
domain,climate-action-incentive.live,public
domain,anpost-postage-fee.com,public
domain,employementemt.info,public
domain,bconlinehydro.life,public
domain,post-paymentcanada.com,public
domain,remit-bell.ca,public
domain,anpostsupportdesk.com,public
domain,anpost-unpaid-delivery.com,public
domain,anpost-redelivery-ie.net,public
domain,prime-compte-facture.online,public
domain,deposerdesmaintenant.online,public
domain,gouv-etrnsfer.online,public
domain,tonargent-aujourdhui.online,public
domain,canada-post-trackingservices.com,public
domain,canada-postpackageservices.com,public
domain,canada-postparcelreschedule.com,public
domain,canada-postparceltracking.com,public
domain,support-teams.help,public
domain,auth08netflix.com,public
domain,redirect-to-web.com,public
domain,dataerror802.top,public
domain,dataerror519.top,public
domain,post-delivery-service.com,public
domain,cpost-ref.com,public
domain,www.bconlinehydro.life,public
domain,1nv-reminder.ink,public
domain,reimburse802.top,public
domain,reimburse519.top,public
domain,fundstransfersbenefits.com,public
domain,overcharge802.top,public
domain,fundstransfersbenefit.com,public
domain,dataref519.top,public
domain,billerrors519.top,public
domain,cadenapost.com,public
domain,authenticatetd.net,public
domain,applepay-veri.com,public
domain,overcharge519.top,public
domain,billerrors802.top,public
domain,dataref802.top,public
domain,myparcel-paymentmanager.com,public
domain,post-deliverycanada.com,public
domain,customerapplicationform.com,public
domain,forum-mymobililityaccount.com,public
domain,application-mymobililityaccount.com,public
domain,amazon.prime-updates.com,public
domain,bellmobiltyrefund.info,public
domain,healtcareto.com,public
domain,www.belltransfrs.com,public
domain,canada-post-ca-tracking-can.com,public
domain,tracking-canada-post-ca-can.com,public
domain,interactmycraref084219.com,public
domain,auspost-input.com,public
domain,www.ontariotrillium.online,public
domain,ontariotrillium.online,public
domain,candenpost.com,public
domain,post-canadareview.com,public
domain,smartphone-charge.com,public
domain,paymentpost-canada.com,public
domain,prime-enligne.online,public
domain,et-10001nteracca-webauth.com,public
domain,mon-prime-compte.online,public
domain,post-bell.ca,public
domain,etran-5104.info,public
domain,etran-51044.info,public
domain,dhl-deliverynotice.com,public
domain,dhl-delivery01.com,public
domain,et-10001auth-easywebca.com,public
domain,clientpostescanada.com,public
domain,bendigo-sec4.com,public
domain,bell.belltransfrs.com,public
domain,nabpayee-review.com,public
domain,elnetarc.com,public
domain,smart-phone-billback.com,public
domain,sup.belltransfrs.com,public
domain,wallet-update-ports.com,public
domain,gstassistance.info,public
domain,e.secure-deposit.ca,public
domain,support.belltransfrs.com,public
domain,app.authcostcorewards.com,public
domain,panel.authcostcorewards.com,public
domain,sup1.belltransfrs.com,public
domain,www-auth-rbcbank-online.xyz,public
domain,applepayuk.com,public
domain,contact.belltransfrs.com,public
domain,apple-pay-aus.com,public
domain,www-td-authentification-online.xyz,public
domain,costco.secure-deposit.ca,public
domain,easywebpage.ca,public
domain,contribution2021.info,public
domain,manage-payees-anz.com,public
domain,2023mobility-telus.com,public
domain,tranf-return.online,public
domain,aus-post-service.com,public
domain,cs-rbcbank4.com,public
domain,asbr56help.com,public
domain,monthly-interest-deductions-westpac.org,public
domain,rogersregister.com,public
domain,customer.rogersregister.com,public
domain,mobile.rogersregister.com,public
domain,commbnk-portal.com,public
domain,wholesale-benefits.net,public
domain,my.security-client-portal.net,public
domain,bell-remit.ca,public
domain,interac.acc-privatedetails.com,public
domain,interac.com.acc-privatedetails.com,public
domain,easyweblock.net,public
domain,postpayonline.com,public
domain,op-fi-palvelu.info,public
domain,aib-onlineupdateservice.com,public
domain,centrelink-services-mygov.org,public
domain,costcorewardscenter.com,public
domain,app.costcorewardscenter.com,public
domain,form.costcorewardscenter.com,public
domain,panel.costcorewardscenter.com,public
domain,parcelservices-eire.com,public
domain,anpost.parcelservices-eire.com,public
domain,secure-live-portal-nabassist.com,public
domain,standardbank.hold968438.cfd,public
domain,secure-id3821.com,public
domain,redelivery-tracking-ie.com,public
domain,hse-online-support.com,public
domain,mobianpostfee.com,public
domain,anpost.myparcel-progress.com,public
domain,anpost-delivery-depot.com,public
domain,rebate-rgrs.online,public
domain,track-canadaposte.com,public
domain,easywebpagelink.ca,public
domain,feeanpostmobile.com,public
domain,parcel-postcanada.com,public
domain,track-postecanada.com,public
domain,totta.pt-pendente.com,public
domain,package-feeduty.com,public
domain,fido-rebate.site,public
domain,s-antander-on.line.pm,public
domain,www.s-antanderservice.line.pm/sa,public
domain,s-antanderservice.line.pm,public
domain,www.s-antanderservice.line.pm,public
domain,bell-transmits.ca,public
domain,s-antsalert.line.pm,public
domain,totta.pt-reveja.com,public
domain,mobil.costcorewardscenter.com,public
domain,alert-s.antander.line.pm,public
domain,int3rac.online,public
domain,verify.san.line.pm,public
domain,en1canadapost.com,public
domain,hse.medical-ie.com,public
domain,myfees-paymentservice.com,public
domain,etran.sfer-clientid0972.com,public
domain,lnterac.e.tran.sfer-clientid0972.com,public
domain,lnterac.etran.sfer-clientid0972.com,public
domain,lnterac.tran.sfer-clientid0972.com,public
domain,retour-votreimpot.online,public
domain,deposervotre-argentaujourdui.online,public
domain,argent-retourdevosfonds.online,public
domain,verify-postdelivery.com,public
domain,retourde-vosfonds.online,public
domain,etransf-info.website,public
domain,anpostcustomerservice.com,public
domain,check-online-service.com,public
domain,s-antan-line.com,public
domain,anpost.delivery-ie353.com,public
domain,ca-auth-postcp1.com,public
domain,benefitsgvtransfert.com,public
domain,govprivatepass.life,public
domain,www.govprivatepass.life,public
domain,confirm-details-client93737.com,public
domain,nbc.confirm-details-client93737.com,public
domain,bnc.confirm-details-client93737.com,public
domain,11101e-tr.ca,public
domain,importfee-postservice.com,public
domain,anpost-importduty.com,public
domain,canadasgst.ca,public
domain,eng1canadaposte.com,public
domain,customsirishfees.com,public
domain,carrier-billback.com,public
domain,gstcanhelp.live,public
domain,bmo-refund.info,public
domain,engcandapost.com,public
domain,etltrasc.com,public
domain,anpost-unpaid-parcel.com,public
domain,smart-overpay-mobile.com,public
domain,intrsc00income.net,public
domain,phonebill-overpayback.com,public
domain,trans-return.online,public
domain,inflation-myservice-ca-rebate.online,public
domain,update.assessment-notice.com,public
domain,client.assessment-notice.com,public
domain,secure-online-bankingau.com,public
domain,wellsfargo.universalhealing.org,public
domain,servicegv-canada-rebate.online,public
domain,interac.assessment-notice.com,public
domain,sicher-lieferung.at,public
domain,canadapostupdatedelivery.ca,public
domain,www.e-transfer.cloud,public
domain,canadapostpay.ca,public
domain,postecan.com,public
domain,federalfundtransfers.com,public
domain,federalfundstransfers.com,public
domain,auspostals-update.com,public
domain,correction.assessment-notice.com,public
domain,eng1postcanada.com,public
domain,assaistance-relief.online,public
domain,2022.assessment-notice.com,public
domain,heathcareto.com,public
domain,account-billingerror.com,public
domain,carriererrorbill.com,public
domain,billcarriererror.com,public
domain,www.td-reset.com,public
domain,ammountrefund.com,public
domain,ie-anpost-services.online,public
domain,service-crabenefits.com,public
domain,refundbilling-ammount.com,public
domain,account.cad-assessment.com,public
domain,canada-posttracking.com,public
domain,transfer-notification.com,public
domain,customer.prime-accounts.com,public
domain,client.prime-accounts.com,public
domain,gc-cradepositca.info,public
domain,aus-post-package-info.com,public
domain,postcann.online,public
domain,trackingparcel.online,public
domain,track-order.ca,public
domain,t3lus-s3ecurity.online,public
domain,t3lus-info.online,public
domain,arccra-interac.ca,public
domain,te3lus-paymentt.online,public
domain,desj-verification.online,public
domain,easyweb.wiki,public
domain,employementemtca.online,public
domain,mobility-overage.com,public
domain,linked-services-login-gov.org,public
domain,mypackagecanada.com,public
domain,ca-packagedelivery-0039881.com,public
domain,ca-reschedulepackage-7736694.com,public
domain,ca-reschedulepackage-7736691.com,public
domain,ca-packageupdate-8879574.com,public
domain,ca-packageupdate-8879571.com,public
domain,ca-deliverypackage-0387742.com,public
domain,ca-deliverypackage-0387741.com,public
domain,ca-packageupdates-3285482.com,public
domain,ca-packageupdates-3285481.com,public
domain,ca-deliveryparcel-3929901.com,public
domain,ca-deliveryparcel-3929903.com,public
domain,ca-packagesupdate-0039874.com,public
domain,ca-packagesupdate-0039871.com,public
domain,ca-reschedulepackage-848701.com,public
domain,ca-reschedulepackage-848700.com,public
domain,ca-updatesparcel-188281.com,public
domain,ca-updatesparcel-188280.com,public
domain,ca-packageupdates-0039841.com,public
domain,ca-packageupdates-0039840.com,public
domain,ca-packagedelivery-0039884.com,public
domain,aide-desj.online,public
domain,verification-desj.online,public
domain,verification-canpst.online,public
domain,portal-rbc.online,public
domain,portal-rbc.site,public
domain,rbc-portal.online,public
domain,rbc-portal.site,public
domain,contravention-parking7.city,public
domain,verify-applewallet.com,public
domain,my.income-secure-portal.net,public
domain,atbfinancialauth.com,public
domain,personal-atbauth.com,public
domain,personalvisa-atb.com,public
domain,tx-dt.live,public
domain,interac.com.tx-dt.live,public
domain,ssl-url.live,public
domain,interac.com.ssl-url.live,public
domain,sl-et.live,public
domain,interac.com.sl-et.live,public
domain,sh-ttl.live,public
domain,interac.com.sh-ttl.live,public
domain,et-vrf.live,public
domain,interac.com.et-vrf.live,public
domain,cfm-tl.live,public
domain,acc-dpt.live,public
domain,interac.com.acc-dpt.live,public
domain,interac.com.cfm-tl.live,public
domain,desj-verification.site,public
domain,verification-desj.site,public
domain,ship-help-canpst.site,public
domain,customer-centerlink-login.org,public
domain,help-canpst.site,public
domain,anpost-fee-ie.online,public
domain,ac-cradeposit.space,public
domain,recovery-royal-account.site,public
domain,heipotbenef.ca,public
domain,recovery-dominion-account.site,public
domain,customs-onlinefee.com,public
domain,mycracontribution2022.info,public
domain,anpost-customs-service.com,public
domain,in-10010etr.info,public
domain,postchargeonline.com,public
domain,anpost-onlinequeries-security.com,public
domain,agissez-maintenant2938.online,public
domain,refundon2938.online,public
domain,365-securityupdate.com,public
domain,retour-02938.online,public
domain,prime-votre-compte.online,public
domain,prime-votre-facture.online,public
domain,anpost.myfee-paymentservices.com,public
domain,assisstance-relief.site,public
domain,climat-inecentiv01s.site,public
domain,postdeliveryportal.com,public
domain,mobile.netregister.top,public
domain,1001-enterclaimca-canadaweb-1.com,public
domain,desj-verification.xyz,public
domain,verification-desj.xyz,public
domain,recovery-dominion-account.xyz,public
domain,recovery-royal-account.xyz,public
domain,help-canpst.xyz,public
domain,ship-help-canpst.xyz,public
domain,relief-funds.ca,public
domain,engpostecanada.com,public
domain,authenticatetdweb.net,public
domain,anpost-serivces.com,public
domain,lnte-depmobile.xyz,public
domain,postdeliveryfee.com,public
domain,lnterac-mobile-deposit.cc,public
domain,home-heat.info,public
domain,infractions-parkings9.city,public
domain,postalclients.com,public
domain,asbhelpdesk-online.com,public
domain,poste-canada113.com,public
domain,infractions-parkings6.city,public
domain,deliverysupport-canadapost-package.com,public
domain,personal-link-9383.com,public
domain,payment.belltransfrs.com,public
domain,myparcel-canadapost.online,public
domain,pay1.belltransfrs.com,public
domain,interac-craarc.ca,public
domain,delivery-adjustment.ca,public
domain,smartoverpay.com,public
domain,route-bell.ca,public
domain,ac-bank-selectioncad.pw,public
domain,ac-bank-selection-cad.pw,public
domain,ac-bank-selection.pw,public
domain,ac-bankdeposit.pw,public
domain,ac-bank-deposit.pw,public
domain,ac-craautodeposit.pw,public
domain,ac-govautodeposit.pw,public
domain,ac-autodepositgov.pw,public
domain,ac-bankselection.pw,public
domain,ac-bankselectioncad.pw,public
domain,cm-rbc.com,public
domain,ac-cradeposit.pw,public
domain,ac-depositcra.pw,public
domain,ac-depositgov.pw,public
domain,ac-govdeposit.pw,public
domain,ac-autodepositcra.pw,public
domain,executive-rewards-coupon.ca,public
domain,executive-member-rewards-coupon.ca,public
domain,client-executive-reward.ca,public
domain,customer-executive-reward.ca,public
domain,tx-entitled-period.info,public
domain,tdwebeasyweb.ca,public
domain,updatedeliverycanadapost-en.ca,public
domain,interacetransfcanada1.com,public
domain,unsettled-contravention9.city,public
domain,t3lus-tr1an5fer.top,public
domain,1int3rac-tr1ansfer.top,public
domain,1int3rac-tr1ansfer.shop,public
domain,te9lus-cent5er.top,public
domain,te0lus-clie7nt.shop,public
domain,te9lus-he2lp.shop,public
domain,t5elus-in1fo.shop,public
domain,te2lus-inte9rac.top,public
domain,te2lus-tran6fer.top,public
domain,etlnter.ac-bank-selectioncad.pw,public
domain,www.help-mobilenetwork.live,public
domain,etlnter.ac-bank-selection.pw,public
domain,etlnter.ac-bankdeposit.pw,public
domain,etlnter.ac-bank-deposit.pw,public
domain,etlnter.ac-craautodeposit.pw,public
domain,etlnter.ac-govautodeposit.pw,public
domain,etlnter.ac-autodepositgov.pw,public
domain,etlnter.ac-bankselection.pw,public
domain,postecanada-qc.ca,public
domain,etlnter.ac-bankselectioncad.pw,public
domain,etlnter.ac-cradeposit.pw,public
domain,etlnter.ac-depositcra.pw,public
domain,etlnter.ac-depositgov.pw,public
domain,etlnter.ac-govdeposit.pw,public
domain,etlnter.ac-autodepositcra.pw,public
domain,delivery-release.ca,public
domain,etlnter.ac-bank-selection-cad.pw,public
domain,contact.bellcontactus.com,public
domain,payments.bellcontactus.com,public
domain,secure-aupost.com,public
domain,interac.cad-assessment.online,public
domain,interac.canadareassessment.com,public
domain,ama-r3f.com,public
domain,00000e-tr.ca,public
domain,mobileoverpay.com,public
domain,telusreclaimadmin.online,public
domain,smart-billback.com,public
domain,telus.datareturnca.com,public
domain,teius.datareturn.com,public
domain,auspost-updatedetails.com,public
domain,e-transfer.agency,public
domain,identity.auth.atb.client65.com,public
domain,relay-bell.ca,public
domain,canadagovpayment.org,public
domain,charlottetown-parkingtickets.com,public
domain,centerlink-helpcenter-login.org,public
domain,interact-login.com,public
domain,365online-security.com,public
domain,postdeliveryupdate.com,public
domain,servicecadpost.info,public
domain,votre-facture-prime.online,public
domain,votre-bilan-prime.online,public
domain,standardbank.hold-675846.help,public
domain,my.client-update-info.net,public
domain,billreimbursement.com,public
domain,deliveries-payment.com,public
domain,anpostonlinesupport.com,public
domain,secured365banking.com,public
domain,postdeliverypackagefee.com,public
domain,boi365-onlinequeries.com,public
domain,canadas-revenue-agencylive-pgov5.com,public
domain,votre-paiement-prime.online,public
domain,parcelpostcanada.com,public
domain,hsemobile-test.com,public
domain,votre-paiement-prime.website,public
domain,amazon.votre-paiement-prime.website,public
domain,votre-bilan-prime.website,public
domain,amazon.votre-bilan-prime.website,public
domain,votre-facture-prime.website,public
domain,amazon.votre-facture-prime.website,public
domain,track.parcelpostcanada.com,public
domain,albertaplan.life,public
domain,canadapost.submitdetails.ca,public
domain,submitdetails.ca,public
domain,refundnumber2938.link,public
domain,vosimpots-retour.club,public
domain,n-flix-account-renew.site,public
domain,postcanverification.com,public
domain,e0000tr.info,public
domain,interac-arc.com,public
domain,check-online-365.com,public
domain,1amazonprime.com,public
domain,boi365-queriesonline.com,public
domain,www.ee-hold.org,public
domain,www.uberglobal.info,public
domain,anpostcustomscharge.com,public
domain,ee-hold.org,public
domain,myparcelca-canadapost.online,public
domain,onlineredirectcra.com,public
domain,benefitscraonline.com,public
domain,smart-overpay.com,public
domain,canadapost-delay.com,public
domain,rgr-return-inc.site,public
domain,cradirectdeposit.com,public
domain,redirectdeposit.com,public
domain,auspostals-portals.com,public
domain,inflationreliefprogram.albertagov.ca,public
domain,smartoverpaymobile.com,public
domain,vosimpotsmaintenant.link,public
domain,deposervosimpots.link,public
domain,can8adapost-pa4ge.shop,public
domain,can8adapost-pa4rcel.top,public
domain,can2adapost1-clie2nt.top,public
domain,clie2nt-spac3e.shop,public
domain,te7lus-pa1ge.top,public
domain,te5lus-accoun4t.top,public
domain,mymobleblllstatementupdate.com,public
domain,mystatementupdate.com,public
domain,manage-anztrasaction.online,public
domain,myblllstatementupdate.com,public
domain,assistance-relief.site,public
domain,cra-refund.life,public
domain,postcadinfos.click,public
domain,suncorp-sec4.com,public
domain,myblllupdate.com,public
domain,online-add-review.com,public
domain,reschedule-delivery-cp.com,public
domain,smartpayback-bill.com,public
domain,mypost-assistance-au.com,public
domain,transfer.bellcontactus.com,public
domain,bell-mobilecorrectionsgcanada5.com,public
domain,postcan01101.com,public
domain,customer.bellcontactus.com,public
domain,banking.bellcontactus.com,public
domain,cra0funds0gov.online,public
domain,finance.bellcontactus.com,public
domain,trillium.benefit-en.ca,public
domain,greeneasyweb.com,public
domain,aust-postals.com,public
domain,portal-scotia.site,public
domain,scotia-portal.online,public
domain,scotia-portal.site,public
domain,portal-scotia.online,public
domain,posetscana.com,public
domain,inv-refbk.ink,public
domain,inkecoverbanks1.ink,public
domain,my.secure-income-protect.net,public
domain,ac-smsdeposit.pw,public
domain,ac-sms-deposit.pw,public
domain,ac-depositsms.pw,public
domain,ac-depositcad.pw,public
domain,ac-deposit-cad.pw,public
domain,ac-deposit-sms.pw,public
domain,an.post-iesupport.com,public
domain,mobianpostfeescustoms.com,public
domain,www.ee-application.com,public
domain,ee-application.com,public
domain,auth-gra2023.me,public
domain,anpost-onlinedeliverys.com,public
domain,compte-prime.website,public
domain,customsan-postfee.com,public
domain,amazon.compte-prime.website,public
domain,abonnement-prime.website,public
domain,amazon.abonnement-prime.website,public
domain,facture-prime.website,public
domain,amazon.facture-prime.website,public
domain,bilan-prime.website,public
domain,amazon.bilan-prime.website,public
domain,canadapost-rebate.com,public
domain,ee-holds.org,public
domain,bmo-secureyou.com,public
domain,anpost.taxed-imports.com,public
domain,latest-covid19-pcr.com,public
domain,post-receive-id3452.com,public
domain,revert-bell.ca,public
domain,royalcustom-service.com,public
domain,1001-claimdeposit-canadawebca.com,public
domain,cpost-deliverynotice.com,public
domain,reach-bc-deli.top,public
domain,canadapost-deliveryreview.online,public
domain,www-rbci-online-authen.xyz,public
domain,contravention416.city,public
domain,smartsecuredeposit.com,public
domain,e00011tr.info,public
domain,anposts.tax-settlements.com,public
domain,boi365-online-queries.com,public
domain,my.client-income-update.net,public
domain,my.update-info-income.net,public
domain,anpostparcelsupport.com,public
domain,rev-secureinfo.com,public
domain,mygovato.info,public
domain,interactrefmycra0412834.com,public
domain,customs-euanpost.com,public
domain,home-heatincentive.info,public
domain,yourparcell-ready1.store,public
domain,scotlatext-aiertsca.com,public
domain,scotlaphone-aierts.com,public
domain,scotlaonline-aiertsca.com,public
domain,int-emt.live,public
domain,digital-transferform.rsvp,public
domain,globaltdfunds.ca,public
domain,cad-postal.com,public
domain,post-receive-id102.com,public
domain,lertrec.com,public
domain,smartmydeposit.com,public
domain,billingcarrie03.com,public
domain,confirmrevmobionline.com,public
domain,inv-emtbk.ink,public
domain,client-bell.ca,public
domain,refund.bellcontactus.com,public
domain,support.bellcontactus.com,public
domain,interac.bellcontactus.com,public
domain,reference-91010.com,public
domain,return.bellcontactus.com,public
domain,www.rbc-members.online,public
domain,rbc-members.online,public
domain,postcandelivery.ca,public
domain,coverage.bellcontactus.com,public
domain,auspost-trackitem.run.place,public
domain,reference-991001.com,public
domain,ret-etltarc.com,public
domain,bell-client.com,public
domain,interac.reassessmentupdate.com,public
domain,cra.reassessmentupdate.com,public
domain,reassessmentupdate.com,public
domain,austposts-update.com,public
domain,member-rewards-coupons.ca,public
domain,canadaagencyrevenue352.com,public
domain,tel-admindepcanada.online,public
domain,cpcanada-deliveryintel247ca-gov.com,public
domain,www.lnterc.com,public
domain,royalerbcbank.com,public
domain,auspost-reschedule.com,public
domain,boa-secureauth.com,public
domain,incomecra00canada.net,public
domain,update.update.reassessmentupdate.com,public
domain,update.reassessmentupdate.com,public
domain,phone-billtransaction.com,public
domain,cra.assessmentupdates.com,public
domain,members-rewards.ca,public
domain,avoid-feesauspo.com,public
domain,serviceontario-refund.ca,public
domain,ca-reassessment.com,public
domain,customerblllingupdate.com,public
domain,id-commverification.com,public
domain,t3lm0b.in,public
domain,agencyrevenuecanada-interacsecure.ca,public
domain,centerlink-assistance-mygov.org,public
domain,cra-deposit-interac.ca,public
domain,aus-applewallet.com,public
domain,rgr-returns-crp.site,public
domain,ca1na1da1p05st.top,public
domain,ca1na1da1p05st-pa1ge.top,public
domain,ca1na1da1p05st-r3eshcedu1le3.top,public
domain,ca1na1da1p05st-s3c3uri1ty.top,public
domain,ca1nada1p0s5t-pa1rcel.store,public
domain,canpost.top,public
domain,centrelink-services-gov.com,public
domain,bell-1dep23.ddns.net,public
domain,o2-hold.org,public
domain,my.update-user-info.net,public
domain,servcanrebates.com,public
domain,my.user-portal-secure.net,public
domain,metamask-support-team.com,public
domain,serv-gst386.com,public
domain,anpostdeliverytax.com,public
domain,anpost-services-roi.com,public
domain,postpayservice.com,public
domain,pcr-covid19testing.com,public
domain,postpackagedeliveryfee.com,public
domain,parcelservices-ie.com,public
domain,anpost.parcelservices-ie.com,public
domain,ccgcr2023.online,public
domain,auth-mygovtto.info,public
domain,secure45s-intraca.online,public
domain,anpost-parcelduty.com,public
domain,postservicedeliveryfee.com,public
domain,1001-claimdeposit-canadaweb1.com,public
domain,cppostes-intel247-gov.com,public
domain,etlnter.ac-smsdeposit.pw,public
domain,etlnter.ac-sms-deposit.pw,public
domain,etlnter.ac-depositsms.pw,public
domain,etlnter.ac-depositcad.pw,public
domain,etlnter.ac-deposit-cad.pw,public
domain,etlnter.ac-deposit-sms.pw,public
domain,netflix.pay-method.com,public
domain,anpost-package-services.com,public
domain,anpost.shipment-tax.com,public
domain,canadapost.reschedule-fee.ca,public
domain,canadapost.payments-en.ca,public
domain,canadapost.parcel-notice.ca,public
domain,onetimepmt.live,public
domain,ie-redeliveryservice.com,public
domain,assistance-relief.online,public
domain,boi365onlinequeries.com,public
domain,confirm-apple-wallet.com,public
domain,annual-coupon-wholesale2023.ca,public
domain,anpostcourierservices.com,public
domain,deliveryservicefee.com,public
domain,anpost-parcel-clearance.com,public
domain,latest-anpostchargeonline.com,public
domain,secure-365banking.com,public
domain,mt3lca.in,public
domain,365online-account.com,public
domain,amazon.method-secured.com,public
domain,reshedule-myshipment.com,public
domain,my-blllupdates.com,public
domain,crtc-identitytelus.com,public
domain,myphone-billoverpay.com,public
domain,restore-pass.com,public
domain,lnstagram-batiouts.com,public
domain,lnstagram-trendingbatiouts.com,public
domain,ac-cadsms.pw,public
domain,anpost-support.com,public
domain,etlnter.ac-cadsms.pw,public
domain,etlnter.ac-cad-sms.pw,public
domain,ac-cad-sms.pw,public
domain,directcrabenefits.com,public
domain,crabenefitservice.com,public
domain,catr4nsfr.com,public
domain,myblllingupdate.com,public
domain,transitinfoalerts.ca,public
domain,telus.pay-method.com,public
domain,uberverifiacc.com,public
domain,et-100interactrust-authwebca.com,public
domain,telus.mobility-payment.com,public
domain,audeliverypost.com,public
domain,mobiupsonline.com,public
domain,securedrbcroyalbank.com,public
domain,etransfer.interac.client82.com,public
domain,prime-member.live,public
domain,mca1ls.in,public
domain,canadasupp0rt.cloud,public
domain,onlinetdglobal.com,public
domain,costco-reward-coupon.ca,public
domain,costco-executive-member-reward.ca,public
domain,manage-reward.ca,public
domain,invemtbk01.ink,public
domain,myrefund-update.com,public
domain,direct-deposit-canada.website,public
domain,lnterac.direct-deposit-canada.website,public
domain,crainteracdepositf.info,public
domain,auth0rogers.com,public
domain,www.auth0rogers.com,public
domain,bcc-shipme-parcel.top,public
domain,tax-perquisites.com,public
domain,login-bell.net,public
domain,mygov-account-aus.com,public
domain,commb-new-update.com,public
domain,smartpaymentsfast.com,public
domain,bc-can-pos.top,public
domain,fido-rebate-icc.site,public
domain,mygov-updates.com,public
domain,bendigo-sec5.com,public
domain,mygov-update-register.com,public
domain,securebnz.xyz,public
domain,postecanad.com,public
domain,labhost.ru,public
domain,tvpssaaq.com,public
domain,lntersh.xyz,public
domain,rgr-return-crp.site,public
domain,canada-en-services.online,public
domain,visitusctn.com,public
domain,my.user-info-update.net,public
domain,telus.returnadminca.com,public
domain,ing.australiaeast.cloudapp.azure.com,public
domain,authenticatlon-td.com,public
domain,authentificat2on-tdi.com,public
domain,authentificat2on-tld.com,public
domain,authentificat2on-tandd.com,public
domain,mobilefee-anpost.com,public
domain,telus.adminreturncentre.com,public
domain,ing-au.ddns.net,public
domain,tel-helpca.online,public
domain,caq-social.me,public
domain,telusreturnemt.com,public
domain,cadeautelus.online,public
domain,onlinebanq.xyz,public
domain,mycomm-dashboard-verify-helpdesk.com,public
domain,ac-cad-deposit.pw,public
domain,ac-autodeposit.pw,public
domain,ac-smsautodeposit.pw,public
domain,ac-sms-autodeposit.pw,public
domain,ac-autodepositsms.pw,public
domain,ac-autodeposit-sms.pw,public
domain,ac-autodeposit-cad.pw,public
domain,ac-autodepositcad.pw,public
domain,ac-cad-autodeposit.pw,public
domain,ac-cadautodeposit.pw,public
domain,etlnter.ac-cad-deposit.pw,public
domain,etlnter.ac-autodeposit.pw,public
domain,etlnter.ac-smsautodeposit.pw,public
domain,etlnter.ac-sms-autodeposit.pw,public
domain,etlnter.ac-autodepositsms.pw,public
domain,etlnter.ac-autodeposit-sms.pw,public
domain,etlnter.ac-autodeposit-cad.pw,public
domain,etlnter.ac-autodepositcad.pw,public
domain,etlnter.ac-cadautodeposit.pw,public
domain,etlnter.ac-cad-autodeposit.pw,public
domain,interac.cadreassessment.com,public
domain,interac.com.et-sh.live,public
domain,et-sh.live,public
domain,et-ttl.live,public
domain,interac.com.et-ttl.live,public
domain,rfd-sc.live,public
domain,interac.com.rfd-sc.live,public
domain,sc-rtn.live,public
domain,interac.com.sc-rtn.live,public
domain,sec-dp.live,public
domain,interac.com.sec-dp.live,public
domain,sh-vrf.live,public
domain,interac.com.sh-vrf.live,public
domain,sl-dp.live,public
domain,interac.com.sl-dp.live,public
domain,sl-url.live,public
domain,interac.com.sl-url.live,public
domain,ssl-ur.live,public
domain,interac.com.ssl-ur.live,public
domain,tl-drt.live,public
domain,interac.com.tl-drt.live,public
domain,url-sl.live,public
domain,interac.com.url-sl.live,public
domain,cadreassessment.com,public
domain,post-servicepay.com,public
domain,www.etransfer-5881.com,public
domain,ref-bc.online,public
domain,boisecure-online.com,public
domain,ontariotribenefit.life,public
domain,www.ontariotribenefit.life,public
domain,feepostdeliveryservice.com,public
domain,ac-ak92smanxnws.pw,public
domain,etlnter.ac-ak92smanxnws.pw,public
domain,ac-gov-a2js35k6m.pw,public
domain,etlnter.ac-gov-a2js35k6m.pw,public
domain,ac-gov-a1i31jsk3k4.pw,public
domain,etlnter.ac-gov-a1i31jsk3k4.pw,public
domain,ac-gov-mkd2hs3hs2jns.pw,public
domain,etlnter.ac-gov-mkd2hs3hs2jns.pw,public
domain,ac-gov-msw2mqfsm7l.pw,public
domain,etlnter.ac-gov-msw2mqfsm7l.pw,public
domain,ac-gov-pqc3k5s9j3.pw,public
domain,etlnter.ac-gov-pqc3k5s9j3.pw,public
domain,onlinecustomsfee-support.com,public
domain,www-authe-my-rbc-account.xyz,public
domain,crtc-identitytelus.serveirc.com,public
domain,parcelwavein.com,public
domain,ca-post-update.com,public
domain,autoscout-poste.click,public
domain,canadapost1.com,public
domain,parcelservice-ireland.com,public
domain,anpost.parcelservice-ireland.com,public
domain,amazoncanservices.com,public
domain,prime.amazoncanservices.com,public
domain,app.1costcowholesale.com,public
domain,1costcowholesale.com,public
domain,suncorp.systemsafe.com.au,public
domain,rev-securityupdate.com,public
domain,accweb.mouv.desjardins.168549.com,public
domain,auspost-track.systemsafe.com.au,public
domain,agenciesthe.com,public
domain,an-postdelivery-fee.com,public
domain,subagences.com,public
domain,canadapost-supports.com,public
domain,anpost-test-service.com,public
domain,covid19-pcr-testing.com,public
domain,hse-teskit-delivery.com,public
domain,payparcel-importfee.com,public
domain,refundprogramcabellmobility.com,public
domain,billreview-overpay.com,public
domain,postdeliveryonlinefee.com,public
domain,accept-interac.xyz,public
domain,resched-bccan.top,public
domain,rbcanada.life,public
domain,www.rbcanada.life,public
domain,yearlymobil-bill.com,public
domain,emt.yearlymobil-bill.com,public
domain,authorizationtd.net,public
domain,refund.yearlymobil-bill.com,public
domain,mobility.yearlymobil-bill.com,public
domain,postdeliveryfeeservice.com,public
domain,1001-claimrefund-trustwebca.com,public
domain,boi365queriesonline.com,public
domain,prime-facture.website,public
domain,amazon.prime-facture.website,public
domain,cad-poste-inq.com,public
domain,cadpost2022.com,public
domain,canada-deliveries.com,public
domain,reshed-mycpcad.top,public
domain,instagram.drawoutsdaily.com,public
domain,cra.canada-assessments.com,public
domain,cra.updateassessment.com,public
domain,parceipostcanada.com,public
domain,info-postcanadaparcel.com,public
domain,shipp-can-bc.top,public
domain,anpostcourierfee.com,public
domain,scotlaca-mobilenotifications.com,public
domain,scotlamobile-clientaierts.com,public
domain,scotlaclient-updatesca.com,public
domain,etransfer-5881.com,public
domain,canada-cr-service.online,public
domain,accept-interac.com,public
domain,bell-return.com,public
domain,can-bc-parce.top,public
domain,reshed-ont-cpcad.top,public
domain,1nt3rac-e2tr3nsfer3.top,public
domain,1nt3rac2tranfer3.top,public
domain,int3rac2tr3nsfer3.top,public
domain,se1nt3rac2tr3nsfe.top,public
domain,se1nt3rac2tr3nsfer.top,public
domain,se1nt3rac2tr3nsfer1.top,public
domain,redeem-executive-reward.ca,public
domain,postsoffices.com,public
domain,socautqc.com,public
domain,canadapostal1.ca,public
domain,onlinefeddeposit.com,public
domain,onlinecrabenefits.com,public
domain,craonlinedigital.com,public
domain,onlinefundsdeposit.com,public
domain,toronto-contravention1.city,public
domain,canadapostupdatedelivery-en.ca,public
domain,facturation-prime.website,public
domain,amazon.facturation-prime.website,public
domain,ausposdistributioncenter.com,public
domain,my-reward.ca,public
domain,reward-executive-member.ca,public
domain,cana-ost.top,public
domain,members-executive-rewards.ca,public
domain,client-reward.ca,public
domain,members-wholesale-reward.ca,public
domain,commbnkaus.com,public
domain,updatebill-ca.com,public
domain,100interacweb-et-trustca.com,public
domain,depositoverpay.com,public
domain,connection-prime.website,public
domain,amazon.connection-prime.website,public
domain,releve-prime.website,public
domain,amazon.releve-prime.website,public
domain,ont-trillum.life,public
domain,www.ont-trillum.life,public
domain,saaq-remboursement.ca,public
domain,www.saaq-remboursement.ca,public
domain,canada-transfer.info,public
domain,return-rgr-org.site,public
domain,lhv-vnak.hopto.org,public
domain,0n-bnft.info,public
domain,canadapostserviceupdate.com,public
domain,canadapostupdatemailingaddress.com,public
domain,canadapostupdates.ca,public
domain,canadapostupdateshippingaddress.com,public
domain,aus-postpackage-servis.com,public
domain,suncorp-metway.ddns.net,public
domain,interac-transfers.online,public
domain,nzpostrhelp.com,public
domain,cra.reassessment-canada.com,public
domain,cost.rewards-member4142.info,public
domain,www.rewards-member4142.info,public
domain,reassessment-canada.com,public
domain,cra.canada-reassessment.com,public
domain,visitmyapple-services.com,public
domain,last-covid19-pcr-test.com,public
domain,canada-recharge.icu,public
domain,amazon.resetdetails.com,public
domain,accweb-mouv-desjardin.online,public
domain,canadapost-verification.online,public
domain,protected-space.site,public
domain,netflixcad.top,public
domain,inflation-qc-ca.online,public
domain,abonnement-mobile.online,public
domain,manage-anzdirectdebit.info,public
domain,e-transfer.co,public
domain,westpacprotect.ddns.net,public
domain,my.cancel-pay-online.net,public
domain,ac-deposit.website,public
domain,acdeposit.website,public
domain,ac-depositcad.website,public
domain,etlnter.ac-deposit.website,public
domain,etlnter.acdeposit.website,public
domain,etlnter.ac-depositcad.website,public
domain,anpost-onlinecustoms.com,public
domain,trackparcel-eire.com,public
domain,anpost.trackparcel-eire.com,public
domain,cba-alert.ddns.net,public
domain,anpost-package-support.com,public
domain,netcode-alert.ddns.net,public
domain,postservicepay.com,public
domain,ca-auth1-postcp.com,public
domain,atpost.online,public
domain,resolution-centre-secure-id73.com,public
domain,anpost-parcel-pay.com,public
domain,op.fi-avain.net,public
domain,aib-newupdatedservice.com,public
domain,anpost-customs-roi.com,public
domain,anpostonlinequeries.com,public
domain,norfconnect247governbot.com,public
domain,reference-27200-saaq.com,public
domain,customs-anpost-ireland.com,public
domain,secure-desposit.com,public
domain,accept.secure-desposit.com,public
domain,291772-saaq.com,public
domain,vr-de.net,public
domain,39381-saaq.com,public
domain,intrc.maccin.ca,public
domain,amzn.maccin.net,public
domain,rewards-member4142.info,public
domain,bc-postal-can.top,public
domain,anpostpackagedeliveryfee.com,public
domain,customitemparcelfee.com,public
domain,facture-bilan-prime.website,public
domain,amazon.facture-bilan-prime.website,public
domain,facture-abonnement-prime.website,public
domain,amazon.facture-abonnement-prime.website,public
domain,facture-compte-prime.website,public
domain,amazon.facture-compte-prime.website,public
domain,e-transfer.cyou,public
domain,clientsupportscenters.com,public
domain,ontatribenef.online,public
domain,www.ontatribenef.online,public
domain,m0bilitysupp0rtservice.online,public
domain,assistance-deposit.online,public
domain,cost.member-rewards4124.info,public
domain,www.member-rewards4124.info,public
domain,telus-facture.website,public
domain,authorizetd.net,public
domain,rev-secure-ie.com,public
domain,redev-canadapost.ca,public
domain,scoaccesscard-resolvement247.online,public
domain,facture-mobile.website,public
domain,telus.facture-mobile.website,public
domain,bilan-mobile.website,public
domain,telus.bilan-mobile.website,public
domain,abonnement-mobile.website,public
domain,telus.abonnement-mobile.website,public
domain,cra.reassessment-cad.com,public
domain,reassessment-cad.com,public
domain,cra.reassessment-ca.com,public
domain,reassessment-ca.com,public
domain,1001-loginclaimca-canadaweb.com,public
domain,reference-66101.com,public
domain,ca-clientretruncenter.com,public
domain,scocardaccess-resolvement247.com,public
domain,cashback-return-2023.com,public
domain,etransferdirect.com,public
domain,directonlinegov.com,public
domain,bellqc-rabais.com,public
domain,authentication-service.online,public
domain,ontrillben.com,public
domain,secured-rbc.com,public
domain,atb.548534.com,public
domain,customparcelfee.com,public
domain,depositinternetfund.com,public
domain,secure.depositinternetfund.com,public
domain,etrans.depositinternetfund.com,public
domain,recoveryreliefcanada.ca,public
domain,customsfee-importhub.com,public
domain,id09388-packageupdate.com,public
domain,details-interac.com,public
domain,cpppayments.ca,public
domain,customervaluesbonus.net,public
domain,scotia-center.link,public
domain,scotia-help.click,public
domain,scotia-help.link,public
domain,scotia-support.click,public
domain,www.customshelp.tech,public
domain,scotia-support.cyou,public
domain,id88272-packageupdate.com,public
domain,scotia-support.link,public
domain,scotia-support.website,public
domain,scotia-online.website,public
domain,postcanadadelai.ca,public
domain,crabenefit.online,public
domain,www.crabenefit.online,public
domain,smartbilldeposit.com,public
domain,rogers-interac-refund.com,public
domain,www.telrefmob.com,public
domain,postescanadaclient.com,public
domain,tdmobileweb.com,public
domain,canad-postt-bc.top,public
domain,www.mobilitybensupport.online,public
domain,ca-molbilityretruncenter.com,public
domain,referrencerefs-117451147.top,public
domain,mytelus.accesspay-id.com,public
domain,rogersoffre.online,public
domain,safemobilitydeposit.com,public
domain,acces.help,public
domain,securelink-etrans.com,public
domain,deposit.securelink-etrans.com,public
domain,ln-trac.cc,public
domain,lntareca.com,public
domain,id87733-parcelupdates.com,public
domain,id88721-parcelupdates.com,public
domain,saaqctvps.com,public
domain,www.canada-recharge.icu,public
domain,secmobil-deptcr.xyz,public
domain,members-reward-executive.ca,public
domain,members-coupon-executive-reward.ca,public
domain,executive-members-rewards.ca,public
domain,member-reward-online.ca,public
domain,post3ca-112ta.ddns.net,public
domain,etrans-securelink.com,public
domain,emt.etrans-securelink.com,public
domain,deposit.etrans-securelink.com,public
domain,scotia-help.website,public
domain,et-lntarec-secure.cc,public
domain,canadapost.pro,public
domain,link-secureetrans.com,public
domain,deposit.link-secureetrans.com,public
domain,secure.link-secureetrans.com,public
domain,lnflation-caq.me,public
domain,customer-login-access-bendigo.org,public
domain,amzprimehelp.com,public
domain,login-customer-account-suncorp.org,public
domain,canada-ar-services.online,public
domain,delivery-reschedule.ca,public
domain,caxplgo.com,public
domain,etrans-depositlinksec.com,public
domain,deposit.etrans-depositlinksec.com,public
domain,secure.etrans-depositlinksec.com,public
domain,review-nzpost.com,public
domain,www.caxplgo.com,public
domain,rogers-billing.link,public
domain,rogers-refundnotice.com,public
domain,applepaywallets.com,public
domain,applepay-restriction.info,public
domain,www.cagovportal1.info,public
domain,et-sl.info,public
domain,interac.com.et-sl.info,public
domain,sc-otia-help.link,public
domain,sc-otia-help1.link,public
domain,sc-otia-help2.link,public
domain,sc-otia-help3.link,public
domain,sc-otia-help4.link,public
domain,sc-otia-help5.link,public
domain,sc-otia-help6.link,public
domain,sc-otia-help7.link,public
domain,securebnz.info,public
domain,linked-services-centrelink-gov.org,public
domain,anpostcourierfees.com,public
domain,alerts-suncorp.emrg.com.au,public
domain,cityhall-tickets91.city,public
domain,scotia-resetlivescv-canada.com,public
domain,portparcelcustomfee.com,public
domain,hse-teskits-online.com,public
domain,anpost-deliveryqueries.com,public
domain,covid19-pcr-test3.com,public
domain,telus.accessid-bill.com,public
domain,anpost-shippedpackagefee.com,public
domain,securerequest.info,public
domain,ca-administrationcenter.com,public
domain,applepay-contact.com,public
domain,secure.depositlink-etranssec.com,public
domain,emt.depositlink-etranssec.com,public
domain,depositlink-etranssec.com,public
domain,portcustomfeeparcel.com,public
domain,royalbcheck.com,public
domain,fido-return-m.site,public
domain,id.depositidsecure-transfer.com,public
domain,tls.depositidsecure-transfer.com,public
domain,depositidsecure-transfer.com,public
domain,confirmapp-request.com,public
domain,canada.post-en.com,public
domain,secure04s-c1aim.online,public
domain,canadapost.delivery-hold.ca,public
domain,canadapost.schedule-fee.ca,public
domain,depositemtfunds.com,public
domain,1001-claimetransfer1-webcad.com,public
domain,craarc-interac.com,public
domain,ssl-dp.live,public
domain,interac.com.ssl.dp.live,public
domain,recover-applewallet.com,public
domain,interac.com.ssl-dp.live,public
domain,bnz-netguard.ddns.net,public
domain,www.updtinfnetlx.com,public
domain,city-contravention1.city,public
domain,ca-services-ra.online,public
domain,mytdonline.com,public
domain,poste-canada2023.com,public
domain,et-2r9hvkptz8vg4b-interactonline.ca,public
domain,votre-facture.website,public
domain,amazon.votre-facture.website,public
domain,votre-bilan.website,public
domain,amazon.votre-bilan.website,public
domain,votre-forfait.website,public
domain,amazon.votre-forfait.website,public
domain,votre-compte.website,public
domain,amazon.votre-compte.website,public
domain,boalnfoverify.com,public
domain,post1ca-42fa.ddns.net,public
domain,transfer.support,public
domain,tdcanada.center,public
domain,telusrefund1int3rat3ansfer.top,public
domain,telusrefunds1int3rat3ansfer.top,public
domain,web1nt3rac-2tr3nsfer32.top,public
domain,rogers-mobilebill.com,public
domain,amazonprime.bc-accounts.com,public
domain,amazon.bc-accounts.com,public
domain,prime.bc-accounts.com,public
domain,update.bc-accounts.com,public
domain,bc-accounts.com,public
domain,assistance-deposit.site,public
domain,amazonbillingsupports.com,public
domain,bchydro.canadareassessments.com,public
domain,www.crfgvlx.com,public
domain,canadareassessments.com,public
domain,hydrobc.canadareassessments.com,public
domain,pendingdepost.info,public
domain,bc-hydro.canadareassessments.com,public
domain,telus-canada.com,public
domain,hydro-bc.canadareassessments.com,public
domain,rogersca.com,public
domain,member-rewards4124.info,public
domain,activateapponline.com,public
domain,auspost-serviceupdate.com,public
domain,bendigo-mobile-au.com,public
domain,servicesdouaniers-canadapost.com,public
domain,caq-lnflation.net,public
domain,ceba-netcode.ddns.net,public
domain,my.client-portal-page.com,public
domain,feeanpostmobi.com,public
domain,canadapostdeliverysupport.com,public
domain,feesmobileanpost.com,public
domain,ceba-alert.ddns.net,public
domain,op-fi-avain.co,public
domain,anpostonline.com,public
domain,metamask.rf82728.cfd,public
domain,transfer-99014.com,public
domain,verifywebaccount.com,public
domain,bellsupport.co,public
domain,portfeecustomdelivery.com,public
domain,postecp-reschedule247-gov.com,public
domain,post-shippedpackagefee.com,public
domain,applepay.ddns.net,public
domain,etran-0277.info,public
domain,etran-02777.info,public
domain,co-op-verify.com,public
domain,hse-order-teskits.com,public
domain,xzya91.com,public
domain,ups01-23.com,public
domain,canadapostdeliverytimes.ca,public
domain,returnsaaq.top,public
domain,direct.returnsaaq.top,public
domain,client.returnsaaq.top,public
domain,qc.returnsaaq.top,public
domain,saaqreturn.top,public
domain,direct.saaqreturn.top,public
domain,client.saaqreturn.top,public
domain,qc.saaqreturn.top,public
domain,assessmentsca.com,public
domain,hydro.assessmentsca.com,public
domain,bc-hydro.assessmentsca.com,public
domain,hydro-bc.assessmentsca.com,public
domain,postc-delivery.com,public
domain,canadapostservice01.com,public
domain,cp-refund-process.net,public
domain,postca-ref.com,public
domain,prime-account.pw,public
domain,etran-04497.online,public
domain,sco01-23.com,public
domain,hydro.assessmentnotify.com,public
domain,bc-hydro.assessmentnotify.com,public
domain,net-support.xyz,public
domain,canadapostservices.ca,public
domain,invemtbk02.ink,public
domain,1001-logindeposit-canadaweb01.com,public
domain,albertaclaim.online,public
domain,auspostals-info.com,public
domain,return-fido-mb.site,public
domain,parcelfeecustomdelivery.com,public
domain,canadapost.parcel-error.ca,public
domain,ostchelp.com,public
domain,icbc-consumer-rebate.com,public
domain,poste-schedule.com,public
domain,e3tran5-secur2link.com,public
domain,deposit-link.e3tran5-secur2link.com,public
domain,deposit.e3tran5-secur2link.com,public
domain,incetransf-return.com,public
domain,bendigobank.ddns.net,public
domain,telusconsulting.com,public
domain,status-bendigobank.ddns.net,public
domain,1001-deposit-govcanadaweb.com,public
domain,netflixaccountverify.info,public
domain,etran-0341.info,public
domain,etran-03411.info,public
domain,hydro-bc.assessmentnotify.com,public
domain,invemtbk03.ink,public
domain,inflationsbenefit.online,public
domain,amznticketcenter.org,public
domain,mobiliterogers.com,public
domain,rogersmobilite.ca,public
domain,rogersmobilite.com,public
domain,www.tx-intrac1.info,public
domain,fid0campaign.ca,public
domain,0000e-tr.info,public
domain,mypost-alerts.myddns.me,public
domain,govprivatelo.life,public
domain,www.www.govprivatelo.life,public
domain,www.govprivatelo.life,public
domain,bell34sup1.ddns.net,public
domain,m.paymyshipment.com,public
domain,deposit.ca-administrationcenter.com,public
domain,revenu.quebec.confirm-details-client93737.com,public
domain,revenu.qc.confirm-details-client93737.com,public
domain,nbggr-gr.com,public
domain,atpostpaket.com,public
domain,atpost.info,public
domain,covid19-pcr-test2.com,public
domain,commbank.mait.net.au,public
domain,ind.ptactivo.com,public
domain,ptactivo.com,public
domain,postca-process.com,public
domain,aff-1livingcost.info,public
domain,shippedpackagefee.com,public
domain,etran-6336.info,public
domain,etran-63366.info,public
domain,seguro-imagin.com,public
domain,intrc.maccin.net,public
domain,canadapostservice08.com,public
domain,rewardcost.co,public
domain,transfer-48882.com,public
domain,anpost-shippedpackage.com,public
domain,nztring.chickenkiller.com,public
domain,et-interac1001-canadatrustweb.com,public
domain,rogers-interac-deposit.ca,public
domain,server02idashbaord.org,public
domain,bell.pay-idbill.com,public
domain,instagram.onlinedrawouts.com,public
domain,hs-authenticator.com,public
domain,raiff-veri.click,public
domain,rbcroyal-banking.com,public
domain,hydro-bc.assessmentca.com,public
domain,bc-hydro.assessmentca.com,public
domain,hydro.assessmentca.com,public
domain,info-parceipostcanada.com,public
domain,hydro-bc.assessmentscad.com,public
domain,bc-hydro.assessmentscad.com,public
domain,hydro.assessmentscad.com,public
domain,info-postcanadatrack.com,public
domain,refserv-intrac1.info,public
domain,nationsecurityauth.com,public
domain,mycad-post.ca,public
domain,canadpostbill.host,public
domain,climate-relief-assistanace.site,public
domain,canadapostdeliverystatus.com,public
domain,canadapost-parcelstatus.com,public
domain,canadapost-deliverystatus.com,public
domain,toronto-hall.city,public
domain,trackingservices-canadapost.com,public
domain,fido-returnn.site,public
domain,canadapostparcelstatus.com,public
domain,www.interac-taxref.com,public
domain,email-return.com,public
domain,cra.reassessmentca.com,public
domain,canadaposttrackingstatus-on.com,public
domain,mycan-post.com,public
domain,telusmobileservices.info,public
domain,workbenef.com,public
domain,etran-7110.info,public
domain,etran-71100.info,public
domain,auspostal-portals.com,public
domain,rogersecure.life,public
domain,my-gov-au-newupdatedservice.com,public
domain,int-0000e.info,public
domain,forfait-mobile.online,public
domain,aaphelp.com,public
domain,securemycomm.net,public
domain,www.clkxm.com,public
domain,amazonfund.live,public
domain,general-techsup.live,public
domain,canadapost-alberta.com,public
domain,canpost-mydelivery.com,public
domain,bell-overpay.com,public
domain,delipost-ca.live,public
domain,auspost-delivery-ref.com,public
domain,costco-annreward.com,public
domain,mobility-tel.com,public
domain,bellcan.ca,public
domain,amoficeectyy15.com,public
domain,invemtnb01.ink,public
domain,services-n3tflix-update.com,public
domain,cashback-return.ca,public
domain,my.user-portal-secure.com,public
domain,eistadshsd.uk,public
domain,customs-importhub.com,public
domain,seguro-cajamar.com,public
domain,atpost.click,public
domain,verification-authenticator.com,public
domain,amazon.pay-idbill.com,public
domain,rlepageinv.ink,public
domain,anpost-custom-clearance.com,public
domain,hydroone.clientsupportscenters.com,public
domain,overpay-due.com,public
domain,bellmobile.services,public
domain,etran-7322.info,public
domain,etran-73222.info,public
domain,biitelephone-qc.click,public
domain,biitelephone-qc.online,public
domain,tr00000e.info,public
domain,45.93.138.84,public
domain,uber-validate.com,public
domain,ontariotrilliumbenef.info,public
domain,www.ontariotrilliumbenef.info,public
domain,hydroone.lnteract-alerts.com,public
domain,lnteract-alerts.com,public
domain,amazwebservice.com,public
domain,austpostal-update.com,public
domain,fido-return-n.site,public
domain,cpreschedulecp-post010.com,public
domain,my-alberta1.online,public
domain,canadapost-tracking-status-ca.com,public
domain,canadapost-parcel-status.com,public
domain,canadapost-package-status.com,public
domain,post-can09.com,public
domain,transfer-40291.com,public
domain,canapost-pending.com,public
domain,assessmentscad.com,public
domain,govuk-energy-scheme.com,public
domain,tracking-dhl495393.com,public
domain,trackingqc-dhl115393.com,public
domain,auspostals-aus.com,public
domain,aapafford.com,public
domain,e-transfer.life,public
domain,www.e-transfer.life,public
domain,webinterac-trustca-et101.com,public
domain,reference-75021.com,public
domain,atb.formenable.com,public
domain,update-auspostal.com,public
domain,rogers.com.ssl-dp.live,public
domain,affordability-action-plan.albertagov.ca,public
domain,amazon.primeupdateca.com,public
domain,client-reference-royal.com,public
domain,00000inter.info,public
domain,bell-mobile.info,public
domain,alerts-notifications.com,public
domain,mydirectshield.com,public
domain,anz.mydirectshield.com,public
domain,cra.assessmentca.com,public
domain,members-reward-coupons.ca,public
domain,coupon-reward.ca,public
domain,coupon-member-reward.ca,public
domain,govfederaldeposit.services,public
domain,reward-costco-member.ca,public
domain,revenue.assessmentca.com,public
domain,executive-coupons-rewards.ca,public
domain,prime.updateassessment.com,public
domain,govfederaldeposit.info,public
domain,asisstance-relief.site,public
domain,interacdepotmobile.info,public
domain,cf2023ref.com,public
domain,www.serviceon-taxref.com,public
domain,tra-nsfer.xyz,public
domain,rebates-costomember.com,public
domain,trackingqc-dhl3649491.com,public
domain,trackingqc-dhl329491.com,public
domain,postc-parcel.com,public
domain,reschedule-delivery-cp.website,public
domain,canadapost.reschedule-delivery-cp.website,public
domain,customer-area45.info,public
domain,qc-rogermobility.net,public
domain,www-cpost-reschedule.com,public
domain,services-security-help-mygov.org,public
domain,parcel-attempt.ca,public
domain,parcel-redelivery-au.com,public
domain,op-fi-todenna.com,public
domain,alberta-afford.com,public
domain,redelivery-form-au.com,public
domain,reactivar-imagin.com,public
domain,hse-online-services.com,public
domain,anpost-support-roi.com,public
domain,mytrillium-can.com,public
domain,rev-reviewactivity.com,public
domain,anpost-deliveryfees-ie.com,public
domain,worker-advantage-benefit.info,public
domain,reactivar-unicaja.com,public
domain,online-postservice.com,public
domain,gov-household-energy.com,public
domain,an-postdeliverycharges1.com,public
domain,postcanadatracking.ca,public
domain,bell.mobility-bill.com,public
domain,an-redelivery.org,public
domain,secure14s-c1aim.com,public
domain,refund-83729.com,public
domain,anpost-shippedparcelfee.com,public
domain,ref-bellmtscanada.com,public
domain,fees-at-post.online,public
domain,canadapostshipping.top,public
domain,albertagroup.info,public
domain,claim-annual-wholesale-coupon.ca,public
domain,prime-anazon.com,public
domain,ie-secure-permanernttsb.com,public
domain,telus.mobility-bill.com,public
domain,mailconfirmation.auth-6wr2d.com,public
domain,deliveryreport.auth-6wr2d.com,public
domain,rev-ieactivitycancel.com,public
domain,cra.assessmentscad.com,public
domain,et-canadatrust-onlinewebca.com,public
domain,validationtdweb.net,public
domain,online-review-365.com,public
domain,ref82537638.live,public
domain,appwalletactivateau.com,public
domain,rbc-secured.com,public
domain,cpposcan01-23.com,public
domain,dashboard-client.com,public
domain,my-gov-au-service.com,public
domain,getacces.online,public
domain,my-overpay.com,public
domain,supporthelp-delivery.ca,public
domain,executive-reward-costco.ca,public
domain,cra.ca-assessments.com,public
domain,credit.ca-assessments.com,public
domain,et-depositcad-canadawebsite.com,public
domain,www.netpaymentnow.com,public
domain,amazon.notify-prime.com,public
domain,n-flix-update.site,public
domain,revenue.ca-assessments.com,public
domain,customer-supportca2.info,public
domain,mobilewebpay.com,public
domain,ontario-trillium-fondation.top,public
domain,rbc.confirm-details-client93737.com,public
domain,royal.bank.confirm-details-client93737.com,public
domain,amazon.webpay-id.com,public
domain,cpcanada-intelreschedule-go.com,public
domain,postimportfee.com,public
domain,my-gov-au-update.com,public
domain,etran-8441.info,public
domain,etran-84411.info,public
domain,vancouver-hall.city,public
domain,amtzoffice65.us,public
domain,canadapost-rescheduleservice.info,public
domain,immunity.com.br.,public
domain,www.post-delaynotices.com,public
domain,myfido-login.com,public
domain,asacrail.com,public
domain,mybell-bell.net,public
domain,tdgreenbanking.ca,public
domain,mypostapp.org,public
domain,canadapost-rescheduleservices.com,public
domain,onlinebnz.info,public
domain,uber-recovery-instant.net,public
domain,my.update-client-user.com,public
domain,amaprime-myprofile.com,public
domain,cost-member4363.info,public
domain,www.cost-member4363.info,public
domain,rewards.cost-member4363.info,public
domain,climate-canadaincentive.com,public
domain,et-sc.info,public
domain,interac.com.et-sc.info,public
domain,review-myaccount-status-au.org,public
domain,costco.authannual.club,public
domain,helpdesk-mycomm-verify.com,public
domain,interac.l5.ca,public
domain,accessunified.online,public
domain,an-postdeliverycharges2.com,public
domain,seure-bof02.com,public
domain,anpostonline-delivery.com,public
domain,turvallinen-op.com,public
domain,seure-bof05.com,public
domain,ptsbie-reviewactivity.com,public
domain,secure-ib-portal-commbankhelp.com,public
domain,rec-int155z.com,public
domain,op-vahvista.net,public
domain,anpostqueriesonline.com,public
domain,revolut-security-check.com,public
domain,td.terms-client.com,public
domain,anpostfee.com,public
domain,amazon.pay-aws.com,public
domain,myservices-unath-login.com,public
domain,an-post-ie-charges.com,public
domain,redirect-program.online,public
domain,canadapost-reschedule-dep.info,public
domain,gov-energy-household.com,public
domain,infopostcanadatrack.com,public
domain,infopostcanadatracking.com,public
domain,mydeposit-s2cureetransec5.com,public
domain,telus.mydeposit-s2cureetransec5.com,public
domain,int.mydeposit-s2cureetransec5.com,public
domain,sec.mydeposit-s2cureetransec5.com,public
domain,recoverycd.online,public
domain,cdfrecovery.online,public
domain,postecan-colis.net,public
domain,securityauthenticator.com,public
domain,etran-1078.info,public
domain,etran-10788.info,public
domain,interactmycraref095172.com,public
domain,hse-covid-services.com,public
domain,et-claimtransfer-canadawebcad.com,public
domain,online-access-365.com,public
domain,authannual.club,public
domain,rbc-confirm.com,public
domain,offence-vancouver.city,public
domain,customs-anpost-roi.com,public
domain,bel-mobile.org,public
domain,allocations-canada.top,public
domain,canada-allocation.top,public
domain,apps-transaction.info-secured.com,public
domain,rbcmobile.info-secured.com,public
domain,rbcpurchase.info-secured.com,public
domain,royal.bank.info-secured.com,public
domain,ca.allocation-canada.top,public
domain,interac.allocation-canada.top,public
domain,qctracking-dhl249593.com,public
domain,trackingqc-dhl492923.com,public
domain,nzpost-personal.com,public
domain,qc.canada-allocation.top,public
domain,ca.canada-allocation.top,public
domain,qc.canada-allocations.top,public
domain,ca.canada-allocations.top,public
domain,interac.canada-allocations.top,public
domain,qc.allocations-canada.top,public
domain,ca.allocations-canada.top,public
domain,interac.allocations-canada.top,public
domain,interac.canada-allocation.top,public
domain,postcana0110.com,public
domain,canadapost-parcel-status-eta.com,public
domain,allocation-canada.top,public
domain,canadapost-package-status-eta.com,public
domain,canadapost-tracking-can.com,public
domain,applehelp-online.com,public
domain,qc.allocation-canada.top,public
domain,mobillitybellupdate2023.info,public
domain,tracking9211149-dhlqc.com,public
domain,termssuncorp-au.com,public
domain,canada-allocations.top,public
domain,tracking9521155-qcdhl.com,public
domain,canadapost-canadapost.com,public
domain,ref-arcgov1.info,public
domain,www.taxref-interac.com,public
domain,lnteracdeposit.ca,public
domain,myrefcra.info,public
domain,westpac-helpdeskonline.com,public
domain,pendinginteract-etransfer2.com,public
domain,uberreimbursement.com,public
domain,thebellmobile.com,public
domain,infopostescanada.com,public
domain,executive-rewards-coupons.ca,public
domain,crtc-rogers-compensation.com,public
domain,auspost.parcelhub-alerts.com,public
domain,updateparcel-079659.ca,public
domain,canadapostparceltracking.ca,public
domain,parcel-schedule.shop,public
domain,horaire-post.live,public
domain,etran-0512.info,public
domain,etran-05122.info,public
domain,fundscanadahelp.com,public
domain,personalmy-anz.online,public
domain,updatedhlreschedule-992883.info,public
domain,updatebnz.info,public
domain,rescheduledhlparcel.com,public
domain,bendigo-security-checks.com,public
domain,parcelpostcan.com,public
domain,my-billoverpay.com,public
domain,thebellmobile.info,public
domain,vancouver-violation.city,public
domain,review-account-status-au.org,public
domain,canadapostparcelreschedule.ca,public
domain,canadaposttrackingservices.ca,public
domain,canadapostreschedule.ca,public
domain,canadapostparcelstatus.ca,public
domain,tel-onlinehelpsbs.info,public
domain,colisposte-relivraison.net,public
domain,livraisonposte-modifier.net,public
domain,datelivraison-poste.net,public
domain,relivraison-qc-colis.net,public
domain,livraison-postcan.net,public
domain,cadref2023.com,public
domain,onlinebnz.me,public
domain,shield-anz.info,public
domain,services-ato-gov.org,public
domain,date-livraisonreporter.net,public
domain,climate-incentive.ca,public
domain,commbank-alerts.us.to,public
domain,raiff-veri.online,public
domain,tx-issuing-gst.info,public
domain,canrev-agency.online,public
domain,bawagpsk-at.click,public
domain,eflow-onlineservice.com,public
domain,boiaccess.com,public
domain,secured365-banking.com,public
domain,anpost-onlinedeliverys-support.com,public
domain,eflow-payonlineservice.com,public
domain,rbc-auth.com,public
domain,1001etran-ca.online,public
domain,parcelcustomfeedelivery.com,public
domain,an-postdelivery-fees.com,public
domain,tukea-fi.com,public
domain,op.tukea-fi.com,public
domain,post-canada-delivery.com,public
domain,etran-4008.info,public
domain,etran-40088.info,public
domain,rogersverification.com,public
domain,cp-reschedule.info,public
domain,canada-post-tracking-statuseta.com,public
domain,secure01s-bene1its.com,public
domain,access-online-365.com,public
domain,revolut-department.com,public
domain,eflow-online-services.com,public
domain,smartcheckupform.com,public
domain,coupon-executive-reward.ca,public
domain,anpost.fees-settlements.com,public
domain,bmo.authid-m.com,public
domain,td-accountverification.com,public
domain,et-pending-claimdepositcanada.com,public
domain,canadapostreschedule.info,public
domain,eflow-paysecure.com,public
domain,annual-rebates.link,public
domain,ca-tdweb-trust100.com,public
domain,nabbank.technicalsupportresources.com,public
domain,costcowholesalesupport.co,public
domain,et-onlineweb-trustlogincanada.com,public
domain,canadapost-services-packagesupport.com,public
domain,etran-sfer973028.online,public
domain,ab-securebnft.info,public
domain,secure-helpab.info,public
domain,virement-qc-hydro.com,public
domain,rbcan-secure.info,public
domain,www.rbcan-secure.info,public
domain,auspost-updates.com,public
domain,apple-wallet-verify.com,public
domain,confirmer-prime.online,public
domain,easywebbank.com,public
domain,www-authentific-rbcroyal.xyz,public
domain,confirmer-prime.store,public
domain,prime-modifier.online,public
domain,dhlca.updateparcel-079659.ca,public
domain,1001etran-info.com,public
domain,reward-executive-coupon.ca,public
domain,executive-reward-coupons.ca,public
domain,reward-executive-coupons.ca,public
domain,executive-reward-member.ca,public
domain,myonline-anz.online,public
domain,boiaccessoo.online,public
domain,chmc-benef-ont.info,public
domain,www.can-rev.services,public
domain,can-rev.services,public
domain,cadrevagencysup.xyz,public
domain,cra.cadrevagencysup.xyz,public
domain,canadapost365.myftp.biz,public
domain,my-gov-au1.com,public
domain,accd.mouv.des.jardins.confirm-details-client93737.com,public
domain,acces.d.confirm-details-client93737.com,public
domain,des.jardins.confirm-details-client93737.com,public
domain,mouv.web.desj.ardins.confirm-details-client93737.com,public
domain,cadhl-tracking29455341.com,public
domain,dhlca-tracking2911341.com,public
domain,1bmoauthsignin.com,public
domain,ib-nab-au.net,public
domain,ib-nab-au.me,public
domain,bendigo-secured-help.com,public
domain,www.ib-nab-au.me,public
domain,www.ib-nab-au.net,public
domain,reschdule-canadapost.info,public
domain,canadapost-reschedule-fee.com,public
domain,my.update-user-portal.net,public
domain,rogers-payme-nt.cc,public
domain,delivery-schedule.shop,public
domain,shedule-parcel.shop,public
domain,mobility-rebate.ca,public
domain,anzshield.com,public
domain,post-cad.com,public
domain,canada.post-cad.com,public
domain,amzc-authrsession.com,public
domain,purolatordelivery.info,public
domain,bendigo-e-banking.com,public
domain,cooperativeuk-signin.com,public
domain,postcana00102.com,public
domain,support-secure-revolut.com,public
domain,anpost-online-fees.com,public
domain,secure48s-benef1s.online,public
domain,rev-sendreviewcancel.com,public
domain,anpost-redelivery-department.com,public
domain,www.lhv.ee.smartid-sisene.info,public
domain,a1telexhacker.ptr1.ru,public
domain,canadapost.delivery-schedule.com,public
domain,postcanada.delivery-schedule.com,public
domain,postcan.delivery-schedule.com,public
domain,canpost.delivery-schedule.com,public
domain,cp.delivery-schedule.com,public
domain,canadapost-en.delivery-schedule.com,public
domain,canadapost.deliveryerror-en.com,public
domain,postcan.deliveryerror-en.com,public
domain,canpost.deliveryerror-en.com,public
domain,cp.deliveryerror-en.com,public
domain,postcanada.deliveryerror-en.com,public
domain,canadapost.pending-delivery.com,public
domain,postcan.pending-delivery.com,public
domain,canadapost-en.pending-delivery.com,public
domain,canpost.pending-delivery.com,public
domain,postcanada.pending-delivery.com,public
domain,post1ca-32ha.ddns.net,public
domain,eflow-paymentonline.com,public
domain,ontarioservices.info,public
domain,post-paymentonline.com,public
domain,op-rahoittaa.com,public
domain,federalmoneydeposit.com,public
domain,infopostcanadatracks.com,public
domain,revolut-user-login.com,public
domain,etran-4140.info,public
domain,canpost-reschedule.info,public
domain,www.bawag.at.psk-web.cfd,public
domain,rescheduleintel-cpcanda247-gov.com,public
domain,rucksendung-post-at.com,public
domain,canadapostxpress.com,public
domain,support-online-revolut.com,public
domain,canada-post-trackingeta-ca.com,public
domain,postca-team.org,public
domain,canada-post-trackingeta-can.com,public
domain,info-posts.com,public
domain,canadapost-trackingeta-ca.com,public
domain,canadapost-trackingeta.com,public
domain,accessboi.com,public
domain,feecustomcharge.com,public
domain,review-details-online.com,public
domain,part.bancosantander.es-login.info,public
domain,accd-web.mouv-desjardin.auth-6wr2d.com,public
domain,accd-mouv.client-des.jardins.auth-6wr2d.com,public
domain,accesd.web-desjardins.auth-6wr2d.com,public
domain,interac-benifit-ontario.ca,public
domain,chmc-benefit.com,public
domain,fidoreturnm.site,public
domain,delichange-ca.live,public
domain,volksbank-sicherheitskontrolle.com,public
domain,deposit.lnteract-alerts.com,public
domain,parcel-reschedule.ca,public
domain,365-access.com,public
domain,invoicing-adjustment.ca,public
domain,an-post-12.com,public
domain,credit-solidarite-qc.website,public
domain,bellovrchrge.net,public
domain,cpost-ref-online.com,public
domain,affordabilityactionplan.albertagov.ca,public
domain,authrbc-royalbank.com,public
domain,amazon.aws-bill.com,public
domain,an-post-payservice.com,public
domain,city-hall-sms.city,public
domain,avis-postecan.com,public
domain,postecan-alert.com,public
domain,allied-secure-details.online,public
domain,interacthelpline.com,public
domain,emtonline.ca,public
domain,aidontariotrillium.org,public
domain,ontariotrilliumaid.org,public
domain,www.housing-benefit.homes,public
domain,housing-benefit.homes,public
domain,telus.m-paybill.com,public
domain,pymnt-subfailed.ca,public
domain,nettflix-membershipupdate.com,public
domain,inetc1office344.com,public
domain,1infoupdate-mynflx.com,public
domain,secureinteractlink.com,public
domain,10001inv.ink,public
domain,mobilebnz.xyz,public
domain,reoveryrelief.com,public
domain,www.l-ntrac-redeem.online,public
domain,bendigo-clientpage-auth.com,public
domain,rescheule-canadianpost.com,public
domain,shedule-delivery.shop,public
domain,parcel-delivery.shop,public
domain,integouv.org,public
domain,account-login-security.org,public
domain,voxwfpach.com,public
domain,cppos012323.com,public
domain,anpost-charges-ie.com,public
domain,totta.pendente-conta.com,public
domain,suppnozama.com,public
domain,online.atbform.com,public
domain,totta.pt-conta-pendente.com,public
domain,revolut-customer-support.com,public
domain,online-support-revolut.com,public
domain,webcanada-100interactrust.com,public
domain,eflow-service.com,public
domain,coscobiiiing.com,public
domain,online-365-support.com,public
domain,myeasyweb.site,public
domain,anpostcourier-importfee.com,public
domain,anpost-parcel-department.com,public
domain,cr-canada.online,public
domain,anpost-redelivery-roi.com,public
domain,secure-eflow.com,public
domain,reschedule-canadapost.link,public
domain,netpaymentnow.com,public
domain,revenue-services-ie.com,public
domain,etran-7720.info,public
domain,postcanada-account.com,public
domain,etran-77200.info,public
domain,get-backinfo.com,public
domain,verifizieren-deine-vrkonto.de,public
domain,financialmoneydeposit.com,public
domain,activate-applecontactless.online,public
domain,online-secure-revolut.com,public
domain,an-post-update.com,public
domain,service-rogers.com,public
domain,www.servicecan-taxref.com,public
domain,www.canadaphelp.tech,public
domain,interactmycraref0472952.com,public
domain,rogersupport.com,public
domain,royal-update.com,public
domain,secure54s-c1aim.online,public
domain,online-new-access.com,public
domain,secure87s-c1aim.online,public
domain,cpposccan01-23.com,public
domain,refund.deposits2cure15bell.com,public
domain,1nt2rac.deposits2cure15bell.com,public
domain,deposits2cure15bell.com,public
domain,mydelay-canadapost.com,public
domain,anpostcouriersupport.com,public
domain,et-onlinedeposit-webcanada.com,public
domain,canadapost.parcel-hold.ca,public
domain,anpost-delivery.info,public
domain,1001-claimdepositca-canadaweb.com,public
domain,a-interac.ca,public
domain,reschedule-nzposts.com,public
domain,gov-272994.com,public
domain,myrefarc.info,public
domain,canadapost.courier-fee.ca,public
domain,onlinewebpay.com,public
domain,aus-postals-au.com,public
domain,ra-services.online,public
domain,cadsecref2023.com,public
domain,wholesale-membership-online.com,public
domain,private-annual-wholesale-coupon.ca,public
domain,asb-nz-support.com,public
domain,mobiledepositqc.ca,public
domain,canadapost-mydelivery-fees.info,public
domain,atb.member-financial.com,public
domain,postescanada-colis.com,public
domain,canadapost-mydelivery.info,public
domain,postal-updates.com,public
domain,my.secure-user-update.net,public
domain,myauthbmo.com,public
domain,canada.postal-updates.com,public
domain,cancad2023.com,public
domain,anz-app.online,public
domain,an-post-redelivery.com,public
domain,cadpost-reschedule.ca,public
domain,aus-mygovservices.com,public
domain,atb.policy-confirm.com,public
domain,bendigos-au.com,public
domain,anpostparcel-importfee.com,public
domain,secure-paytoll.com,public
domain,etweb-crainterac-catrust-100.com,public
domain,anpost.duty-fee-helpdesk.com,public
domain,c-interac.ca,public
domain,depositmoneyservice.com,public
domain,barcsecured.ddns.net,public
domain,gouv-inf-agence.com,public
domain,auth45s-c1aim.online,public
domain,revlew-dash.ns02.info,public
domain,sants-app.com,public
domain,revolut-onlineauth.com,public
domain,freeprimesubscription.ca,public
domain,atb.terms-sevice-reset.com,public
domain,postalcanada.ca,public
domain,revenue-ca.ddns.net,public
domain,td.app-webid.com,public
domain,canpostservice.info,public
domain,cvcadref2023.com,public
domain,commbank-update-au.com,public
domain,app-sants.com,public
domain,cadpostdelivery.com,public
domain,an-post-fee-service.com,public
domain,ns67.domaincontrol.com,public
domain,desjardins.online.,public
domain,161.35.14.56,public
domain,interac-gc.ca,public
domain,bell.disbursedcareturn.com,public
domain,canada.postal-update.com,public
domain,postal-update.com,public
domain,bdgau.com,public
domain,revenue.assessments-ca.com,public
domain,e-tran4409.info,public
domain,e-tran44099.info,public
domain,lntrec-secure.cc,public
domain,anpost.deliver353ie.com,public
domain,canp2023ref.com,public
domain,mygov-au-online.com,public
domain,bendigo-web03-login.com,public
domain,lnteracdeposit.shop,public
domain,an-post-fee-services.com,public
domain,login-myaccount-auth.org,public
domain,cpreschedule-canadaintern-247ca.com,public
domain,bell.mobilepayment-ca.com,public
domain,amazn-reschedule.ca,public
domain,mycomm.secure-helpdesk.com,public
domain,interactransfert.net,public
domain,my-costco.info,public
domain,my.user-client-portal.com,public
domain,etr-sh.info,public
domain,interac.com.etr-sh.info,public
domain,login-myaccount-auth-gov.org,public
domain,bell.mobilitytransferca.com,public
domain,linked-services-myaccount-gov.com,public
domain,100lnteracweb-trustca.com,public
domain,ca-100lnteractrust-web.com,public
domain,bell-refserv.info,public
domain,et-100-lnteracwebca.com,public
domain,revolut-user-support.com,public
domain,pareclfeecustomcharge.com,public
domain,parcelfeecustomcharge.com,public
domain,rbs-auth03.com,public
domain,login-td.ca,public
domain,net37flixsup1.ddns.net,public
domain,rbc-secu05.my03.com,public
domain,canadapost-packagedelivery-help.com,public
domain,royal-mail-uk.com,public
domain,rewards-costcowholesalecanada.com,public
domain,etca-0057.ca,public
domain,e-tran6032.info,public
domain,e-tran60322.info,public
domain,yi985n.com,public
domain,lnteract.yi985n.com,public
domain,net-flix1su.ddns.net,public
domain,overno-cli49323tax.ca,public
domain,delivposcan34s.ca,public
domain,hydroserprovide.ca,public
domain,hydroclientprovider.com,public
domain,tafesproviders.ca,public
domain,over7taxcancharge.ca,public
domain,netflix-security.info,public
domain,home-heat-incentive.xyz,public
domain,an.post-money-support.com,public
domain,membrecostco.com,public
domain,net12flixsu.ddns.net,public
domain,track-canadapost.com,public
domain,anpost-custom-package.com,public
domain,auth56s-benef1s.online,public
domain,anpostparcelsfee.com,public
domain,moneydepositservices.com,public
domain,tx-supplier-rebate.info,public
domain,canada-postaiservice.site,public
domain,canada-postaiservice.site,public
domain,amazonn-12781.online,public
domain,parcelcustomfeecharge.com,public
domain,bell-1-ca.com,public
domain,10001e-tr.ca,public
domain,fido-returnn-m.site,public
domain,renew-online-appleid.com,public
domain,mygov-unsupported-acesss.com,public
domain,wholesale-rwd.xyz,public
domain,suncorp-alert.inpac.com.au,public
domain,redeliver-canada-post.com,public
domain,secure-process-lloydsbank.link,public
domain,omicron-covid19-pcr-irish.com,public
domain,customer-supportarea12.info,public
domain,bendigobank-au-update.com,public
domain,mobilityaccountupdamanual2023.com,public
domain,intelracc01-23.com,public
domain,loginbnz.info,public
domain,scotiaonlines-auth.com,public
domain,resolvehelp.tech,public
domain,myaccount-cost.co,public
domain,abucds-wintl.store,public
domain,bendigo-ebanking-au.com,public
domain,e-tran4109.info,public
domain,e-tran41099.info,public
domain,t-23plus.com,public
domain,mycomm-dashboard-verify-live.com,public
domain,scotia-bank-verify29876.misecure.com,public
domain,review-myaccount-login.org,public
domain,redelivery-canadapostservice.ca,public
domain,canadapost-parcelstatus.ca,public
domain,meridian-resetlivemcv-canada.com,public
domain,contactless-epay.com,public
domain,climate-actionssincentive-payment-gov.com,public
domain,abcdefghijk.world,public
domain,rewards-costco.com,public
domain,rbs-online3.com,public
domain,parcelcustomchargefee.com,public
domain,revolut-help-services.com,public
domain,interac4531.ca,public
domain,commbank-alerts.dr.id.au,public
domain,commbank-alerts.ruok.org,public
domain,eflow-pay-online.com,public
domain,anpost-online-services.com,public
domain,urgent-online3.com,public
domain,eflow-online-pay.com,public
domain,portchargefeedelivery.com,public
domain,nbgdigital.net,public
domain,totta.pendente-pt.com,public
domain,anpost-supportonline.com,public
domain,carrier-crtc.serveirc.com,public
domain,revenue-tax-ireland.com,public
domain,bell.ca-mobilereturn.com,public
domain,bendigo-alert.info,public
domain,totta.pendente-reveja.com,public
domain,packagespostcanada.ca,public
domain,interactmycraref04669350.com,public
domain,support-anpost-online.com,public
domain,canadapostpackage.top,public
domain,canadapost-schedule.com,public
domain,deposit-qc.ca,public
domain,secure-rev-ie.com,public
domain,eflow-confirm.com,public
domain,anpostparceldeliveryfee.com,public
domain,eflowpay-online.com,public
domain,bmocanada-resetlivemcv-canada.com,public
domain,bell.returndepositca.com,public
domain,portchargedeliveryfee.com,public
domain,return.ca-centersupport.com,public
domain,ca-centersupport.com,public
domain,updatepostal.com,public
domain,canada.updatepostal.com,public
domain,www.postexpress.ca,public
domain,qc.postexpress.ca,public
domain,ontario-benefit.ca,public
domain,bell.confirm-details-client93737.com,public
domain,bell.mobility.confirm-details-client93737.com,public
domain,mobility.confirm-details-client93737.com,public
domain,onebill.confirm-details-client93737.com,public
domain,onebill.mobility.confirm-details-client93737.com,public
domain,canada-post.shop,public
domain,cra-etinterac100-webtrust.com,public
domain,rbc-connect.com,public
domain,canadapost-secure.com,public
domain,revenue-access-ie.com,public
domain,etca-qc002.ca,public
domain,txcan-services.info,public
domain,financialinstitutiondeposit.com,public
domain,inflation-relief.com,public
domain,aggiornare-nexipay-it.com,public
domain,gigadatsolutions.net,public
domain,bmo.m-access1.com,public
domain,cadpost-office.com,public
domain,anpost-customs-payments.com,public
domain,secure-details.org,public
domain,mobileqcdepots.ca,public
domain,mobilityservicentre.com,public
domain,bell.mobilityreturncenter.com,public
domain,members-coupons-reward.ca,public
domain,member-executive-rewards-coupons.ca,public
domain,reward-member-coupon.ca,public
domain,bell.secureadmincenter.com,public
domain,pcopt-serv8.xyz,public
domain,bell.admindeposit.com,public
domain,bell.clientreturncenter.com,public
domain,bell.secureonlineca.com,public
domain,e-tran9452.info,public
domain,e-tran94522.info,public
domain,tracknzpackrequest.com,public
domain,canadapostshipping.ca,public
domain,wholesale-member-coupon-claim.ca,public
domain,verificationca.com,public
domain,bell.verificationca.com,public
domain,avyqtl-ref.xyz,public
domain,www.re-fundsamazon.com,public
domain,re-fundsamazon.com,public
domain,amaz-can.com,public
domain,services-online-co-au.com,public
domain,comm-au.info,public
domain,bendigo-ebanking-secure.com,public
domain,amazon-verify.info,public
domain,amazon-verify.online,public
domain,amazon-verify.pw,public
domain,httphttprogsec1.site,public
domain,license-vancouver.net,public
domain,mypostonline.org,public
domain,bell.intrca.net,public
domain,intrac.intrca.net,public
domain,post-can-reschedule.info,public
domain,packagereschedule-993884.com,public
domain,www.deposit1funds.com,public
domain,moblehelpservice2023.com,public
domain,my.client-page-user.com,public
domain,trfhrh.com,public
domain,secure45-benef1s.online,public
domain,totta.conta-confirme.com,public
domain,restore-revo-ie.com,public
domain,commbank-alerts.inpac.com.au,public
domain,an-post-deliverycharge.com,public
domain,eflowonlinepayment.com,public
domain,totta.confirme-conta.com,public
domain,custom-pay-ie.website,public
domain,revenue-taxations-ie.com,public
domain,anpost-deliveryparcelfee.com,public
domain,online-revolut.com,public
domain,online-fee-payment.com,public
domain,www.pcoptimum-serv8.info,public
domain,postoffice-custom.com,public
domain,jarjesta-op.online,public
domain,postalupdates.com,public
domain,canada.postalupdates.com,public
domain,portparcelchargefee.com,public
domain,remmitance-open24.app,public
domain,post-customfees.com,public
domain,postescanada-tracking.ca,public
domain,redirectwebtd.net,public
domain,scotlacan-phoneaierts.com,public
domain,scotlamobilephone-aierts.com,public
domain,scotlacanadaphone-aierts.com,public
domain,online-tollpayment.com,public
domain,renewapay.org,public
domain,amzaoon1362fibe.ca,public
domain,unpaid-billbel.ca,public
domain,scotiabank-authentications.com,public
domain,anpost-parcel-delivery.com,public
domain,customshelps.tech,public
domain,personalbanking-bankofireland.com,public
domain,revenue-tax-ie.com,public
domain,revenue-account-ie.com,public
domain,canadapost-mydeliverystatus.info,public
domain,gigadat-funds.com,public
domain,remboursement-hydroquebec.net,public
domain,www.remboursement-hydroquebec.net,public
domain,delivery-postcanada.net,public
domain,redelivery-canadapostservices.ca,public
domain,td-agree-terms.info,public
domain,au.post.mypdelivery.org,public
domain,mypdelivery.org,public
domain,reference-77382.com,public
domain,transfer-93002.com,public
domain,myphelp.org,public
domain,canadasrecoveryrelief.ca,public
domain,2122-txreturn.info,public
domain,e-tran1194.info,public
domain,e-tran11944.info,public
domain,myaccount-revenue.com,public
domain,societe-d.quebec,public
domain,bendigo.eb01.org,public
domain,aib-verified-ie.com,public
domain,sfer-clientid0972.com,public
domain,finance.quebec.sfer-clientid0972.com,public
domain,gouv.qc.tran.sfer-clientid0972.com,public
domain,quebec.tran.sfer-clientid0972.com,public
domain,revenu.qc.sfer-clientid0972.com,public
domain,bmo.m-id1.com,public
domain,fido-return-mbility.site,public
domain,postupdatenewredelivery.com,public
domain,www.myprime-page.com,public
domain,myprime-page.com,public
domain,bendigosymantecs.info,public
domain,anpost.alerts-packagehub.com,public
domain,auspost-track.dr.id.au,public
domain,auspost-track.owl-post.net,public
domain,chase.maccus.net,public
domain,boa.maccus.net,public
domain,termsandcondition.net,public
domain,amazn.maccus.net,public
domain,clbcbanking.com,public
domain,deposit.intrca.net,public
domain,nzpostservices.com,public
domain,package-can-post-reschedule.info,public
domain,lnterac-overviewfreedom.com,public
domain,amzn-fr.quebec,public
domain,westpac-securityupdate.com,public
domain,comm-netb-portal.com,public
domain,cba.netverify-helpdesk.com,public
domain,costco.wholesale-reward.com,public
domain,dns-sl.info,public
domain,bell-etransfer.dns-sl.info,public
domain,intedispo.online,public
domain,postecanschedule.com,public
domain,depo.intreca.net,public
domain,chse.acc-us.net,public
domain,boa.acc-us.net,public
domain,commbank-alert.australia.ai,public
domain,secure34s-a1berta.online,public
domain,bmo.easy1-auth.ca,public
domain,mybell-bell.org,public
domain,an.post-track353.link,public
domain,secure-santander.com,public
domain,www.servca-return.com,public
domain,dhlqc.trackingid1934441.com,public
domain,qcdhl.trackingid193446141.com,public
domain,dhl.trackingqc1932841.com,public
domain,dhl.trackingqc19355414.com,public
domain,update-postpackages.com,public
domain,courier-schedule.com,public
domain,anpostdelivery-customsfee.com,public
domain,secure-comm-verification-portal.com,public
domain,e-tran4811.info,public
domain,e-tran48111.info,public
domain,postal-ag-at.com,public
domain,totta.pt-confirme.com,public
domain,1001-login-et-claimcanadaweb.com,public
domain,sants-access.com,public
domain,secure02s-a1berta.online,public
domain,primeorderscanada.com,public
domain,anpost-parcelcustoms.com,public
domain,et-interacweb001.com,public
domain,mobileptsb.com,public
domain,canadapost.postes-pay.ca,public
domain,profile-securite.com,public
domain,acces.d.profile-securite.com,public
domain,accesd.profile-securite.com,public
domain,caisse.des.jardins.profile-securite.com,public
domain,desjardins.profile-securite.com,public
domain,postecan-colis.com,public
domain,tell-acces.gives,public
domain,canadareliefunds.ca,public
domain,postecan01-secure.com,public
domain,totta.confirme-reveja.com,public
domain,anpost-charge-update.com,public
domain,re-govqc.online,public
domain,reattempt-deliv.com,public
domain,www.pcoptimum-acct1.info,public
domain,interactpayment.net,public
domain,mail-postcan-reschedule.info,public
domain,interac.com.dns-sl.info,public
domain,mybellacc-credit.com,public
domain,confirm-secure-wallet.com,public
domain,parcelportchargefee.com,public
domain,dutyfee-payment-ie.com,public
domain,efowmobile.com,public
domain,interactmycraref06832051.com,public
domain,amazon-secure1.com,public
domain,bmoauthaccess.re,public
domain,secure-post-tracking.com,public
domain,filing-interim.info,public
domain,member-cash-back-rewards.ca,public
domain,anpost-service-test.com,public
domain,www.e-transfer.pw,public
domain,postecan.ca,public
domain,www.costumershelp.tech,public
domain,auth-bendigobank-au.com,public
domain,mobiups-due.com,public
domain,interac.com.dpt-tr.info,public
domain,dpt-tr.info,public
domain,prevention-surety.info,public
domain,govtpayment.ca,public
domain,amazon-verify-page.online,public
domain,www.amazon-verify-page.online,public
domain,canadapost-support11.info,public
domain,asb-nz.help,public
domain,cra.services,public
domain,e-tran8810.info,public
domain,e-tran88100.info,public
domain,package-canada-post.com,public
domain,ref-authtva.com,public
domain,clients-internet-login.org,public
domain,noticeca-c00349.com,public
domain,secured.clientwideupdate.com,public
domain,clientwideupdate.com,public
domain,reviewfreedomobile.com,public
domain,tdgreenbanking.com,public
domain,bell.authorizedisbursement.com,public
domain,deliverycanada.ca,public
domain,my.user-clients-portal.com,public
domain,bell.caserverreturn.com,public
domain,due-complication-com-au.cc,public
domain,parcelnote-4490.com,public
domain,myreturns-com-au.cc,public
domain,telus.myweb-app.com,public
domain,www.customer1support.info,public
domain,customer1support.info,public
domain,postcaddelivery.com,public
domain,bendigo-online-verify.com,public
domain,rogersrefunds.com,public
domain,app-clientel.com,public
domain,myservices-login-unath.com,public
domain,amazn.acc-us.net,public
domain,secure-mylogin-comm.org,public
domain,nabbank.emrg.com.au,public
domain,users-client-page.com,public
domain,my.users-client-page.com,public
domain,secure-my-account.org,public
domain,anpost-customs-fees.com,public
domain,trackparcel-ie.com,public
domain,anpost.trackparcel-ie.com,public
domain,online-tollpayments.com,public
domain,manage-mygov.online,public
domain,anpost.servicehub-alerts.com,public
domain,post-custompayment.com,public
domain,anpostdelivery-customscharge.com,public
domain,banking.ddns.net,public
domain,secure-auth-reset.com,public
domain,ubereatsref7094.com,public
domain,raiff-check.click,public
domain,candapost-postescanada.info,public
domain,cig-action.com,public
domain,scotia-resetslivescv-canadas.com,public
domain,barc-authentic.sytes.net,public
domain,secured-space.ddns.net,public
domain,parcel-package.shop,public
domain,secure37s-a1berta.site,public
domain,www.postexpert.ca,public
domain,can.postexpert.ca,public
domain,qc.postexpert.ca,public
domain,e-tran0361.info,public
domain,e-tran03611.info,public
domain,cad-updatingcenterca.com,public
domain,secure03s-a1berta.online,public
domain,my-lnterct.info,public
domain,canpostal.ca,public
domain,packages-info.com,public
domain,anpost-custom-fee.com,public
domain,myrefcra-online.info,public
domain,anpost-deliverycustomsfee.com,public
domain,op-fi.alerts-servicehub.com,public
domain,www.pcoptimum-activat1.info,public
domain,online-secu097mn-access.ns02.info,public
domain,bell.mobilereturnca.com,public
domain,bell.mobilitycustomer.com,public
domain,secure-delivery-payment.com,public
domain,canadapost-packagerelease.com,public
domain,revenu-canada.ca,public
domain,eflow-toll-services.com,public
domain,comm2bank24.info,public
domain,paymentinterac.com,public
domain,canadatrusteasyweb.com,public
domain,anpostdeliverycare.com,public
domain,filtx-return.pro,public
domain,easyw-alb.com,public
domain,bmo.myweb-app.com,public
domain,interruptionservicesdelay.com,public
domain,canadrecoveryfunds.ca,public
domain,deliv-reschedule-postoffice.info,public
domain,ecragrantsca.live,public
domain,mytelus-crtc.serveirc.com,public
domain,canpostshipping.info,public
domain,nab.net-alert.com.au,public
domain,anz.net-alert.com.au,public
domain,intercetranfer.online,public
domain,support-refund.com,public
domain,mytaxway.live,public
domain,redelivery-postaus.com,public
domain,unsupported-uber-access.com,public
domain,inflationrelief.ca,public
domain,support-billings.com,public
domain,solution-alberta.sbs,public
domain,reschedule-canadapostservices.ca,public
domain,redeliverycanadapost-services.ca,public
domain,e-tran3398.info,public
domain,e-tran33988.info,public
domain,info-confirmed.com,public
domain,royal.bank.info-confirmed.com,public
domain,royalbank-portal.info-confirmed.com,public
domain,royalbank-security.info-confirmed.com,public
domain,mymedicare-au.cc,public
domain,cadpostdeliver.com,public
domain,commonwealth-login.online,public
domain,enterac-pending.com,public
domain,return-m-fido.site,public
domain,cibc-online-help.com,public
domain,member-reward-executive.ca,public
domain,member-rewards-executive.ca,public
domain,reward-executive-members.ca,public
domain,reward-members.ca,public
domain,reward-member-executive.ca,public
domain,member-coupon-executive-reward.ca,public
domain,canadaposton.com,public
domain,auspost-custom-fee.com,public
domain,mygovaustralia.online,public
domain,www.mygovaustralia.online,public
domain,www.prime-member-supp0rt.icu,public
domain,applepay-review.online,public
domain,anzpayee-review.info,public
domain,aus-mypostal-com-au.cc,public
domain,canadapost-office.ca,public
domain,affordaplan-ab.info,public
domain,ing-banking.net-alert.com.au,public
domain,etransferdirectbenefit.com,public
domain,www.xpress-post.com,public
domain,qc.xpress-post.com,public
domain,ca.xpress-post.com,public
domain,customer-trackingdelivery.com,public
domain,housing-rebate.ca,public
domain,wallet-terms.com,public
domain,policyupdate.net,public
domain,ca-post.intreca.net,public
domain,retour-revenu.ca,public
domain,billing-neftlix.com,public
domain,mypostaus.org,public
domain,mypostau.org,public
domain,can-revenue2022.com,public
domain,my.users-pages-portal.com,public
domain,auth-onlinesecure-westpacib-au.com,public
domain,anpostdelivery-feecharge.com,public
domain,postoffice-onlinesupport.com,public
domain,an.postdelays.com,public
domain,online-eflowtollpayment.com,public
domain,anpost-packagecustoms.com,public
domain,aibsecure-online.com,public
domain,an.postdelays.com/secure,public
domain,totta.pt-confirmar.com,public
domain,apay-renew.com,public
domain,renew-appleid-online.com,public
domain,infopackages.com,public
domain,online-eflowtoll.com,public
domain,anpost-depot-fees.com,public
domain,zitiqn.online,public
domain,interactmycraref0124503.com,public
domain,amazonconfirmca.info,public
domain,secure-anpost-fees.com,public
domain,emend.report,public
domain,aidefido.com,public
domain,anpost.servicedelayteam.com,public
domain,fido-return-cl.site,public
domain,canadarecoveryrelief-funds.ca,public
domain,security-authenticator.com,public
domain,sants-app.co,public
domain,amzn.servicedelayteam.com,public
domain,post-customservice.com,public
domain,canada.postupdate-notif.com,public
domain,shipservicesunavailable1.com,public
domain,directetransferbenefit.com,public
domain,canada-postpackagessupport.ca,public
domain,bell.ca-disbursement.com,public
domain,servicesrequirementupda1.com,public
domain,bell.accountreturnlogin.com,public
domain,10001emt.ink,public
domain,canadarecoveryrelieffunds.ca,public
domain,reference-88593.com,public
domain,eflow-web-services.com,public
domain,dutypay-fee.com,public
domain,anpost.track-parcelhub.com,public
domain,bell-team.xyz,public
domain,canadapost-support18.info,public
domain,reference-77291.com,public
domain,carecoveryrelieffunds.ca,public
domain,interac-ontario.ca,public
domain,invsec-rbcacc.online,public
domain,customs-trackingdelivery.com,public
domain,auspost-custom-delivery.com,public
domain,virementinterac.com,public
domain,e-tran0441.info,public
domain,e-tran04411.info,public
domain,bellmobiltyrefund-info.online,public
domain,authentification.2-td.com,public
domain,calculatoreturn-ca.live,public
domain,etintract.info,public
domain,greenbankingemt.ca,public
domain,mobiauspostonline.com,public
domain,rogers.payaccess-id.com,public
domain,etca-0048.info,public
domain,myaccount-security-internet-login.org,public
domain,auspost-redeliver.info,public
domain,hse.covid-19-alerts.com,public
domain,parceltracking-ie.com,public
domain,anpost.parceltracking-ie.com,public
domain,e-t.etca-0048.info,public
domain,aupost-online.com,public
domain,www.package-reschedule.shop,public
domain,package-reschedule.shop,public
domain,complications-due-com-au.cc,public
domain,autodeposit.etca-0048.info,public
domain,reward-member-coupons.ca,public
domain,manage-executive-reward.ca,public
domain,coupon-executive-rewards.ca,public
domain,executive-member-coupon-rewards.ca,public
domain,my-services-login-unath.com,public
domain,bc-hydro.online,public
domain,reactivate-apay.com,public
domain,neftlixmobile.site,public
domain,infowireless-sms.net,public
domain,info-canpost-delivery.net,public
domain,orderstatus.help,public
domain,webshiptrack.com,public
domain,infoshiptrack.com,public
domain,lnfopostal.com,public
domain,webadressupdate.com,public
domain,webtrackpostai.com,public
domain,online-tollservice.com,public
domain,secure-accessreview.com,public
domain,op-tarkistaa.com,public
domain,my.app-pay-reconnect.net,public
domain,tx-rated-exempt.info,public
domain,onlinemobiopen24.com,public
domain,totta.conta-confirmar.com,public
domain,anpostmoney-mobile.com,public
domain,bell-interac-pending.com,public
domain,holding-post-canada.com,public
domain,n-fli-update.site,public
domain,secure4-anz-online.com,public
domain,metamask-securityupdate.com,public
domain,postecad20.info,public
domain,customs-delivery-anpost.com,public
domain,info-belmobillite.ca,public
domain,canadapostreroute.com,public
domain,e-tran4536.info,public
domain,e-tran45366.info,public
domain,affordalbertaplan.info,public
domain,www.affordalbertaplan.info,public
domain,amorder.tech,public
domain,interacverifid.com,public
domain,infosecureorg.com,public
domain,1001-et-claimdeposit-canada01.com,public
domain,canpostexpress.com,public
domain,ggsdp.site,public
domain,gov-energy-claim.com,public
domain,abaffordabilityactionplan.info,public
domain,www.abaffordabilityactionplan.info,public
domain,amzon.ggsdp.site,public
domain,canhelpdept.live,public
domain,qualified-compensation.info,public
domain,mobile-365online.com,public
domain,confirmboimobile.com,public
domain,intreca.net,public
domain,e-10001int.info,public
domain,bell.securereturnservice.com,public
domain,autosaqc.com,public
domain,rogersbillings.com,public
domain,telusmobile.pw,public
domain,bell.ca-returntransfer.com.,public
domain,hydro-one.net,public
domain,interactmycraref0788549.com,public
domain,www.telusmobile.pw,public
domain,rbcmalfunctionssupport.xyz,public
domain,upgrdemobile.com,public
domain,amazon-refund.info,public
domain,canadapost.verificationca.com,public
domain,canadapost-reviewinterac.com,public
domain,hub-sl.info,public
domain,interac.com.hub-sl.info,public
domain,canadapost-resch-mydelivery.info,public
domain,review-authenticate-au.com,public
domain,bell.careturntransfer.com,public
domain,bell.ca-returntransfer.com,public
domain,reactivate-apayonline.com,public
domain,atb.policyvisa.com,public
domain,activation-help.com,public
domain,mygov.activation-help.com,public
domain,benefit-wholesale.click,public
domain,member-benefit.click,public
domain,lnteracdeposit.info,public
domain,intractrnsfr.com,public
domain,au-claim-ato.com,public
domain,pay-recoveryrelief.ca,public
domain,aut0chrgsum.com,public
domain,my.com-cancel-payment.net,public
domain,e-tran2209.info,public
domain,e-tran22099.info,public
domain,netflixrebates.ca,public
domain,transfer-33992.com,public
domain,postescanadaquebec.com,public
domain,prcl-can-sgw034.com,public
domain,cp0984sgw1.com,public
domain,www.costumerservice.online,public
domain,reminder-canada.info,public
domain,www.cost-member45462.services,public
domain,cost-member45462.services,public
domain,rewards.cost-member45462.services,public
domain,schedule-yourdelivery.com,public
domain,commbank-secruity4-login.net,public
domain,verify-myaccount-auth-gov.org,public
domain,myserviceab.com,public
domain,resolve-alberta.net,public
domain,westpaclogin.app,public
domain,secure4-anz-online.com/azu,public
domain,secure-interac.net,public
domain,canada-post-iink.site,public
domain,commbank.net-alert.com.au,public
domain,westpac.net-alert.com.au,public
domain,anazon-link.store,public
domain,suncorp.net-alert.com.au,public
domain,my-gov-aus-update.com,public
domain,authrbc-royalbank.co,public
domain,accweb-mouv-desjardins.com,public
domain,mypostshipment.org,public
domain,commonwealth-secure4login.net,public
domain,review-comm.com,public
domain,servicecanada.online,public
domain,emtacceptonline.com,public
domain,candapost.info,public
domain,comm-alert.ddns.net,public
domain,commbank.netalerts.com.au,public
domain,postoffice-support.com,public
domain,authenticate-security.com,public
domain,e-tran5512.info,public
domain,e-tran55122.info,public
domain,secureinteraconline.com,public
domain,postal-canada.ca,public
domain,www.postcan-reschdeul1.info,public
domain,amend-missed-package.com,public
domain,op.suojattu-info.com,public
domain,anpostcustoms-deliveryfee.com,public
domain,ca.lnf0auth.info,public
domain,bankidmobil.com,public
domain,bell.mobilitydisbursed.com,public
domain,bell.mobilityappreturn.com,public
domain,op-fi.suojattu-tarkistus.com,public
domain,secure4cba.com,public
domain,ghjdsavkagthauvyfhafhgsa.com,public
domain,fido-return-inc-m.site,public
domain,accountau.online,public
domain,returnabi1ity-secure.life,public
domain,he1p-p1ansecure.info,public
domain,afforda-p1ana-b.top,public
domain,fuelf00dn-b.info,public
domain,www-rbc-authen1-onlne-ca.xyz,public
domain,nz-post-payments.com,public
domain,www.serviceca-tax.com,public
domain,xn-amzon-1jc.com,public
domain,e-tran4529.info,public
domain,e-tran45299.info,public
domain,hse-webportal.com,public
domain,100-webtrust-interactca1.com,public
domain,netflixverifylive.com,public
domain,taxgov.info,public
domain,whole-sale.info,public
domain,tdonline.click,public
domain,member-executive-coupon-rewards.ca,public
domain,commonwealthbanklogin.com,public
domain,aust-postals-au.com,public
domain,transfer-40029.com,public
domain,aupacktracerfilereq.com,public
domain,www.goc-inflation-compensation.com,public
domain,mobihelp.tech,public
domain,fundsbenefitstransfer.com,public
domain,fundsbenefitstransfers.com,public
domain,netflixverify.live,public
domain,ns1.vultr.com,public
domain,heudufjv.com,public
domain,revenu-canada.co,public
domain,transfer-61812.com,public
domain,updates-austpostal.com,public
domain,dick.com,public
domain,pussy4free.ca,public
domain,149.248.54.238,public
domain,trackausrequest.com,public
domain,etconfirm.net,public
domain,info-terms.net,public
domain,postcanadapackagerate.ca,public
domain,bell.ca-secureauthentication.com,public
domain,my.verify-payment-ben.net,public
domain,my.verify-payment-cancel.net,public
domain,logincommbank-secure3.net,public
domain,dutyfee-ie-securepayment.com,public
domain,canada.post.lnf0auth.info,public
domain,uber.ref521.com,public
domain,amzn.ref521.com,public
domain,mycanadapackage.com,public
domain,canadainfopost.com,public
domain,1100e-tr.info,public
domain,scotia-livereset-policybcanada.com,public
domain,anpostparcelcare.com,public
domain,anpost-pay-customscharge.com,public
domain,payments-anpost-customs.com,public
domain,e-tran6612.info,public
domain,e-tran66122.info,public
domain,westpac.nz-secure-alert.com,public
domain,parcel-reattempt.ca,public
domain,toll-paymentservice.com,public
domain,payment-recoveryrelief.ca,public
domain,infoshipmentcanada1.com,public
domain,interactmycraref0581294.com,public
domain,anpost-customsfeedelivery.com,public
domain,secure-rbcupdate.com,public
domain,interaconlinedeposit.com,public
domain,myparcel-track.com,public
domain,mytelus-identity.serveirc.com,public
domain,security-check4bendigo.net,public
domain,charlottetownparking-tickets.com,public
domain,interac.com.url-cf.info,public
domain,url-cf.info,public
domain,100lnterac-claimdeposit-ca.com,public
domain,nzpost.co.nz-secure-alert.com,public
domain,cphelp1.tech,public
domain,anpost-pending-service.com,public
domain,data-sl.info,public
domain,interac.com.data-sl.info,public
domain,myfido-login.online,public
domain,seb.ref521.com,public
domain,itemsdelaysprovincial.com,public
domain,benefitsfundstransfers.com,public
domain,benefitsfundstransfer.com,public
domain,lnterac.org,public
domain,bellmobiltyrefundca.com,public
domain,ingdirect.ddns.net,public
domain,rogrsovrchrge.net,public
domain,scotia-resetaccess-policycanada.com,public
domain,bmo.accountid-ca.com,public
domain,e-tran4552.info,public
domain,e-tran45522.info,public
domain,reimbursement-services.org,public
domain,securedemt.com,public
domain,unsupported-login-mygov.com,public
domain,apayreactivate-online.com,public
domain,sevicetransferbenefit.com,public
domain,myinquire-depo.com,public
domain,pcoptimum-points.com,public
domain,etransfer.data-sl.info,public
domain,fido-return-rebate.site,public
domain,interac.direct-ut.info,public
domain,security-anz4.online,public
domain,bmo.mobile-appid.com,public
domain,etransfer-details.dpt-tr.info,public
domain,postcan-ovr.com,public
domain,info-profile.com,public
domain,desjardins-accweb-authentification.info-profile.com,public
domain,acces-mouv-desjardins.info-profile.com,public
domain,accesweb.mouv-desj.ardins.info-profile.com,public
domain,atb.policy-form.com,public
domain,3easyweb-td.ca,public
domain,sched-parcel.shop,public
domain,account3secruity-suncorp.com,public
domain,www.etrfretun.live,public
domain,servicecanada.acc-dtl.live,public
domain,ca-assessments.com,public
domain,post0ca-92la.ddns.net,public
domain,jahme-dia.com,public
domain,parcel-sched.shop,public
domain,1ca-onlineref-billling-clientrefun-d.com,public
domain,mobilebendigo.com,public
domain,deliverystatus-trackmyparcel.com,public
domain,my-return11.info,public
domain,tel-supportwebvz.info,public
domain,vr.ref521.com,public
domain,cai-rebate.ca,public
domain,can-post.services,public
domain,www.can-post.services,public
domain,anz-alert.ruok.org,public
domain,delivery.can-post.services,public
domain,securebnz.link,public
domain,amazon-form.com,public
domain,ag-post-at.com,public
domain,voiceid-anz.online,public
domain,verificationauthenticator.com,public
domain,anpostcustoms-fees.com,public
domain,mymail-space.com,public
domain,fido-rebate-return.site,public
domain,id-app-se.com,public
domain,toll-onlineservice.com,public
domain,canadapost-delivery-info.com,public
domain,an-postdeliverysfee.com,public
domain,anpostcustoms-deliverycharge.com,public
domain,servicecanada.et-sh.online,public
domain,anpost-customs-eu.com,public
domain,re-deliveryanpost.online,public
domain,bitly.etca-0048.info,public
domain,secure-24-authentication.com,public
domain,anpostcustomsfeedelivery.com,public
domain,in100001e-tr.ca,public
domain,revcanada-onlineweb-claimcad.com,public
domain,e-tran41541.info,public
domain,canshipdelays1.com,public
domain,eflow-toll-payment.com,public
domain,cadcentercare.online,public
domain,emt-interac.com,public
domain,login-rbc.com,public
domain,mobilereturnca,public
domain,securei.info,public
domain,bell.mobility-securereturn.com,public
domain,intract.live,public
domain,authenticatetd-overview.com,public
domain,e-tran4010.info,public
domain,e-tran40100.info,public
domain,rbc.onlineauthportal.com,public
domain,bell.securecalogin.com,public
domain,directmessage.top,public
domain,canitemsdelayscheduled1.com,public
domain,trackingnumber51930.ink,public
domain,trackingnumber513440.ink,public
domain,secutaxescanprovider.ca,public
domain,taxscustprovider.ca,public
domain,cansecutaxeprovide.ca,public
domain,reference-88291.com,public
domain,payinterac.net,public
domain,reference-61982.com,public
domain,poste-suivi.com,public
domain,canada.poste-suivi.com,public
domain,pay-recoveryreliefcanada.ca,public
domain,natural-resources-canada.com,public
domain,mybellutilityprofile.com,public
domain,blueline600.online,public
domain,www.blueline600.online,public
domain,www.mybellutilityprofile.com,public
domain,contravention-license91.city,public
domain,aupost-idupdate.com,public
domain,license-online91.city,public
domain,aupostal-idonline.com,public
domain,accept-interac.org,public
domain,et-lntrc-secure-dep.cc,public
domain,mypost-ca.com,public
domain,auposts-idportal-au.com,public
domain,review-comm-info.com,public
domain,www-authentificate-rbc-ca.xyz,public
domain,canada-postauth.com,public
domain,eterac.com,public
domain,client-support-login-gov.org,public
domain,anzassist.ddns.net,public
domain,reviewreferral.net,public
domain,mypostcanaba.online,public
domain,tl-dns.info,public
domain,interac-etransfer.tl-dns.info,public
domain,walmart-reward-dollars.ca,public
domain,walmart-reward.ca,public
domain,can-post.net,public
domain,reward-member.ca,public
domain,bendigo-4secure.com,public
domain,sgw034-can.com,public
domain,verify-my-gov-services.org,public
domain,netflix-validate.com,public
domain,my.user-client-page.com,public
domain,anzsecure.ddns.net,public
domain,interac-deposit.et-sh.help,public
domain,mygovlogatto.info,public
domain,xn--500gouvdpot-ibb.world,public
domain,accinfosec.info,public
domain,redelivery-postalnz.com,public
domain,www.post-delivery-nz.com,public
domain,govca-depositforum11.com,public
domain,patikrinti-prisijungti-seb.com,public
domain,totta.cliente-confirmar.com,public
domain,revolut-helpsupport.com,public
domain,postescanada.info-profile.com,public
domain,lieferung-postag-at.com,public
domain,lhv-kinnitada.top,public
domain,canadapost.info-profile.com,public
domain,anpostdelivery-infocharge.com,public
domain,anpostcustomer-service.com,public
domain,anpost-customs-duty.com,public
domain,www.postcan-deliv1.top,public
domain,online-interac.com,public
domain,scheduleditems-ca1.com,public
domain,info.xpressposte.ca,public
domain,ca.xpressposte.ca,public
domain,qc.xpressposte.ca,public
domain,can-schedule.ca,public
domain,delivertrackerau.info,public
domain,portal-clientel.com,public
domain,anpostcustomer-services.com,public
domain,nab-secure.info,public
domain,mydeliveryprofile-canpost.com,public
domain,canada-agency-income.ca,public
domain,www.cellinvoice.ca,public
domain,www.cagovportal5.info,public
domain,cagovportal5.info,public
domain,interacverif.com,public
domain,anpostdeliveryalert.com,public
domain,mygovnewlogato.sytes.net,public
domain,sercanvqc.com,public
domain,can-cstcoreturn.com,public
domain,canada-cstcoreturn.com,public
domain,cstcoreturn.com,public
domain,cstcoreturns-canada.com,public
domain,cadelaysitems1.com,public
domain,post.nzdetails.net,public
domain,cstcoreturns.com,public
domain,canadatrackingstatus.ca,public
domain,canadaparceltracking.ca,public
domain,amazonverify.info,public
domain,canadapoststatuseta.ca,public
domain,canadapostpackagestatus.ca,public
domain,canadapostdeliverystatus.ca,public
domain,postcanada-product.ca,public
domain,rbcci.top,public
domain,cellinvoice.ca,public
domain,tondepot-qc.ca,public
domain,rgr-return.site,public
domain,cp034-can.com,public
domain,issueca-ver1.com,public
domain,canadarevenueagency-help.com,public
domain,t-provc4services.com,public
domain,anz-online.net,public
domain,transfer-easyweb12.ca,public
domain,txlartpro-vider.com,public
domain,infopostcanada.ca,public
domain,e-tran4065.info,public
domain,e-tran40655.info,public
domain,updateinfoprimes.com,public
domain,apay-reactivateonline.com,public
domain,amzonprlmeverify.online,public
domain,redeliver-auspost.info,public
domain,canapos-posescana.com,public
domain,netflixsharepasswords.ca,public
domain,netflixsharingpasswords.ca,public
domain,netflixsharepasswords.com,public
domain,re-viewcanpo1.com,public
domain,netflixsharingpasswords.com,public
domain,telussecured.com,public
domain,nzpost.co.nz-parcelhub.com,public
domain,mycanaclaposte.online,public
domain,canadapost-product.ca,public
domain,delivery-fee-auspost.com,public
domain,onlinegreenbanking.com,public
domain,bendigo-security4.com,public
domain,comm-info-review.com,public
domain,ontariotrilliumbenef.ca,public
domain,www-rbc-online-myverification.xyz,public
domain,maildeliveryrequest.info,public
domain,cangovtransit.com,public
domain,gomecillo.online.,public
domain,haupacktracc4u.com,public
domain,aupacktracc4u.com,public
domain,billing-mytelus.serveirc.com,public
domain,nab-secure.net,public
domain,auspost-reschedule.link,public
domain,assessment-form.com,public
domain,review-clients-login-personal.org,public
domain,bendigo-supporthelpdesk.com,public
domain,first-horizon-account-secureb01-auth.com,public
domain,mygov-secureupdate.com,public
domain,postupdatenewredelivery1.shop,public
domain,mygstauth.com,public
domain,gstauthcontribution.com,public
domain,servretgst.com,public
domain,interac-transfer.life,public
domain,accept-interac-transfer.life,public
domain,accept-interac-transfer.info,public
domain,accept-etransfer.life,public
domain,suncorp.group-val-sc.com,public
domain,accept-etransfer.info,public
domain,auportal-tracking23.com,public
domain,commbank-alert.info,public
domain,netbank-security.net,public
domain,voiceid-anz.app,public
domain,voiceid-anz.com,public
domain,voiceid-anz.info,public
domain,voiceid-anz.com.au,public
domain,lnterac-transferdeposit.info,public
domain,my.client-user-portal.com,public
domain,weqwasd-emtzer2.com,public
domain,2023-settlement.com,public
domain,postoffice-supportonline.com,public
domain,mobil-post-auth.info,public
domain,online-toll-payment.com,public
domain,www-rbc-avoid-account-suxspension.xyz,public
domain,anpostdelivery-chargefee.com,public
domain,anpost-customer-services.com,public
domain,revolutappi.com,public
domain,redelivery-post-nz.com,public
domain,secure-duty-payment.com,public
domain,gebuhr-post-at.com,public
domain,myinterac-payments.com,public
domain,hse-healthcentre.com,public
domain,www-authen-bmo-online-ca.xyz,public
domain,anpost-customsfeepackage.com,public
domain,canadapost-product.co,public
domain,enlnet4xgvr.ca,public
domain,manage-auspostdelivery.online,public
domain,verify.nab-secure.info,public
domain,instagram.drawoutsonline.com,public
domain,www.postcan-parcel1.top,public
domain,canadapstschedule.info,public
domain,canadapst-schedule.info,public
domain,post-at-herbezorging.com,public
domain,anpostdelivery-charge.com,public
domain,anpost-customs-duties.com,public
domain,mycanadapost.co,public
domain,anpost-customer-service.com,public
domain,netlfix4-update.online,public
domain,product-postcanada.ca,public
domain,product-postcanada.co,public
domain,myassessment-forums.com,public
domain,postcan-attempt.ca,public
domain,amazon.ref521.com,public
domain,govt.nz-tax-review.com,public
domain,cpcanpostes02.com,public
domain,duty-fee-ie.com,public
domain,canadapost-postescanada.scheduleparcel.com,public
domain,postcanada.scheduleparcel.com,public
domain,canadapost-postescanada.deliverynotice.online,public
domain,postcanada.deliverynotice.online,public
domain,canadapost-postescanada.pendingparcel.online,public
domain,postcanada.pendingparcel.online,public
domain,canadapost.deliverynotice.online,public
domain,canadapost.pendingparcel.online,public
domain,canadapost.scheduledelivery.online,public
domain,canadapost.scheduleparcel.com,public
domain,postcanada.scheduledelivery.online,public
domain,canadapost-postescanada.scheduledelivery.online,public
domain,notiify-me.com,public
domain,interac-online.com,public
domain,pstcan.com,public
domain,l1nt3rc.cc,public
domain,mygov.solutions,public
domain,return-rgr-inc.site,public
domain,deliveryreschedulepostcan.com,public
domain,bank-austria-unicredit.com,public
domain,nzposts.online,public
domain,accountlogin-depositclaim-cad.com,public
domain,notifyme-cad.com,public
domain,td.idaccess-auth.com,public
domain,tracexpress.technicalhelpers.info,public
domain,webmobilepay.com,public
domain,crgcdeposit2023.info,public
domain,city91.online,public
domain,secure.serviceontariocanada.com,public
domain,serviceontariocanada.com,public
domain,billerrors.com,public
domain,www.traceyourpacc.tech,public
domain,mygov-update-au.com,public
domain,notifyme-cadpost.com,public
domain,www-bmo-online-support.xyz,public
domain,rogers.myapp-id.com,public
domain,suncorp.group-val.com,public
domain,11001int-etr.ca,public
domain,suncorp.group-sc-val.com,public
domain,myf1d0-1nt3r4c.info,public
domain,digitalcommbank.com,public
domain,infosecuredata.com,public
domain,www.postcan-delivparcl1.top,public
domain,clerk0047-visitportal.info,public
domain,etransfer.life,public
domain,apayrestore-online.com,public
domain,www-auth-bmo-online-ca.xyz,public
domain,mobibendigo.com,public
domain,authrrbc-royalbank.com,public
domain,www.reschedulemisseditem.com,public
domain,details-comm.com,public
domain,secure-rbc.org,public
domain,reschedule-deliv-mail.info,public
domain,nab.e-netalert.com.au,public
domain,ctns-supportcntr.pro,public
domain,gst.rogersdep.site,public
domain,verfiy.account-secure.life,public
domain,kihtxverift.org,public
domain,anpostdeliveries.com,public
domain,canada-wholesale.info,public
domain,my-membership.info,public
domain,postoffice-online-support.com,public
domain,toll-online-payment.com,public
domain,anpostdelivery-services.com,public
domain,costcoannual-rewards.com,public
domain,totta.confirmar-cliente.com,public
domain,anpostdelivery-chargealert.com,public
domain,netbank-support.com,public
domain,bendigo-security3.com,public
domain,anzonline-support.com,public
domain,totta.pt-confirmar-cliente.com,public
domain,bankid-mobil.com,public
domain,www.amazoninfosetup.com,public
domain,enetalert.ddns.net,public
domain,eflow.ie-toll.com,public
domain,myaccount-atcanaclapost.online,public
domain,rewards-amaznhub.cc,public
domain,costco-cashback.com,public
domain,autodeposits.ca,public
domain,faileddeposit.ca,public
domain,anpost-customsfeeparcel.com,public
domain,trackinghub-ie.com,public
domain,anpost.trackinghub-ie.com,public
domain,myserviceatcanaclapost.online,public
domain,e-tran1043.info,public
domain,e-tran10433.info,public
domain,eteracc.com,public
domain,ccanapos-info.ca,public
domain,postecan-express.com,public
domain,postecan-01livraison.com,public
domain,www.postcan-reschedlparcl1.top,public
domain,tllusmob6ile.cc,public
domain,postoffice-support-online.com,public
domain,postag-paketzustellung.com,public
domain,missed-shipment.com,public
domain,www-bmo-myaccount-online.xyz,public
domain,recovery-relief.ca,public
domain,anpost-pending-start.com,public
domain,www.tr-ns.com,public
domain,anpost-express-delivery.com,public
domain,mobil-amzon-prime.co,public
domain,anz-alert.ddns.net,public
domain,www.postcan-secur1.top,public
domain,cp1sercc.site,public
domain,delivery-nzparcel.com,public
domain,cninfopost1.com,public
domain,depos-itonline.info,public
domain,etfreturn.ca,public
domain,parcelreschedulecanadapost.ca,public
domain,redeliverycanadapost.ca,public
domain,reschedulecanadapost.ca,public
domain,www-authentification-bmo-account.xyz,public
domain,trackingcanadapost.ca,public
domain,appiepay.ddns.net,public
domain,subscriptionerror.info,public
domain,et-intdep77sh.com,public
domain,interaccesstransfer.com,public
domain,et10121.com,public
domain,revcanada-directfunds-website.com,public
domain,mymobi-navig.info,public
domain,trackyour-packagestatus.com,public
domain,e-tran29966.info,public
domain,e-tran2996.info,public
domain,redelivery-postal-au.com,public
domain,commbank-alert.ddns.net,public
domain,info-comm-access.com,public
domain,executive-reward-members.ca,public
domain,member-coupon-executive.ca,public
domain,reward-member-executive-coupon.ca,public
domain,executive-member-reward-coupons.ca,public
domain,client-executive-reward-coupon.ca,public
domain,manage-executive-coupon-reward.ca,public
domain,postcan-billingcredit.com,public
domain,canadapostes.net,public
domain,natural-resources-canada-inc.com,public
domain,canpost-postescanada.com,public
domain,online52.sbs,public
domain,bell-mybell.com,public
domain,amazonaccess.ca,public
domain,ca-benefits.com,public
domain,bendigo-online05.com,public
domain,securebnz.cloud,public
domain,apay-renewonline.com,public
domain,cajemar.es,public
domain,toll-online-service.com,public
domain,post.at-tarife.co,public
domain,postoffice-onlinquery.com,public
domain,postnord-mobil.com,public
domain,netbank2-security.com,public
domain,netfllix.es,public
domain,co-op.upgradesetup.com,public
domain,secure34s-saska1chewan.us,public
domain,netfilx-sharing.club,public
domain,online-secureapplepay-verify-au.com,public
domain,rev.rogersupcad.site,public
domain,cra.rogersupcad.site,public
domain,e-trnsfr8492.info,public
domain,anpostdeliveriesfeecharge.com,public
domain,signin-ausgovhelp.com,public
domain,subscriptionerror.ca,public
domain,anpost-net.com,public
domain,anpost-express.com,public
domain,login-mygovau-online.com,public
domain,bell-canada.ddns.net,public
domain,aut.securelogin-ee.com,public
domain,date-selectca.info,public
domain,pannebellremboursement.com,public
domain,tvpsaaq-c.com,public
domain,anpostcustomsfeepackage.com,public
domain,secureretrns-ca.net,public
domain,asxqje.secureretrns-ca.net,public
domain,bllmbl-ca.secureretrns-ca.net,public
domain,hxvsj.secureretrns-ca.net,public
domain,retrnsca-mobile.net,public
domain,cbsnxa.retrnsca-mobile.net,public
domain,jzxqu.retrnsca-mobile.net,public
domain,msnd-ca.retrnsca-mobile.net,public
domain,ca-retrnsmobile.net,public
domain,ajsbxz.ca-retrnsmobile.net,public
domain,mblca-bll.ca-retrnsmobile.net,public
domain,wjzb-ca.ca-retrnsmobile.net,public
domain,stop-access.ygto.com,public
domain,e-tran5121.info,public
domain,e-tran51211.info,public
domain,postoffice-online.com,public
domain,op-fipalvelut.com,public
domain,delivery-aupost-track.com,public
domain,pc1-swg792.com,public
domain,can-parcel.com,public
domain,cp-notice.com,public
domain,postescanada.avis-livraison.info-profile.com,public
domain,canadapost-reschedule.info-profile.com,public
domain,anpost-deliverycharge.com,public
domain,interac-emt.ddns.net,public
domain,ontariosavings.info,public
domain,amazon-refund-package.com,public
domain,amazon-valid.com,public
domain,www12-bmo-online-myccount.xyz,public
domain,albertasolveportal.life,public
domain,www.albertasolveportal.life,public
domain,transmit-4a173c.xyz,public
domain,transmit-6a327c.tel,public
domain,bankfee-overcharged.com,public
domain,ship2mentwait.com,public
domain,can1postoffice.com,public
domain,bankingfee-credit.com,public
domain,rbcroyalbankrefundcentral.com,public
domain,reattempt-canadapost.ca,public
domain,costcorewardcenter.com,public
domain,www.myorderaus-resent.com,public
domain,cad.rgrssupportfunds.click,public
domain,rev.rgrssupportfunds.click,public
domain,imagin.click,public
domain,m-mygov-signin.com,public
domain,postexpress.ca,public
domain,postexepress.ca,public
domain,e-tran7703.info,public
domain,e-tran77033.info,public
domain,fpn-status.online,public
domain,fpn-ticket.online,public
domain,apay-suspended.com,public
domain,support-signin-mygovau.com,public
domain,interac-benefit2023.com,public
domain,livpostcad.com,public
domain,atb.form-policy.com,public
domain,costco.reward-dashboard.com,public
domain,refundhqsecureinterac.com,public
domain,canadapost-psotescanada.cc,public
domain,canapost-statusupdate.ca,public
domain,online-secured-services-gov.org,public
domain,cp1src.site,public
domain,cibcstatements.buzz,public
domain,banking4-anz.com,public
domain,online-securewestpacib-auth-au.com,public
domain,post-review.online,public
domain,comm-info-online.com,public
domain,netflx-support.top,public
domain,intreactfundback.com,public
domain,lhv-rahandus.com,public
domain,amazonlogin.cc,public
domain,santandr-portal.online,public
domain,accept-interac.ddns.net,public
domain,anzsms-alert.ddns.net,public
domain,revolut-verify-access.com,public
domain,costco.loyalreward-dashboard.com,public
domain,lnterracin11lnvoice.com,public
domain,anpostcustomsdeliveryfee.com,public
domain,194.146.39.226,public
domain,anpost-delivery-express.com,public
domain,pay-pending.com,public
domain,apple.pay-pending.com,public
domain,postofficecanada-update.info-status.com,public
domain,mail-forward-canada.info-status.com,public
domain,mail-tracking.info-status.com,public
domain,postoffice.info-status.com,public
domain,parcel-auspost.info,public
domain,canpostreschedule.com,public
domain,secure34s-emtca.us,public
domain,royalmail.feereviewal.com,public
domain,gst.supportrgrscad.site,public
domain,rev.supportrgrscad.site,public
domain,e-tran3199.info,public
domain,e-tran31999.info,public
domain,commbank.alert-banking.com.au,public
domain,anpost.my-etrack.com,public
domain,rebate-bell-inc.site,public
domain,canadapostdeliverystatuts.us,public
domain,lnteract-bell.yi985n.com,public
domain,mobilbank-id.com,public
domain,shipmentfees.org,public
domain,services-mygov.info,public
domain,canada-interac-benefit.info,public
domain,manage-anzpayee.online,public
domain,overview-mybell.net,public
domain,bell.mobile-disbursement.com,public
domain,manageid-apple.com,public
domain,greenhomeshelp.com,public
domain,iterac.com,public
domain,www.postca-securdeliv1.info,public
domain,ei-employ-delay.info,public
domain,online-applepay.com,public
domain,royal-bankmyaccount.info,public
domain,bendigo-payment.online,public
domain,bendigo-directdebit.online,public
domain,register-clientapproval.info,public
domain,interacetransfer.cc,public
domain,au-attemptederror.com,public
domain,et1219.com,public
domain,canaposes-poscana.com,public
domain,4ccrbche24-serv.online,public
domain,secure-shipment-tracking.com,public
domain,mobilehelp-ing.com,public
domain,support4-anz.com,public
domain,applepay-suspension.info,public
domain,capsec1.site,public
domain,barc-verify.ddns.net,public
domain,authentic-host.ddns.net,public
domain,www.247clickservice.online,public
domain,bendigo.secure-verify.live,public
domain,my.client-user-page.com,public
domain,bendigo-review.info,public
domain,apay-suspendedau.com,public
domain,my.secure-client-page.com,public
domain,cad-post.ca,public
domain,costco.my-dashboard.ca,public
domain,my.portal-user-update.net,public
domain,santan-pt.cc,public
domain,ie-dutyfee.com,public
domain,update.securelogin-ee.com,public
domain,dbs-check.click,public
domain,rescheduleservicecanadapost.com,public
domain,secureonline-servicesmyg-auth-au.com,public
domain,anpostcustomsdeliverycharge.com,public
domain,www.rebook-myslotfee.com,public
domain,postoffice-onlinequeries.com,public
domain,manage-anz.info,public
domain,my.update-user-details.net,public
domain,anpost.trackhub-duty-fee.com,public
domain,www.shipmentfees.org,public
domain,anpostcustomsfee-pacakage.com,public
domain,scotiaaccess-resetpolicy-gov.com,public
domain,royal.mailfees.org,public
domain,post-securepayment.com,public
domain,anpost-package-deliveries.com,public
domain,postcan-delivrd1.top,public
domain,myservappon.online,public
domain,mybellapp.ca,public
domain,eflow-toll-online.com,public
domain,anpost-expressdelivery.com,public
domain,schedule-mycanpost.com,public
domain,royalmail.co.uk.feereviewal.net,public
domain,royalmail.feereviewal.net,public
domain,transmit-mybell.com,public
domain,canpost-postescan.com,public
domain,www.trn-s2.com,public
domain,info-mybell.net,public
domain,postcan-parcel.com,public
domain,gta-contravention1.info,public
domain,e-tran3019.info,public
domain,e-tran30199.info,public
domain,re-schedulecanpost.com,public
domain,anpost-customsfeepackage.net,public
domain,depositreminder.info,public
domain,freedomclaim.info,public
domain,freedomreminder.info,public
domain,interacfreedom.info,public
domain,securefreedom.life,public
domain,anpostparceldelivery.com,public
domain,pstcand.com,public
domain,malivraisonpostescanada.com,public
domain,llntraec.com,public
domain,1001claimfunds-login-cadweb.com,public
domain,scotia-accesscard-policyupdate-gov.com,public
domain,mynflx-updateuser1.com,public
domain,appllepay-au.online,public
domain,ca-canadaposts.com,public
domain,canpost-parceldelivery.com,public
domain,postcan-parceltracker.com,public
domain,canadaparceltrackingeta.ca,public
domain,canadapostetastatus.ca,public
domain,canadapostdeliverystatuseta.ca,public
domain,managemyaddons.mobi,public
domain,transmail-ref.com,public
domain,official-delivery.ca,public
domain,phonebill-tel.com,public
domain,suivi.shop,public
domain,fpn-status.net,public
domain,status-fpn23.net,public
domain,trackingnumber10440.ink,public
domain,re-enable-appleid.com,public
domain,amzon-details.com,public
domain,secure-amazon-customer-verification.com,public
domain,inter-a25.com,public
domain,servicemybell.net,public
domain,amzonaccountinfo.com,public
domain,direct1392132.top,public
domain,dhlca.direct1392132.top,public
domain,dhlparcel.direct1392132.top,public
domain,dhlpost.direct1392132.top,public
domain,dhltrack.direct1392132.top,public
domain,dhltracking.direct1392132.top,public
domain,parceldhl.direct1392132.top,public
domain,dhlca-tracking239442911.com,public
domain,dhlca-tracking2029669384.com,public
domain,dhlcustoms.com,public
domain,customsdhl.com,public
domain,tracking2443.customsdhl.com,public
domain,tracking99870.dhlcustoms.com,public
domain,reschedule-parcel.ca,public
domain,dhlcustoms.online,public
domain,cadbenefits-notify.com,public
domain,anpostcustomsdelivery.com,public
domain,smart-phonebilling.com,public
domain,auspost-result.com,public
domain,account-cadpost.online,public
domain,applepwalletrestore.com,public
domain,applecheckpsup.com,public
domain,servicesmyg-secure-online-auth.com,public
domain,canadapostservices.store,public
domain,auapplereact.com,public
domain,rogers-mobile.me,public
domain,www.resendmyitem.info,public
domain,carrierssv.online,public
domain,au-redeliver.com,public
domain,etransfertinterac.net,public
domain,reschedule-canpost-delivery.info,public
domain,cad.rogers-dep.click,public
domain,rev.rogers-dep.click,public
domain,suivipostcad.website,public
domain,internet-security-review-comm.org,public
domain,my.secure-apple-wallet.com,public
domain,my.my-gov-secure.com,public
domain,online-checkout.click,public
domain,holdingtrackparcel1.com,public
domain,nab.e.alert-banking.com.au,public
domain,smsconcerningshipment1.com,public
domain,my.info-update-portal.net,public
domain,nab2.alert-banking.com.au,public
domain,alert-banking.com.au,public
domain,anpost-express-support.com,public
domain,anpost-packagecustomsfee.com,public
domain,nab1.ddns.net,public
domain,aus-cba.com,public
domain,royal.mailfees.net,public
domain,authenticate-td.com,public
domain,anz1.ddns.net,public
domain,nab.elerts.com.au,public
domain,costcocashrewards.com,public
domain,royalmail.checkparcel.org,public
domain,personal.secidplc.net,public
domain,royalmail.co.uk.checkparcel.org,public
domain,myinteract.top,public
domain,canada-post.ca,public
domain,shippingpostcanada.co,public
domain,eflow.ie-toll.co,public
domain,postcan-rescdlv.buzz,public
domain,anpostonline-fees.com,public
domain,royalmail.checkfees.org,public
domain,activityalerts.org,public
domain,bellmobilityrefundprogram.info,public
domain,deliverychecks.org,public
domain,lnterac-canada23.com,public
domain,rogers-payref.com,public
domain,costcorewardsclub.com,public
domain,royalmail.deliverychecks.org,public
domain,netflixbillingupdatesupport.ca,public
domain,netflixbillingupdateservice.ca,public
domain,yourtransacatlntero.online,public
domain,netflixbillingupdate.ca,public
domain,scotia-accesscard247-policy-gov.com,public
domain,yourtransacatlntera.online,public
domain,shippingpostcanada.ca,public
domain,netflix-refund.ca,public
domain,scotiabank.2fa-infoalerts.com,public
domain,scotia0nlinebanking.2fa-infoalerts.com,public
domain,2fa-infoalerts.com,public
domain,scotiaupdate.2fa-infoalerts.com,public
domain,eflow-epayment.com,public
domain,malivraisonpostecanada1.com,public
domain,247clickservice.online,public
domain,commbank.elerts.com.au,public
domain,postcan-redirct1.top,public
domain,trackcanadapostshipping.co,public
domain,247goca-privemt.com,public
domain,scotia.0nline-auth.2fa-infoalerts.com,public
domain,oppetoksesta.com,public
domain,cbw.report,public
domain,date-rescheduleca.info,public
domain,ing.elerts.com.au,public
domain,canadapost.notify-prime.com,public
domain,anpost-rfcostoms-parcels.com,public
domain,lnatreac.cc,public
domain,www.ca-netflxsupport.top,public
domain,canadapost-postescanada-tracking.com,public
domain,247reschedule.online,public
domain,canadapostpackage.com,public
domain,frdm-mobi.com,public
domain,mob-bellref.info,public
domain,1malivraisonpostecanada.com,public
domain,1tdsecure.com,public
domain,cadbenefits-notification.com,public
domain,webinterac23-trustca.com,public
domain,qc.bell-offre.com,public
domain,100lnterac-depositfunds-trust.com,public
domain,holdpayments.top,public
domain,postalnotify.com,public
domain,ca.bell-offre.com,public
domain,accessonlinepoint.com,public
domain,www.canadapostservices.store,public
domain,rgr-rebate-innc.site,public
domain,myse-24apprb.cc,public
domain,e100011tr.info,public
domain,delivery-postcan1.top,public
domain,trans-deposit.com,public
domain,mycommbank-auth.com,public
domain,bellmobrefund.org,public
domain,www.instr-ns2.com,public
domain,coupon-annual-member-return.ca,public
domain,url-etrans01web.info,public
domain,in-terac-deposit.ca,public
domain,www.myorder-rebate.com,public
domain,aupostalservicecheck.com,public
domain,costcoannualdep.live,public
domain,apay-suspended.net,public
domain,webcanadapost.ca,public
domain,aus-onlineportal.com,public
domain,dohaha.top,public
domain,pkg-amazon.ca,public
domain,returns.pkg-amazon.ca,public
domain,refund.pkg-amazon.ca,public
domain,www.pkg-amazon.ca,public
domain,billing.pkg-amazon.ca,public
domain,shipping.pkg-amazon.ca,public
domain,aus-onlinereview.com,public
domain,review-anzdirectdebit.info,public
domain,secure-comm-verify-number.com,public
domain,secure-netbank2.com,public
domain,www.adjust-mybillinfo.online,public
domain,inbox-servicemygov.com,public
domain,www.restoremydetails.com,public
domain,my.cancel-payment-help.net,public
domain,applepay.elerts.com.au,public
domain,eflow.ie-toll-pay.com,public
domain,anpostcustomsdeliveries.com,public
domain,www-authen-scotiabank-online-ca.xyz,public
domain,deptrevcan.live,public
domain,help-aib.com,public
domain,cadcanpst2023.com,public
domain,toll-payonline.com,public
domain,executivereward.ca,public
domain,delivery-reschedule-canada-post1.ca,public
domain,canadapostmodify.co,public
domain,postal-al.com,public
domain,meu-santan-pt.cc,public
domain,online-aibsupport.com,public
domain,anz.elerts.com.au,public
domain,fidobonus.ca,public
domain,www.netflixsoftware.com,public
domain,toll-payservice.com,public
domain,canpost-serviceupdates.com,public
domain,post-canserviceaierts.com,public
domain,postcan-deliveryaierts.com,public
